"Run 1:Time(s)","Run 1:Position(m)","Run 1:Velocity(m/s)","Run 1:Acceleration(m/s^2)","Run 1:Position 1(m)","Run 1:Velocity 1(m/s)","Run 1:Acceleration 1(m/s^2)","Run 2:Time(s)","Run 2:Position(m)","Run 2:Velocity(m/s)","Run 2:Acceleration(m/s^2)","Run 2:Position 1(m)","Run 2:Velocity 1(m/s)","Run 2:Acceleration 1(m/s^2)","Run 3:Time(s)","Run 3:Position(m)","Run 3:Velocity(m/s)","Run 3:Acceleration(m/s^2)","Run 3:Position 1(m)","Run 3:Velocity 1(m/s)","Run 3:Acceleration 1(m/s^2)","Run 4:Time(s)","Run 4:Position(m)","Run 4:Velocity(m/s)","Run 4:Acceleration(m/s^2)","Run 4:Position 1(m)","Run 4:Velocity 1(m/s)","Run 4:Acceleration 1(m/s^2)"
0,0.26719699999999996,-0.002477222222221292,0.018113364197523022,0.27165600000000001,0.0013338888888888196,0.017594629629628718,0,0.17904600000000001,-0.0030488888888890388,0.12055814814814909,0.27560049999999997,-0.0043827777777774891,0.14465283950616961,0,0.26685400000000004,-0.012957777777778215,0.0032817901234579497,0.31178699999999998,-0.14291666666666628,-0.17997972222222428,0,0.28486149999999999,-0.097564444444443954,0.21557126543209371,0.1802465,-0.0097183333333334763,1.057424537037039
0.049999999999999996,0.26702550000000003,-0.0013815277777772591,0.010390570987647245,0.27165600000000001,0.0026677777777776393,0.0067806018518515006,0.049999999999999996,0.178703,0.0024772222222221251,0.1084261111111119,0.275086,0.0029536111111111742,0.13530503086419593,0.049999999999999996,0.26616800000000002,-0.012481388888889305,-0.0046315586419731795,0.304927,-0.15106291666666638,-0.19477953703703907,0.049999999999999996,0.27971650000000003,-0.088655972222222088,0.26177040123456502,0.17784549999999999,0.041017083333333315,1.0831495370370383
0.099999999999999992,0.26702550000000003,-0.00074316666666653574,-0.0021119907407461357,0.27199899999999999,0.0022294999999998844,-0.0033347222222220481,0.099999999999999992,0.178703,0.011776333333333269,0.043319629629630256,0.27560049999999997,0.010461500000000032,0.11010935185185224,0.099999999999999992,0.26565349999999999,-0.012862500000000313,-0.01368824074073737,0.29720950000000002,-0.16246766666666648,-0.19419199074074281,0.099999999999999992,0.27525749999999999,-0.073687833333333216,0.31322569444444354,0.18179000000000001,0.10089916666666666,1.0626489351851858
0.14999999999999999,0.26702550000000003,-0.0012386111111111393,-0.017695200617287431,0.2718275,0.0024772222222220939,-0.014058765432098039,0.14999999999999999,0.180418,0.011242777777777734,-0.086935679012345043,0.27628649999999999,0.015244444444444611,0.06446070987654437,0.14999999999999999,0.26496749999999997,-0.014577499999999957,-0.0090513888888861787,0.28863450000000002,-0.17292916666666655,-0.14618257716049629,0.14999999999999999,0.27217050000000004,-0.055356388888888636,0.33146609567901025,0.18847849999999999,0.15349249999999995,0.95084575617284084
0.19999999999999998,0.26702550000000003,-0.0037158333333335417,-0.010962237654322589,0.27234199999999997,0.0010480555555555013,-0.027058888888887491,0.19999999999999998,0.180418,0,-0.15465700617283881,0.27731549999999999,0.016578333333333556,0.02332188271604976,0.19999999999999998,0.26411000000000001,-0.014768055555555467,0.01767932098765421,0.27971650000000003,-0.17931277777777785,-0.046680817901237098,0.19999999999999998,0.26994100000000004,-0.039254444444444543,0.32350510802468813,0.19825399999999999,0.19112722222222236,0.91342276234568043
0.24999999999999997,0.266511,-0.0036205555555557686,0.018039259259259765,0.27199899999999999,-0.0015244444444443654,-0.016218395061727557,0.24999999999999997,0.180418,-0.011433333333333295,-0.081970648148147585,0.27800150000000001,0.016197222222222463,0.0084797222222209659,0.24999999999999997,0.26342399999999999,-0.013243611111111256,0.05833117283950609,0.27045550000000002,-0.17921750000000025,0.08771907407407338,0.24999999999999997,0.26822600000000002,-0.023247777777778051,0.30718614197530753,0.20682900000000001,0.23857555555555574,0.96691064814814787
0.29999999999999999,0.266511,-0.00085750000000007901,0.02890092592592702,0.27199899999999999,-0.00076222222222218272,-0.00063518518518515359,0.29999999999999999,0.178703,-0.011814444444444386,0.064047839506173154,0.27885900000000002,0.016864166666666781,0.0075692901234538324,0.29999999999999999,0.26273799999999997,-0.0098136111111110959,0.11581543209876655,0.26136599999999999,-0.16997555555555566,0.21553950617284004,0.29999999999999999,0.26754,-0.0070505555555557759,0.25677361111111258,0.22140650000000001,0.29707611111111115,0.84696651234567832
0.34999999999999998,0.266511,0.00066694444444437902,0.014344598765432969,0.27199899999999999,-0.0010480555555555013,0.0055578703703700813,0.34999999999999998,0.178703,-0.0010480555555555013,0.13296543209876568,0.27971650000000003,0.017149999999999822,0.0048697530864173786,0.34999999999999998,0.2622235,-0.0018102777777776842,0.17165879629629666,0.25330550000000002,-0.1559697222222223,0.3160046296296295,0.34999999999999998,0.26771149999999999,0.0047638888888888896,0.16350725308642147,0.23787050000000001,0.33089972222222225,0.5604979938271607
0.39999999999999997,0.26668249999999999,0.00028583333333331856,0.0023290123456799366,0.2718275,-9.5277777777772854e-05,0.0074634259259255429,0.39999999999999997,0.178703,0.0074316666666668077,0.085432407407406638,0.28057399999999999,0.017435833333333112,-0.0023819444444443962,0.39999999999999997,0.26239499999999999,0.0092419444444444918,0.19156126543209825,0.24575949999999999,-0.13948666666666687,0.43065555555555596,0.39999999999999997,0.26839750000000001,0.0090513888888889161,0.071564197530864349,0.2546775,0.35557666666666682,0.20055972222222165
0.44999999999999996,0.266511,0.00019055555555557653,0.0023290123456799535,0.27199899999999999,0.00047638888888886427,-0.0044992283950614966,0.44999999999999996,0.17973200000000003,0.010766388888888841,-0.023554783950618701,0.2814315,0.017721666666666615,-0.026518981481480842,0.44999999999999996,0.2632525,0.018960277777777788,0.18155709876543116,0.23889949999999999,-0.11366638888888898,0.5503350308641991,0.44999999999999996,0.26874049999999999,0.0098136111111111288,0.011697993827158968,0.27457150000000002,0.35376638888888889,-0.20431790123456969
0.49999999999999994,0.26668249999999999,0.00038111111111118384,0.0055049382716058524,0.27199899999999999,-0.00095277777777772854,-0.0090513888888884026,0.49999999999999994,0.18058949999999999,-0.00047638888888897318,-0.037243024691358491,0.2824605,0.015625555555555396,-0.0650429629629619,0.49999999999999994,0.26445299999999999,0.026106111111111024,0.19066141975308593,0.23409749999999999,-0.081557777777777785,0.61374768518518674,0.49999999999999994,0.26925500000000002,0.010956944444444278,-0.060554320987656514,0.29120699999999999,0.32794611111111099,-0.46887253086419883
0.54999999999999993,0.266511,0.0011433333333335514,0.002805401234567208,0.2718275,-0.0012386111111110465,0.0012174382716049778,0.54999999999999993,0.17887450000000002,0.002000833333333276,0.039709660493827147,0.28314649999999997,0.010480555555555568,-0.088417777777775861,0.54999999999999993,0.26565349999999999,0.036872499999999898,0.21733919753086497,0.23083899999999999,-0.050020833333333244,0.62968024691358127,0.54999999999999993,0.27011249999999998,0.0060977777777774288,-0.16991203703703706,0.3071565,0.30117305555555535,-0.61824691358024575
0.59999999999999998,0.26685400000000004,0.0010480555555555323,-0.0064577160493844545,0.2718275,-0.00057166666666663701,0.0092101851851851702,0.59999999999999998,0.18058949999999999,0.0078127777777776668,0.04317141975308722,0.28348950000000001,0.0054308333333334844,-0.083272777777777099,0.59999999999999998,0.26805449999999997,0.049163333333333413,0.21829197530864267,0.22912399999999999,-0.018579166666666539,0.63465586419753117,0.59999999999999998,0.27028399999999997,-0.0071458333333335178,-0.25788518518518283,0.32156249999999997,0.26715888888888889,-0.76148117283950312
0.64999999999999991,0.26668249999999999,-0.00028583333333350353,-0.002911265432097999,0.2718275,-0.00047638888888883337,0.017732253086419764,0.64999999999999991,0.17990349999999999,0.0096611666666667415,-0.015085648148147607,0.283661,0.0012576666666667313,-0.059231018518518752,0.64999999999999991,0.27062700000000001,0.06040611111111116,0.18293333333333262,0.2289525,0.013243611111111242,0.63190339506172732,0.64999999999999991,0.26942649999999996,-0.022199722222222218,-0.29657854938271333,0.33425349999999998,0.22552250000000026,-0.90048086419752893
0.69999999999999996,0.26668249999999999,0.00076222222222239869,0.0012703703703717431,0.27165600000000001,0.0015244444444444582,0.016673611111111333,0.69999999999999996,0.18179000000000001,0.0076222222222222377,-0.10571069444444538,0.28348950000000001,-0.00057166666666659083,-0.031695740740741184,0.69999999999999996,0.27422849999999999,0.068599999999999883,0.11893842592592567,0.23032450000000002,0.046400277777777769,0.58834027777777587,0.69999999999999996,0.26805449999999997,-0.037825277777777611,-0.30541820987654161,0.3445435,0.1745488888888892,-0.99115354938271727
0.74999999999999989,0.26685400000000004,0.00028583333333341093,-0.0020643518518519348,0.27199899999999999,0.0027630555555556904,-0.010057098765432608,0.74999999999999989,0.1809325,-0.0047638888888889919,-0.18591870370370564,0.28348950000000001,-0.00057166666666663712,-0.012767222222222943,0.74999999999999989,0.27765849999999997,0.072601666666666662,0.043933641975309322,0.2337545,0.075459999999999819,0.48094104938271526,0.74999999999999989,0.26565349999999999,-0.053355555555555441,-0.29160293209876442,0.35157500000000003,0.12414694444444456,-1.0303233024691394
0.79999999999999993,0.26668249999999999,0.0002858333333334111,-0.001852623456790525,0.27217050000000004,9.5277777777772813e-05,-0.026995370370372074,,,,,,,,0.79999999999999993,0.28160299999999999,0.073268611111111104,-0.037528858024690442,0.23838499999999999,0.094610833333333158,0.36565493827160678,0.79999999999999993,0.26273799999999997,-0.068409444444444176,-0.24729876543209831,0.35706300000000002,0.071648888888888637,-1.0566834876543225
0.84999999999999998,0.26685400000000004,0.0005716666666668223,-0.0087867283950641192,0.27199899999999999,-0.0023819444444445992,-0.001799691358025625,,,,,,,,0.84999999999999998,0.28520449999999997,0.068885833333333465,-0.11930895061728358,0.24335849999999998,0.1094741666666668,0.28747422839506442,0.84999999999999998,0.25862200000000002,-0.079461666666666417,-0.17737546296296491,0.35894949999999998,0.016006666666666548,-1.033446296296296
0.89999999999999991,0.26685400000000004,-0.00095277777777803688,-0.0077810185185207418,0.27165600000000001,-9.527777777786539e-05,0.023607716049382586,,,,,,,,0.89999999999999991,0.28863450000000002,0.060787222222222291,-0.19097901234567985,0.24918950000000001,0.12452805555555585,0.18981450617283943,0.89999999999999991,0.25450600000000001,-0.084987777777777773,-0.12301419753086702,0.35826350000000001,-0.03277555555555562,-0.98644259259259248
0.94999999999999996,0.26668249999999999,-0.0010480555555558407,0.0076222222222238345,0.27199899999999999,0.0020961111111109719,0.011962654320987977,,,,,,,,0.94999999999999996,0.29137849999999998,0.049734999999999883,-0.25942021604938198,0.25622100000000003,0.13091166666666665,0.055366975308641105,0.94999999999999996,0.25021850000000001,-0.090895000000000101,-0.077916049382718219,0.35569099999999998,-0.081271944444444591,-0.95309537037037007
0.99999999999999989,0.26668249999999999,9.5277777777772854e-05,0.017044135802472861,0.27199899999999999,0.0020008333333332317,-0.016832407407406092,,,,,,,,0.99999999999999989,0.29377949999999997,0.034776388888889086,-0.32367978395061597,0.26273799999999997,0.12824388888888899,-0.046103858024691337,0.99999999999999989,0.24541650000000001,-0.095277777777778072,0.011750925925926073,0.35020299999999999,-0.12957777777777779,-0.88491882716049286
1.0499999999999998,0.26668249999999999,0.0014291666666669629,0.011115740740742662,0.27234199999999997,-0.00076222222222218283,-0.026042592592591132,,,,,,,,1.0499999999999998,0.29498000000000002,0.016673611111111299,-0.37232438271604956,0.26908350000000003,0.1232894444444446,-0.095542438271606467,1.0499999999999998,0.24027149999999997,-0.091276111111111211,0.12920725308642225,0.3424855,-0.17226222222222212,-0.76312206790123349
1.0999999999999999,0.26685400000000004,0.0020008333333335982,-0.0087867283950631824,0.2718275,-0.0020961111111110009,-0.006881172839505692,,,,,,,,1.0999999999999999,0.29549449999999999,-0.0029536111111109872,-0.40620092592592655,0.27491450000000001,0.11938305555555544,-0.15202098765432268,1.0999999999999999,0.235984,-0.080604999999999843,0.21977407407407512,0.33271000000000001,-0.20789611111111098,-0.5970740740740732
1.1499999999999999,0.26702550000000003,9.5277777777803699e-05,-0.019161419753088937,0.27199899999999999,-0.00095277777777772767,0.00762222222222234,,,,,,,,1.1499999999999999,0.29480850000000003,-0.024962777777777667,-0.41620509259259419,0.28126000000000001,0.11052222222222213,-0.24518148148148211,1.1499999999999999,0.232211,-0.068028333333333288,0.28763302469135715,0.32121949999999999,-0.23257305555555538,-0.41863996913580309
1.2,0.26685400000000004,-0.0015244444444446105,-0.0017467592592596249,0.2718275,-0.00095277777777769688,0.0131271604938274,,,,,,,,1.2,0.29292200000000002,-0.045733333333333466,-0.39990200617284088,0.28640500000000002,0.093467499999999773,-0.31468132716049296,1.2,0.22912399999999999,-0.053069722222222254,0.37094814814814731,0.30904300000000001,-0.24762694444444433,-0.28022253086420051
1.25,0.26668249999999999,0,0.014450462962964759,0.2718275,0.0002858333333334111,0.016144290123457059,,,,,,,,1.25,0.29017799999999999,-0.065170000000000089,-0.37348888888888943,0.29052099999999997,0.076508055555555551,-0.33871249999999825,1.25,0.22655149999999999,-0.031155833333333372,0.45495138888888897,0.296352,-0.25906027777777813,-0.16641851851852016
1.2999999999999998,0.26685400000000004,0.0016197222222224181,0.0021702160493834101,0.2718275,0.001715000000000191,0.00079398148148042901,,,,,,,,1.2999999999999998,0.28640500000000002,-0.083844444444444555,-0.33056095679012354,0.29395100000000002,0.060501388888888973,-0.3687779320987648,1.2999999999999998,0.2258655,-0.0057166666666666971,0.50682484567901265,0.28297499999999998,-0.26515805555555577,-0.026624845679009607
1.3499999999999999,0.26702550000000003,0.0002858333333334111,-0.013074228395062623,0.27217050000000004,0.00028583333333331856,-0.012227314814817191,,,,,,,,1.3499999999999999,0.28160299999999999,-0.098612500000000144,-0.27916388888888738,0.29686649999999998,0.039635555555555646,-0.39169753086419773,1.3499999999999999,0.22603699999999999,0.019913055555555489,0.54969984567901276,0.2697695,-0.26649194444444418,0.20220061728395225
1.3999999999999999,0.26685400000000004,-0.00085749999999995476,-0.0089455246913595372,0.2718275,-0.00076222222222245952,-0.0031759259259263304,,,,,,,,1.3999999999999999,0.27645799999999998,-0.11128444444444431,-0.23062515432098651,0.29789550000000004,0.01905555555555561,-0.37232438271605089,1.3999999999999999,0.22775199999999998,0.04830583333333336,0.60178503086419843,0.25536350000000002,-0.24791277777777768,0.48178796296296073
1.45,0.26685400000000004,-0.00057166666666672971,-0.0031229938271624519,0.27199899999999999,-9.5277777777834599e-05,0.0076751543209892803,,,,,,,,1.45,0.27045550000000002,-0.12233666666666661,-0.16387777777777876,0.2985815,0.0018102777777775306,-0.33670108024691348,1.45,0.2306675,0.080509722222222316,0.63650848765432222,0.24421599999999999,-0.212755277777778,0.6585282407407399
1.4999999999999998,0.26685400000000004,-0.0010480555555558108,0.0014291666666661313,0.2718275,0.00047638888888892607,0.0095807098765448243,,,,,,,,1.4999999999999998,0.26411000000000001,-0.12976833333333349,-0.058331172839505917,0.29806699999999997,-0.014482222222222131,-0.29784891975308442,1.4999999999999998,0.23564099999999999,0.11519083333333346,0.606601851851852,0.23426900000000001,-0.17778833333333344,0.74401358024691477
1.5499999999999998,0.26668249999999999,-0.0003811111111112148,0.0048697530864206025,0.27199899999999999,0.0017150000000001871,-0.0032817901234567189,,,,,,,,1.5499999999999998,0.25707849999999999,-0.12900611111111099,0.063518518518519446,0.29703800000000002,-0.028297499999999785,-0.25190385802469123,1.5499999999999998,0.24250099999999999,0.14396472222222226,0.520481327160493,0.22620850000000001,-0.13758111111111113,0.79551651234567922
1.5999999999999999,0.26685400000000004,-0.00028583333333341077,0.0036523148148156098,0.27217050000000004,9.527777777780374e-05,-0.014979783950618565,,,,,,,,1.5999999999999999,0.25090450000000003,-0.121288611111111,0.15165046296296192,0.29515150000000001,-0.03992138888888886,-0.20055972222222343,1.5999999999999999,0.25039,0.1658786111111111,0.44579413580246902,0.220549,-0.097659722222222259,0.82272361111111036
1.6499999999999999,0.26668249999999999,-0.00057166666666682122,0.010956944444446946,0.27199899999999999,-0.0013338888888890033,-0.001587962962962804,,,,,,,,1.6499999999999999,0.2450735,-0.11357111111111119,0.23115447530864075,0.29292200000000002,-0.04859166666666672,-0.14249320987654371,1.6499999999999999,0.258965,0.18798305555555561,0.3691484567901242,0.2162615,-0.054594166666666777,0.82738163580246882
1.7,0.26668249999999999,0.0010480555555558108,0.01280956790123714,0.2718275,0.00047638888888905032,0.0036523148148146904,,,,,,,,1.7,0.2392425,-0.09956527777777785,0.3271733024691359,0.29017799999999999,-0.054213055555555556,-0.081144907407407457,1.7,0.26925500000000002,0.20656222222222242,0.22316172839506151,0.21506099999999997,-0.011623888888888908,0.76778009259259361
1.7499999999999998,0.26685400000000004,0.0014291666666669638,0.0017467592592586452,0.27217050000000004,0.00038111111111106154,-0.011909722222223813,,,,,,,,1.7499999999999998,0.23478350000000001,-0.07889000000000003,0.38608672839506214,0.28743400000000002,-0.057357222222222164,-0.01016296296296405,1.7499999999999998,0.28023100000000001,0.21266000000000004,0.033241358024689464,0.2155755,0.022771388888888865,0.68774675925925999
1.7999999999999998,0.26685400000000004,0.0012386111111111697,-0.0096336419753102528,0.27199899999999999,-0.00181027777777796,-0.0098453703703704053,,,,,,,,1.7999999999999998,0.23152500000000001,-0.05954861111111117,0.40932391975308641,0.28417550000000003,-0.055165833333333518,0.056796141975307607,1.7999999999999998,0.2910355,0.20741972222222205,-0.11962654320987681,0.21729049999999997,0.056118611111111043,0.61597083333333413
1.8499999999999999,0.26702550000000003,9.527777777780374e-05,-0.013603549382716741,0.2718275,-0.0014291666666666845,0.0062459876543219323,,,,,,,,1.8499999999999999,0.22860949999999999,-0.037444166666666751,0.41784598765432207,0.28177449999999998,-0.049735000000000147,0.089984567901235282,1.8499999999999999,0.30098249999999999,0.19893999999999998,-0.24147623456789938,0.22123499999999999,0.086798055555555628,0.50184922839506318
1.8999999999999999,0.26685400000000004,-0.00085749999999995671,-0.0031229938271608981,0.2718275,-0.00047638888888889511,0.012439043209877328,,,,,,,,1.8999999999999999,0.22775199999999998,-0.014863333333333187,0.39185632716049484,0.2793735,-0.046209722222222201,0.12116157407407468,1.8999999999999999,0.31110100000000002,0.18512472222222243,-0.38899799382715999,0.22655149999999999,0.10642527777777794,0.38052885802469244
1.9499999999999997,0.26685400000000004,-0.00019055555555554568,0.0074104938271599896,0.2718275,9.527777777780374e-05,0.012174382716050258,,,,,,,,1.9499999999999997,0.22792350000000003,-0.0039063888888888178,0.47236604938271515,0.27697250000000001,-0.03896861111111119,0.16906512345679023,1.9499999999999997,0.320019,0.16044777777777786,-0.54154830246913699,0.23186799999999999,0.12376583333333353,0.27069475308641922
1.9999999999999998,0.26685400000000004,0.00028583333333331889,0.0094219135802462908,0.2718275,0.00057166666666673036,0.011909722222223256,,,,,,,,1.9999999999999998,0.22638,0.025439166666666541,0.6635038580246907,0.27525749999999999,-0.028011666666666754,0.1913495370370378,1.9999999999999998,0.3273935,0.12919666666666663,-0.66382145061728348,0.23907100000000001,0.13596138888888892,0.123172993827159
2.0499999999999998,0.26685400000000004,0.0012386111111110478,-0.00026466049382772573,0.2718275,0.0019055555555557676,0.001270370370370215,,,,,,,,2.0499999999999998,0.2296385,0.069648055555555574,0.71304830246913598,0.27422849999999999,-0.017626388888888813,0.17324675925925981,2.0499999999999998,0.33305299999999999,0.093562777777777897,-0.77090308641975203,0.2461025,0.13548499999999999,-0.0025936728395073139
2.0999999999999996,0.26702550000000003,0.0008574999999999243,-0.019849537037037502,0.27217050000000004,0.0006669444444445024,-0.0093689814814830411,,,,,,,,2.0999999999999996,0.2337545,0.10671111111111102,0.56494429012345571,0.27371400000000001,-0.010956944444444424,0.15302669753086337,2.0999999999999996,0.33699750000000001,0.052116944444444709,-0.86612793209876526,0.25279099999999999,0.13148333333333323,-0.053249691358024855
2.1499999999999999,0.26702550000000003,-0.00095277777777785094,-0.032023919753087292,0.2718275,0.00028583333333331824,-0.0078868827160510271,,,,,,,,2.1499999999999999,0.24095749999999999,0.13014944444444432,0.32452669753086405,0.27302799999999999,-0.0031441666666668093,0.14196388888888903,2.1499999999999999,0.33854100000000004,0.0050497222222223572,-0.91688981481481735,0.25913649999999999,0.1278627777777778,-0.069235185185184941
2.1999999999999997,0.26702550000000003,-0.0041922222222224026,-0.010851080246914564,0.27217050000000004,0.00038111111111099866,-0.01249197530864333,,,,,,,,2.1999999999999997,0.24764600000000001,0.13500861111111095,0.15382067901234731,0.27337099999999998,0.0046686111111111745,0.10401157407407513,2.1999999999999997,0.33751200000000003,-0.0425891666666669,-0.90434490740741003,0.26513900000000001,0.12976833333333326,-0.1718175925925923
2.25,0.26633950000000001,-0.0027630555555558131,0.023448919753086744,0.27199899999999999,-0.0016197222222224447,-0.0047638888888886172,,,,,,,,2.25,0.25433449999999996,0.1397725000000001,0.094325000000002254,0.27371400000000001,0.0080986111111111831,0.048062345679012609,2.25,0.33408199999999999,-0.086607500000000295,-0.85861157407407462,0.27302799999999999,0.11509555555555549,-0.34485262345678835
2.2999999999999998,0.26668249999999999,9.5277777777652927e-05,0.023713580246914986,0.2718275,-0.0004763888888889561,0.0095807098765448382,,,,,,,,2.2999999999999998,0.26153750000000003,0.1445363888888892,0.04409243827160398,0.27422849999999999,0.0097183333333333722,-0.01434459876543194,2.2999999999999998,0.32876549999999999,-0.12833916666666698,-0.80218595679012228,0.27731549999999999,0.087941388888889138,-0.38984490740740768
2.3499999999999996,0.266511,0.00028583333333328875,0.0093689814814824843,0.27199899999999999,0,0.012333179012347447,,,,,,,,2.3499999999999996,0.26891199999999998,0.14644194444444425,-0.044304166666668032,0.27491450000000001,0.0063836111111112114,-0.070082098765432199,2.3499999999999996,0.32121949999999999,-0.16797472222222221,-0.71505972222221803,0.28108850000000002,0.071744166666666734,-0.34718163580247136
2.3999999999999999,0.26668249999999999,0.0007622222222221824,-0.002329012345678312,0.2718275,0.00066694444444453276,0.013603549382717801,,,,,,,,2.3999999999999999,0.27645799999999998,0.14186861111111113,-0.16747716049382597,0.27491450000000001,0.0015244444444444567,-0.10110030864197543,2.3999999999999999,0.31178699999999998,-0.20256055555555527,-0.57330756172839259,0.28451850000000001,0.055546944444444309,-0.32590293209876725
2.4499999999999997,0.26668249999999999,-0.00057166666666663658,-0.002593672839505914,0.27199899999999999,0.0020961111111113709,0.00042345679012358348,,,,,,,,2.4499999999999997,0.28348950000000001,0.12891083333333347,-0.27720540123456772,0.275086,-0.0040969444444443528,-0.12190262345679032,2.4499999999999997,0.30046800000000001,-0.22666583333333301,-0.39746712962963088,0.286748,0.038968611111110885,-0.29700200617283928
2.5,0.266511,9.5277777777772745e-05,0.0048168209876540951,0.27217050000000004,0.0011433333333335514,-0.019002623456793263,,,,,,,,2.5,0.28949200000000003,0.11185611111111106,-0.34368811728395054,0.27457150000000002,-0.011147499999999972,-0.13201265432098863,2.5,0.28880600000000001,-0.2415291666666666,-0.23438333333333713,0.28829149999999998,0.024772222222222102,-0.24925725308641766
2.5499999999999998,0.26668249999999999,0.00076222222222218576,-0.0012174382716048755,0.27217050000000004,-0.00085750000000023611,-0.01916141975308961,,,,,,,,2.5499999999999998,0.29463699999999998,0.094134444444444576,-0.39508518518518576,0.2738855,-0.016959444444444579,-0.14630432098765433,2.5499999999999998,0.276115,-0.25077111111111144,-0.070929012345680706,0.28914899999999999,0.012957777777777832,-0.18007499999999774
2.5999999999999996,0.26668249999999999,0,-0.0069341049382712324,0.27199899999999999,-0.0014291666666669627,-0.0059813271604934491,,,,,,,,2.5999999999999996,0.29909600000000003,0.072601666666666675,-0.44420617283950697,0.27302799999999999,-0.025629722222222127,-0.16001373456790058,2.5999999999999996,0.26290950000000002,-0.24467333333333333,0.025724999999999498,0.28932049999999998,0.0066694444444446556,-0.10956944444444298
2.6499999999999999,0.26668249999999999,-0.00076222222222218196,0.00063518518518526623,0.27199899999999999,-0.0013338888888889428,0.0068282407407423938,,,,,,,,2.6499999999999999,0.30201149999999999,0.048591666666666589,-0.47136033950617245,0.27131300000000003,-0.034014166666666602,-0.15165046296296408,2.6499999999999999,0.25227650000000001,-0.24657888888888913,0.10162962962962825,0.28966350000000002,0.0038111111111113435,-0.070135030864197895
2.6999999999999997,0.266511,0,0.010004166666666751,0.2718275,-0.00038111111111112199,0.013444753086420486,,,,,,,,2.6999999999999997,0.303898,0.024962777777777941,-0.48581080246913672,0.269598,-0.041731666666666757,-0.12285540123456973,2.6999999999999997,0.23804199999999998,-0.24219611111111158,0.31039382716049696,0.28983500000000001,-0.00019055555555542539,-0.036364351851853355
2.7499999999999996,0.26668249999999999,0.00095277777777775846,0.0075163580246924719,0.27199899999999999,0.00019055555555554549,0.014185802469135747,,,,,,,,2.7499999999999996,0.30458400000000002,-9.5277777777803591e-05,-0.49237438271605072,0.26702550000000003,-0.046876666666666851,-0.08045679012345737,2.7499999999999996,0.2268945,-0.21608999999999981,0.53715493827160865,0.28949200000000003,-0.001048055555555469,0.012968364197528698
2.7999999999999998,0.26668249999999999,0.00066694444444453276,0.0046050925925949365,0.2718275,0.00085749999999995476,0.015085648148148029,,,,,,,,2.7999999999999998,0.303898,-0.025153333333333489,-0.47808271604938241,0.26479599999999998,-0.049449166666666815,-0.041710493827159828,2.7999999999999998,0.21643300000000001,-0.18493416666666648,0.69589830246913564,0.28949200000000003,0.0022866666666665468,0.041975154320985669
2.8499999999999996,0.26668249999999999,0.0013338888888892199,0.0020114197530878741,0.27199899999999999,0.002763055555555441,-0.001640895061726885,,,,,,,,2.8499999999999996,0.30201149999999999,-0.048877500000000053,-0.44023626543209676,0.26205200000000001,-0.050878333333333407,-0.0030700617283940892,2.8499999999999996,0.20802950000000001,-0.14567972222222214,0.8089612654320969,0.28983500000000001,0.0043827777777775785,0.051714660493827079
2.8999999999999999,0.26685400000000004,0.0012386111111114474,-0.0058225308641987978,0.27234199999999997,0.00066694444444453385,-0.017520524691355004,,,,,,,,2.8999999999999999,0.29892449999999998,-0.070219722222222017,-0.37793518518518471,0.25965099999999997,-0.050401944444444478,0.049597376543210621,2.8999999999999999,0.2011695,-0.095849444444444418,0.77762546296296087,0.2900065,0.0060024999999998751,0.081833024691359682
2.9499999999999997,0.26685400000000004,0.00038111111111121453,-0.0063518518518542446,0.27199899999999999,-0.00047638888888849737,-0.0079398148148138985,,,,,,,,2.9499999999999997,0.29480850000000003,-0.087369722222222237,-0.29880169753086566,0.256907,-0.04706722222222217,0.12327885802469125,2.9499999999999997,0.19979750000000002,-0.06669444444444457,0.73146867283950512,0.29017799999999999,0.011909722222222266,0.11772098765432309
2.9999999999999996,0.26685400000000004,0.00019055555555557636,0.00026466049382505447,0.27217050000000004,0.00038111111111139808,-0.0047638888888918438,,,,,,,,2.9999999999999996,0.2900065,-0.10004166666666674,-0.21739212962962928,0.2546775,-0.0381111111111112,0.19711913580246823,2.9999999999999996,0.19448100000000001,-0.036015000000000262,0.8998986111111108,0.2910355,0.020580000000000192,0.10348225308641945
3.0499999999999998,0.26685400000000004,0.00047638888888883326,0.0035993827160470857,0.27217050000000004,-0.00076222222222236747,-0.0040757716049411126,,,,,,,,3.0499999999999998,0.28469,-0.109283611111111,-0.13211851851851825,0.25296249999999998,-0.025915555555555705,0.24486388888888944,3.0499999999999998,0.19430949999999997,0.026010833333333139,1.0180430555555569,0.29257900000000003,0.023628888888888849,0.058595833333331737
3.0999999999999996,0.26685400000000004,0.0012386111111109223,-0.0064577160493851102,0.27199899999999999,-0.00028583333333341077,-0.00015879629629725063,,,,,,,,3.0999999999999996,0.27885900000000002,-0.11338055555555554,-0.044886419753087388,0.25210499999999997,-0.013053055555555517,0.2792168209876556,3.0999999999999996,0.19773949999999998,0.078127777777777838,0.92154783950617503,0.29343649999999999,0.025248611111111017,0.023131327160493265
3.1499999999999999,0.26702550000000003,0.00095277777777732532,-0.033082561728394945,0.27217050000000004,-0.00038111111111121501,-0.0025407407407416326,,,,,,,,3.1499999999999999,0.27319949999999998,-0.11347583333333339,0.036840740740739571,0.25159049999999999,0.001524444444444489,0.31658688271605046,3.1499999999999999,0.2028845,0.11785861111111129,0.79932762345679109,0.29498000000000002,0.027439999999999961,-0.041498765432098982
3.1999999999999997,0.26719699999999996,-0.0034300000000002319,-0.033082561728391836,0.27199899999999999,-0.00095277777777803992,0.0023819444444451617,,,,,,,,3.1999999999999997,0.26736850000000001,-0.10966472222222236,0.1157095679012342,0.25210499999999997,0.019055555555555707,0.34130617283950704,3.1999999999999997,0.20940150000000002,0.15568388888888915,0.69621589506172799,0.2965235,0.022866666666666573,-0.13529444444444486
3.2499999999999996,0.266511,-0.0046686111111109907,0.0083103395061751625,0.27199899999999999,-0.00019055555555560783,0.0068811728395085188,,,,,,,,3.2499999999999996,0.26205200000000001,-0.10156611111111123,0.18430956790123496,0.25347700000000001,0.037063055555555696,0.33622469135802291,3.2499999999999996,0.21849099999999999,0.19036499999999987,0.54795308641975105,0.2975525,0.012386111111111021,-0.20384151234567849
3.2999999999999998,0.266511,-0.0019055555555554861,0.038375771604938318,0.27199899999999999,9.5277777777834165e-05,0.0054520061728419167,,,,,,,,3.2999999999999998,0.25707849999999999,-0.090323333333333436,0.23316589506172958,0.25587799999999999,0.053831944444444363,0.3034597222222199,3.2999999999999998,0.22912399999999999,0.21170722222222219,0.37788225308641926,0.29772399999999999,0.0010480555555555003,-0.24306419753086303
3.3499999999999996,0.26633950000000001,0.00095277777777775814,0.03488225308641988,0.27199899999999999,0.00066694444444471794,-0.0007410493827151608,,,,,,,,3.3499999999999996,0.25296249999999998,-0.077365555555555479,0.26381358024691448,0.258965,0.067933055555555344,0.25545030864197488,3.3499999999999996,0.23992850000000002,0.22590361111111099,0.23930601851851929,0.29772399999999999,-0.01181444444444441,-0.27657021604938142
3.3999999999999999,0.26668249999999999,0.0024772222222222162,0.009898302469137428,0.27217050000000004,-0.00047638888888873969,-1.0076574991080278e-15,,,,,,,,3.3999999999999999,0.249361,-0.064026666666666607,0.29192052469135771,0.26273799999999997,0.079938055555555373,0.19696033950617564,3.3999999999999999,0.25176199999999999,0.23609833333333333,0.092048919753089306,0.29669499999999999,-0.027535277777777607,-0.29213225308642027
3.4499999999999997,0.26668249999999999,0.0017150000000002834,-0.012544907407406694,0.2718275,0.00028583333333341077,0.0064047839506160319,,,,,,,,3.4499999999999997,0.24644549999999998,-0.048496388888888908,0.3219859567901236,0.26719699999999996,0.087274444444444765,0.1432871913580267,3.4499999999999997,0.26393850000000002,0.23695583333333381,-0.082785802469136527,0.29480850000000003,-0.041064722222222343,-0.30414783950617397
3.4999999999999996,0.26685400000000004,0.00076222222222245898,-0.023078395061731215,0.27217050000000004,0.0014291666666667758,-0.007410493827163067,,,,,,,,3.4999999999999996,0.24438750000000001,-0.030679444444444409,0.3317783950617279,0.27148450000000002,0.093276944444444565,0.10348225308641829,3.4999999999999996,0.27594350000000001,0.22714222222222211,-0.24369938271605252,0.29275049999999997,-0.057357222222222316,-0.32198595679012088
3.5499999999999998,0.26685400000000004,-0.0017150000000001871,-0.011115740740743727,0.27217050000000004,-0.00076222222222249074,-0.014715123456792085,,,,,,,,3.5499999999999998,0.24353,-0.014863333333333445,0.32929058641975317,0.27645799999999998,0.099184166666666559,0.036893672839505974,3.5499999999999998,0.28691949999999999,0.21027805555555545,-0.3613145061728405,0.28914899999999999,-0.074983611111110751,-0.30520648148147961
3.5999999999999996,0.266511,-0.0010480555555558394,0.013497685185185923,0.27199899999999999,-0.0012386111111113848,-0.0016938271604922713,,,,,,,,3.5999999999999996,0.24284399999999998,0.0016197222222222453,0.32955524691358157,0.28177449999999998,0.097945555555555688,-0.046844907407406683,3.5999999999999996,0.29703800000000002,0.19017444444444428,-0.45754506172839499,0.28503300000000004,-0.088513055555555345,-0.27016543209876687
3.6499999999999999,0.26668249999999999,0.00085749999999995476,0.016091358024694635,0.27199899999999999,-0.00095277777777775846,0.011856790123459469,,,,,,,,3.6499999999999999,0.24353,0.020198888888889082,0.28990910493827166,0.28640500000000002,0.092991111111111205,-0.1079285493827164,3.6499999999999999,0.3061275,0.16511638888888869,-0.554940123456788,0.2804025,-0.10318583333333327,-0.20691157407407687
3.6999999999999997,0.26668249999999999,0.0013338888888891614,0.0040228395061745583,0.2718275,0.0007622222222224323,0.011592129629629896,,,,,,,,3.6999999999999997,0.24524500000000002,0.031918055555555616,0.22342638888888758,0.2910355,0.087179166666666738,-0.16917098765432223,3.6999999999999997,0.31384499999999999,0.13396055555555578,-0.63211512345678988,0.27440000000000003,-0.11014111111111125,-0.13624722222222507
3.7499999999999996,0.26685400000000004,0.0011433333333335819,-0.0077810185185206411,0.27217050000000004,0.00095277777777775857,-0.0033347222222236718,,,,,,,,3.7499999999999996,0.24678849999999999,0.041350555555555439,0.17308796296296214,0.295323,0.076984444444444342,-0.24385817901234583,3.7499999999999996,0.31967600000000002,0.099374722222222198,-0.66059259259259295,0.26925500000000002,-0.11519083333333359,-0.1132217592592603
3.7999999999999998,0.26685400000000004,-0.00028583333333350201,-0.0050285493827181378,0.27199899999999999,-0.00038111111111127492,-0.0056637345679007535,,,,,,,,3.7999999999999998,0.249361,0.049830277777777654,0.11597422839506344,0.29892449999999998,0.062502222222222251,-0.31356975308641838,3.7999999999999998,0.32362049999999998,0.066884999999999986,-0.6658328703703692,0.26239499999999999,-0.11452388888888911,-0.19293749999999951
3.8499999999999996,0.26668249999999999,0.00066694444444435159,5.4864243935008139e-16,0.27199899999999999,0.00038111111111128001,-0.0060342592592588879,,,,,,,,3.8499999999999996,0.25210499999999997,0.052307500000000173,0.072940432098767563,0.30166850000000001,0.045066388888889121,-0.37031296296296379,3.8499999999999996,0.3263645,0.034014166666666908,-0.68340632716049476,0.25913649999999999,-0.13415111111111136,-0.24777515432098596
3.8999999999999995,0.26702550000000003,9.5277777777772745e-05,-0.00047638888888740211,0.27217050000000004,-0.00095277777777775846,-0.0052932098765451213,,,,,,,,3.8999999999999995,0.25450600000000001,0.055642222222222489,0.052191049382715092,0.30355500000000002,0.024867499999999942,-0.41054135802469238,3.8999999999999995,0.32722200000000001,-0.0019055555555554879,-0.68488842592592736,0.24953249999999999,-0.15997138888888873,0.05081481481481679
3.9499999999999997,0.26668249999999999,-0.00019055555555545287,0.010692283950618628,0.2718275,-0.00085750000000023232,0.0064577160493818975,,,,,,,,3.9499999999999997,0.25759300000000002,0.05916750000000004,0.0020114197530833131,0.30424099999999998,0.0027630555555555342,-0.4244624999999993,3.9499999999999997,0.32619300000000001,-0.037539444444444479,-0.62825108024691467,0.23992850000000002,-0.13033999999999993,0.36766635802469039
3.9999999999999996,0.26685400000000004,0.0019055555555557637,0.0079398148148144623,0.27199899999999999,0.00047638888888877114,0.0053461419753099955,,,,,,,,3.9999999999999996,0.26068000000000002,0.057452499999999761,-0.073416820987655951,0.30372650000000001,-0.018007499999999857,-0.42324506172839516,3.9999999999999996,0.323106,-0.06631333333333346,-0.53752546296296344,0.23666999999999999,-0.10166138888888897,0.32405030864197432
4.0499999999999998,0.26702550000000003,0.0014291666666666851,-0.0092631172839517818,0.27199899999999999,0,-0.00089984567901043222,,,,,,,,4.0499999999999998,0.26359549999999998,0.050687777777777526,-0.12666651234567719,0.30252600000000002,-0.039730833333333375,-0.41160000000000146,4.0499999999999998,0.31933299999999998,-0.089846944444444451,-0.46389691358024826,0.23135349999999999,-0.096611666666666665,0.24560493827160443
4.0999999999999996,0.26702550000000003,0.00038111111111112248,-0.017996913580247614,0.27199899999999999,-0.00047638888888877433,0.0050814814814827865,,,,,,,,4.0999999999999996,0.26582499999999998,0.042017500000000124,-0.12915432098765234,0.29978199999999999,-0.061263611111111234,-0.36269074074074181,4.0999999999999996,0.31418800000000002,-0.11271361111111146,-0.38778055555555674,0.2268945,-0.090132777777777964,0.37867623456790228
4.1499999999999995,0.26702550000000003,-0.00047638888888889463,-0.0231313271604946,0.2718275,0.00085750000000023611,0.0054520061728383223,,,,,,,,4.1499999999999995,0.26754,0.03734888888888907,-0.11936188271605043,0.29600900000000002,-0.075936388888889025,-0.31203472222222106,4.1499999999999995,0.30784249999999996,-0.13034000000000032,-0.28413950617283518,0.22123499999999999,-0.063931388888888885,0.61422407407407686
4.1999999999999993,0.26702550000000003,-0.0020008333333333479,-0.022813734567902588,0.27217050000000004,0.00085749999999995086,-0.0060342592592619801,,,,,,,,4.1999999999999993,0.269598,0.032013333333333206,-0.13751759259259386,0.292236,-0.090609166666666574,-0.28657438271604624,4.1999999999999993,0.300811,-0.14091583333333288,-0.18293333333332895,0.21969150000000001,-0.020865833333333143,0.71860617283950423
4.25,0.26685400000000004,-0.0037158333333335274,-0.0049226851851865384,0.27199899999999999,-0.00057166666666691023,-0.0034405864197537793,,,,,,,,4.25,0.27096999999999999,0.023057222222222104,-0.14423996913580212,0.28709099999999999,-0.10642527777777742,-0.22649645061728477,4.25,0.29360799999999998,-0.14729944444444404,-0.10226481481481704,0.21969150000000001,0.014768055555555512,0.6861058641975285
4.2999999999999998,0.266511,-0.0028583333333335914,0.019002623456790657,0.27199899999999999,-9.2084904516435514e-17,0.0073046296296308136,,,,,,,,4.2999999999999998,0.2718275,0.015530277777777704,-0.11533904320987615,0.28126000000000001,-0.11547666666666682,-0.12724876543210245,4.2999999999999998,0.28606199999999998,-0.15158694444444454,-0.016197222222226346,0.22140650000000001,0.046400277777777797,0.64968858024691523
4.3499999999999996,0.266511,-0.00076222222222230762,0.023554783950618715,0.27199899999999999,0.00057166666666663907,0.0094748456790137731,,,,,,,,4.3499999999999996,0.27234199999999997,0.011242777777777777,-0.07992746913580237,0.27525749999999999,-0.11852555555555581,-0.034988117283951341,4.3499999999999996,0.278173,-0.14987194444444471,0.083262191358024137,0.2241505,0.07898527777777796,0.61612962962963025
4.3999999999999995,0.266511,9.5277777777741642e-05,0.014820987654321736,0.27199899999999999,0.0019055555555555551,-0.0050814814814796874,,,,,,,,4.3999999999999995,0.2728565,0.0090513888888888675,-0.069711574074074675,0.26925500000000002,-0.11738222222222248,0.033717746913583264,4.3999999999999995,0.2707985,-0.14215444444444461,0.16334845679012652,0.22929550000000001,0.11071277777777781,0.54504182098765097
4.4499999999999993,0.266511,0.00085749999999995086,0.0026466049382720715,0.27234199999999997,0.00057166666666691023,-0.027048302469135171,,,,,,,,4.4499999999999993,0.27337099999999998,0.0049544444444442962,-0.071246604938271021,0.26359549999999998,-0.11576249999999987,0.11189845679012779,4.4499999999999993,0.26393850000000002,-0.13262666666666642,0.22602006172839653,0.23581249999999998,0.1328172222222217,0.48311126543209526
4.5,0.26668249999999999,9.5277777777772894e-05,-0.0038111111111106244,0.27217050000000004,-0.0026677777777776262,-0.016250154320989852,,,,,,,,4.5,0.27337099999999998,0.00076222222222221362,-0.050285493827158766,0.25742149999999997,-0.1084261111111106,0.22522608024691326,4.5,0.25742149999999997,-0.11995472222222203,0.29059722222221995,0.24250099999999999,0.15520749999999953,0.46781388888889214
4.5499999999999998,0.266511,-0.00047638888888886741,0.0067223765432101656,0.2718275,-0.001715000000000191,0.0068811728395047648,,,,,,,,4.5499999999999998,0.27337099999999998,-0.0015244444444443399,-0.0017467592592582482,0.25227650000000001,-0.091752499999999834,0.31235231481481163,4.5499999999999998,0.25176199999999999,-0.10337638888888891,0.34649351851851634,0.25073299999999998,0.18493416666666684,0.35099274691358801
4.5999999999999996,0.266511,0.0010480555555555345,0.012809567901235474,0.27199899999999999,-0.00066694444444450251,0.0094219135802475571,,,,,,,,4.5999999999999996,0.27302799999999999,0.00019055555555566689,0.052561574074074142,0.24833200000000002,-0.074983611111111237,0.35845617283950409,4.5999999999999996,0.24696000000000001,-0.084035000000000248,0.37502391975308652,0.26188049999999996,0.19770138888888958,0.10485848765432233
4.6499999999999995,0.26668249999999999,0.0015244444444444914,0.0060342592592615013,0.2718275,-0.00038111111111112199,0.0042875000000008401,,,,,,,,4.6499999999999995,0.27319949999999998,0.005621388888889009,0.070240895061726996,0.24473050000000002,-0.056404444444444694,0.40503641975308713,4.6499999999999995,0.24335849999999998,-0.064407777777777994,0.37221851851852222,0.27148450000000002,0.19103194444444485,-0.068970524691364887
4.6999999999999993,0.26668249999999999,0.0016197222222225341,-0.0017467592592576436,0.27199899999999999,-0.00085749999999995086,0.0077280864197537087,,,,,,,,4.6999999999999993,0.27371400000000001,0.0090513888888888224,0.052349845679010021,0.24250099999999999,-0.034204722222222247,0.44039506172839565,4.6999999999999993,0.24061449999999998,-0.04640027777777752,0.35586250000000219,0.28074549999999998,0.185410555555555,-0.13979367283950997
4.75,0.26685400000000004,0.0013338888888892158,-0.0092101851851862301,0.27165600000000001,9.527777777780374e-05,0.016567746913580837,,,,,,,,4.75,0.27422849999999999,0.010385277777777488,0.03943441358024731,0.2413005,-0.011338055555555504,0.45124614197530871,4.75,0.238728,-0.028964444444444109,0.33638348765431919,0.29017799999999999,0.176073333333333,-0.17875169753085973
4.7999999999999998,0.26685400000000004,0.00038111111111121453,-0.010004166666668828,0.27199899999999999,0.0013338888888889458,0.015773765432100125,,,,,,,,4.7999999999999998,0.27474299999999996,0.011719166666666661,0.046103858024694321,0.2413005,0.012386111111111216,0.42912052469135942,4.7999999999999998,0.23769900000000002,-0.011909722222222113,0.3002308641975277,0.29823850000000002,0.16826055555555589,-0.2288783950617248
4.8499999999999996,0.26685400000000004,9.5277777777803442e-05,-0.0060871913580263469,0.2718275,0.0019055555555558326,0.0087867283950618189,,,,,,,,4.8499999999999996,0.27525749999999999,0.015244444444444651,0.04769182098765614,0.24267250000000001,0.033251944444444598,0.37401820987654338,4.8499999999999996,0.23769900000000002,0.0018102777777775369,0.25153333333333122,0.3071565,0.1562555555555559,-0.33564243827160717
4.8999999999999995,0.26685400000000004,-9.527777777780374e-05,-0.0030171296296309883,0.27217050000000004,0.0025725000000001805,-0.0060871913580276488,,,,,,,,4.8999999999999995,0.27628649999999999,0.018293333333333498,0.017202932098765448,0.24490200000000001,0.048972777777777858,0.32786141975308403,4.8999999999999995,0.23804199999999998,0.012386111111110871,0.21559243827160543,0.31435950000000001,0.13462750000000001,-0.4446296296296342
4.9499999999999993,0.26685400000000004,-0.00019055555555563789,0.00021172839506043736,0.27217050000000004,0.0014291666666664024,-0.021808024691359826,,,,,,,,4.9499999999999993,0.27731549999999999,0.017150000000000141,-0.019373148148148913,0.24747450000000001,0.065169999999999742,0.29218518518518194,4.9499999999999993,0.23889949999999999,0.022676111111110966,0.19007916666666788,0.32070499999999996,0.10975999999999964,-0.52206929012345593
5,0.26685400000000004,-0.00047638888888913732,0.0074104938271605178,0.27234199999999997,-0.00019055555555563789,-0.024666358024690513,,,,,,,,5,0.27800150000000001,0.01543500000000011,-0.042610339506174426,0.251419,0.080223888888888512,0.22226188271605052,5,0.24027149999999997,0.032775555555555516,0.14487515432098982,0.3253355,0.082891666666666683,-0.60167916666666288
5.0499999999999998,0.26668249999999999,0.0010480555555554729,0.0043933641975322799,0.27217050000000004,-0.002000833333333328,-0.0098453703703700549,,,,,,,,5.0499999999999998,0.27885900000000002,0.013053055555555486,-0.068229475308643664,0.25587799999999999,0.088036666666666694,0.14074645061728805,5.0499999999999998,0.24250099999999999,0.037253611111111321,0.10009459876543352,0.32928000000000002,0.050306666666666812,-0.68467669753086524
5.0999999999999996,0.26702550000000003,0.0013338888888889792,-0.021278703703704247,0.27199899999999999,-0.0013338888888890391,0.0083103395061740627,,,,,,,,5.0999999999999996,0.2793735,0.0091466666666664646,-0.10205308641975246,0.26033699999999999,0.092705277777778081,0.08437376543209997,5.0999999999999996,0.2440445,0.038349305555555706,0.093954475308641414,0.330652,0.012004999999999995,-0.71918842592592924
5.1499999999999995,0.26702550000000003,-0.002000833333333544,-0.030594753086420845,0.27199899999999999,9.5277777777961302e-05,0.0060342592592602141,,,,,,,,5.1499999999999995,0.27988799999999997,0.0028583333333334678,-0.13688240740740618,0.26513900000000001,0.096325833333333485,0.031018209876540876,5.1499999999999995,0.24627399999999999,0.047353055555555613,0.07638101851851721,0.33030900000000002,-0.023819444444444726,-0.70584953703703723
5.1999999999999993,0.26668249999999999,-0.0030488888888890904,-0.01529737654320835,0.27217050000000004,-0.00085749999999995086,0.0042345679012338036,,,,,,,,5.1999999999999993,0.27971650000000003,-0.0050497222222221005,-0.16266033950617334,0.27011249999999998,0.096516388888888652,-0.033770679012346323,5.1999999999999993,0.24901799999999999,0.049925555555555466,0.028001080246913071,0.32825099999999996,-0.059072222222222165,-0.67271404320987116
5.25,0.26668249999999999,-0.0033347222222221626,0.00031759259259461623,0.2718275,-0.00047638888888901394,0.016303086419754097,,,,,,,,5.25,0.2793735,-0.013338888888889025,-0.18563287037037057,0.27491450000000001,0.093562777777777786,-0.10967530864197257,5.25,0.251419,0.049449166666666565,-0.008257407407404967,0.3243065,-0.091752499999999529,-0.62062885802469037
5.2999999999999998,0.26633950000000001,-0.0029536111111109942,0.015191512345679567,0.27199899999999999,0.0018102777777779984,0.010639351851853497,,,,,,,,5.2999999999999998,0.27851599999999999,-0.024009999999999993,-0.19664274691358055,0.27971650000000003,0.085178333333333564,-0.17875169753086281,5.2999999999999998,0.25399149999999998,0.047924722222222514,-0.021808024691355597,0.31899,-0.121765,-0.55679274691358671
5.3499999999999996,0.26633950000000001,-0.0016197222222221433,0.023819444444443862,0.27217050000000004,0.001333888888889164,-0.0066165123456807641,,,,,,,,5.3499999999999996,0.27697250000000001,-0.034490555555555566,-0.17975740740740867,0.28348950000000001,0.074697777777778016,-0.226972839506174,5.3499999999999996,0.25622100000000003,0.046209722222222603,-0.014556327160495453,0.31195850000000003,-0.14787111111111151,-0.48840447530864789
5.3999999999999995,0.26616800000000002,-9.5277777777772894e-05,0.021543364197529977,0.27217050000000004,0.00028583333333331867,-0.0095807098765470465,,,,,,,,5.3999999999999995,0.27491450000000001,-0.042303333333333464,-0.15652021604938357,0.28726250000000003,0.062216388888889057,-0.26513688271605279,5.3999999999999995,0.25845050000000003,0.046971944444444469,-0.013338888888892749,0.303898,-0.16873694444444509,-0.44410030864197547
5.4499999999999993,0.26633950000000001,0.0010480555555555039,0.0094748456790118857,0.27217050000000004,-0.00047638888888920666,0.0021172839506152057,,,,,,,,5.4499999999999993,0.27268500000000001,-0.048972777777777969,-0.15175632716049228,0.28983500000000001,0.047257777777777711,-0.28382191358025066,5.4499999999999993,0.26102300000000001,0.046114444444444284,-0.030118364197533772,0.295323,-0.19198472222222263,-0.38492222222221484
5.4999999999999991,0.26633950000000001,0.00095277777777772377,-0.0030700617283948516,0.27199899999999999,0.00095277777777741542,0.0069341049382737425,,,,,,,,5.4999999999999991,0.27011249999999998,-0.057071388888888692,-0.15117407407407199,0.29189300000000001,0.033537777777777514,-0.29504351851851957,5.4999999999999991,0.2632525,0.042303333333332971,-0.019108487654320518,0.28486149999999999,-0.21475611111111045,-0.1853152777777711
5.5499999999999998,0.266511,-0.00028583333333331401,0.0013233024691357703,0.27234199999999997,0.0011433333333334542,-0.0049226851851824228,,,,,,,,5.5499999999999998,0.26702550000000003,-0.065551111111110907,-0.12126743827160691,0.293265,0.018198055555555235,-0.30944104938271438,5.5499999999999998,0.26496749999999997,0.043160833333333183,0.010798148148152076,0.27268500000000001,-0.21513722222222156,0.099671141975304037
5.5999999999999996,0.26616800000000002,0.00066694444444440938,0.011645061728394543,0.27217050000000004,0.00019055555555560705,-0.01222731481481428,,,,,,,,5.5999999999999996,0.26342399999999999,-0.071077222222222569,-0.054361265432100125,0.29377949999999997,0.0019055555555554597,-0.30737669753086289,5.5999999999999996,0.26754,0.044875833333333615,0.018314506172842492,0.26256649999999998,-0.19865416666666688,0.28482762345678414
5.6499999999999995,0.266511,0.0025724999999998757,-0.0052402777777775071,0.27234199999999997,-0.00047638888888883554,-0.010745216049382755,,,,,,,,5.6499999999999995,0.25965099999999997,-0.07107722222222225,0.01810277777777956,0.29343649999999999,-0.013910555555555549,-0.27704660493827199,5.6499999999999995,0.269598,0.044685277777778004,0.02937731481481486,0.25313400000000003,-0.18331444444444481,0.39831404320987573
5.6999999999999993,0.26668249999999999,0.00028583333333331824,-0.024031172839505,0.27217050000000004,-0.0017149999999999171,0.0057166666666656589,,,,,,,,5.6999999999999993,0.25622100000000003,-0.068218888888888871,0.073152160493828833,0.292236,-0.026582500000000175,-0.22681404320987639,5.6999999999999993,0.2718275,0.047543611111111377,0.042292746913577504,0.24387300000000001,-0.16025722222222263,0.51201219135802922
5.7499999999999991,0.266511,-0.0017149999999999017,-0.010427623456789563,0.27199899999999999,9.5277777777742049e-05,0.020167129629627922,,,,,,,,5.7499999999999991,0.25279099999999999,-0.063645555555555414,0.12274953703703743,0.29069249999999996,-0.036681944444444468,-0.17197638888888653,5.7499999999999991,0.27440000000000003,0.049639722222222127,0.042292746913575936,0.23666999999999999,-0.12919666666666638,0.56409737654321235
5.7999999999999998,0.26633950000000001,-0.00076222222222218196,0.0058754629629625714,0.27217050000000004,0.0019055555555553855,0.0058754629629624577,,,,,,,,5.7999999999999998,0.24970400000000001,-0.055928055555555363,0.1704413580246891,0.28846299999999997,-0.044113611111110916,-0.11242777777777718,5.7999999999999998,0.27680100000000002,0.051735833333332905,0.040757716049382074,0.231182,-0.10118499999999973,0.56526188271604705
5.8499999999999996,0.266511,-0.00066694444444441317,0.013312422839505527,0.27234199999999997,0.0011433333333330917,-0.017255864197527972,,,,,,,,5.8499999999999996,0.2471315,-0.046209722222222367,0.21241651234567724,0.28606199999999998,-0.047067222222222198,-0.068123611111112564,5.8499999999999996,0.27954499999999999,0.054117777777777563,0.029112654320991558,0.22655149999999999,-0.072982777777777799,0.56896712962962881
5.8999999999999995,0.26616800000000002,0.0010480555555555055,0.010162962962962529,0.27234199999999997,-0.00095277777777745369,-0.019902469135799895,,,,,,,,5.8999999999999995,0.2450735,-0.035348055555555757,0.26386651234568032,0.28383249999999999,-0.050401944444444575,-0.034088271604938186,5.8999999999999995,0.28228899999999996,0.054975277777778088,0.0084691358024713091,0.22397900000000001,-0.045923888888888868,0.60035586419753117
5.9499999999999993,0.26668249999999999,0.0014291666666665988,-0.010215895061727867,0.27217050000000004,-0.0016197222222218935,-0.0062459876543237425,,,,,,,,5.9499999999999993,0.24335849999999998,-0.019817777777777726,0.31139953703703899,0.28091699999999997,-0.05135472222222226,0.013233024691361081,5.9499999999999993,0.28503300000000004,0.055451666666666899,-0.023713580246916943,0.22174950000000002,-0.014768055555555623,0.65836944444444434
5.9999999999999991,0.266511,-0.0013338888888888107,-0.0066694444444440294,0.27217050000000004,-0.0019055555555557251,0.013338888888884464,,,,,,,,5.9999999999999991,0.24301550000000002,-0.0025724999999999381,0.32780848765432008,0.27851599999999999,-0.048591666666666318,0.05192638888889145,5.9999999999999991,0.2879485,0.053355555555555122,-0.07039969135802647,0.2220925,0.023247777777777649,0.65286450617283698
6.0499999999999998,0.26633950000000001,-0.00057166666666663224,0.018420370370369411,0.2718275,0.00057166666666626264,0.015985493827159709,,,,,,,,6.0499999999999998,0.24318699999999999,0.013719999999999927,0.32553240740740724,0.276115,-0.046019166666666271,0.085802932098764551,6.0499999999999998,0.29052099999999997,0.04801999999999975,-0.11173966049382274,0.22449350000000001,0.054213055555555313,0.57219598765432156
6.0999999999999996,0.26633950000000001,0.0020008333333332352,0.018896759259258784,0.27234199999999997,0.00095277777777760765,-0.0053461419753063249,,,,,,,,6.0999999999999996,0.24438750000000001,0.029821944444444564,0.31843950617284139,0.27371400000000001,-0.039730833333333125,0.11173966049382461,6.0999999999999996,0.29275049999999997,0.041922222222222583,-0.1494273148148112,0.22775199999999998,0.079747500000000152,0.48882793209876946
6.1499999999999995,0.26668249999999999,0.002477222222222132,-0.0020643518518508809,0.27199899999999999,-0.0002858333333333487,-0.019637808641972867,,,,,,,,6.1499999999999995,0.2461025,0.046495555555555734,0.29176172839506254,0.27217050000000004,-0.033633055555555562,0.11570956790123223,6.1499999999999995,0.29480850000000003,0.033442500000000389,-0.1929904320987669,0.23238250000000002,0.10432916666666701,0.38365185185185235
6.1999999999999993,0.26668249999999999,0.0010480555555555931,-0.01423873456789952,0.27234199999999997,-0.0019055555555554588,-0.015032716049380878,,,,,,,,6.1999999999999993,0.24918950000000001,0.060120277777777981,0.24449336419752865,0.27045550000000002,-0.028869166666666762,0.1282015432098754,6.1999999999999993,0.29618050000000001,0.022771388888888949,-0.23771805555555883,0.238728,0.11823972222222236,0.28789768518518127
6.2499999999999991,0.26668249999999999,0.00085750000000022841,-0.021437499999999891,0.2718275,-0.0035252777777775458,0.020114197530864127,,,,,,,,6.2499999999999991,0.25227650000000001,0.070314999999999864,0.20775848765431673,0.26908350000000003,-0.020865833333333399,0.137623456790122,6.2499999999999991,0.29720950000000002,0.0094324999999999444,-0.2770466049382726,0.24438750000000001,0.12910138888888853,0.26249027777777406
6.2999999999999998,0.26685400000000004,-0.00076222222222218229,-0.029769012345680513,0.27165600000000001,0.00076222222222227097,0.041541111111109821,,,,,,,,6.2999999999999998,0.25622100000000003,0.080128611111110679,0.18298626543209817,0.26839750000000001,-0.013529444444444693,0.11936188271604907,6.2999999999999998,0.29720950000000002,-0.0059072222222223284,-0.2991722222222219,0.251419,0.14272611111111061,0.25386234567901539
6.3499999999999996,0.26668249999999999,-0.0033347222222223356,-0.015609675925926219,0.27199899999999999,0.0032394444444445625,0.016641851851849996,,,,,,,,6.3499999999999996,0.26033699999999999,0.088513055555555373,0.15498518518518936,0.26788299999999998,-0.0087655555555556704,0.096442283950619087,6.3499999999999996,0.2965235,-0.020294166666666755,-0.32188009259259265,0.25827899999999998,0.1605430555555559,0.13042469135803025
6.3999999999999995,0.26633950000000001,-0.0028583333333332861,0.0067382561728403139,0.27217050000000004,0.0025724999999998739,-0.011528611111113857,,,,,,,,6.3999999999999995,0.26496749999999997,0.097659722222222523,0.086226388888891004,0.26754,-0.0046686111111110358,0.083685648148148897,6.3999999999999995,0.295323,-0.037444166666666674,-0.35014583333333399,0.26822600000000002,0.16321083333333386,-0.12412577160494077
6.4499999999999993,0.26633950000000001,-0.0013148333333333016,0.0062406944444452174,0.27234199999999997,0.00017149999999971,-0.0069870370370381614,,,,,,,,6.4499999999999993,0.27045550000000002,0.099470000000000211,-0.02715416666667016,0.26736850000000001,-0.00028583333333334951,0.068017746913579077,6.4499999999999993,0.29292200000000002,-0.056880833333333373,-0.34744629629629714,0.27577200000000002,0.14339305555555545,-0.29610216049383337
6.4999999999999991,0.26633950000000001,-0.0016673611111110188,-0.0042504475308630801,0.27199899999999999,0.00066694444444428535,0.019891882716048512,,,,,,,,6.4999999999999991,0.27525749999999999,0.093848611111110661,-0.12327885802469291,0.26754,0.0032394444444442624,0.033558950617282812,6.4999999999999991,0.28949200000000003,-0.073840277777777866,-0.31314629629629526,0.28228899999999996,0.12576666666666614,-0.32161543209876503
6.5499999999999998,0.26616800000000002,-0.0024772222222220661,-0.011549783950615978,0.27234199999999997,0.0036205555555552573,0.042197469135800365,,,,,,,,6.5499999999999998,0.27988799999999997,0.085749999999999729,-0.1906614197530816,0.26788299999999998,0.0031441666666664932,-0.0029641975308637805,6.5499999999999998,0.28537599999999996,-0.087750833333333333,-0.28064598765432008,0.28811999999999999,0.11090333333333319,-0.32092731481480929
,,,,,,,,,,,,,,6.5999999999999996,0.28400399999999998,0.073840277777778199,-0.23433040123456519,0.26788299999999998,0.0020008333333332321,-0.023395987654319713,6.5999999999999996,0.28074549999999998,-0.10137555555555561,-0.25169212962963017,0.29343649999999999,0.095658888888889293,-0.34416450617283806
,,,,,,,,,,,,,,6.6499999999999995,0.28726250000000003,0.061549444444444712,-0.26116697530864491,0.26805449999999997,0.00076222222222218586,-0.039116820987652484,6.6499999999999995,0.27525749999999999,-0.11433333333333336,-0.19590169753086462,0.29789550000000004,0.076698611111111245,-0.3725361111111149
,,,,,,,,,,,,,,6.6999999999999993,0.29017799999999999,0.048305833333333249,-0.29657854938271949,0.26805449999999997,-0.0020008333333332321,-0.049703240740738779,6.6999999999999993,0.26908350000000003,-0.12243194444444465,-0.11380401234567673,0.30115399999999998,0.056594999999999777,-0.37026003086419984
,,,,,,,,,,,,,,6.7499999999999991,0.292236,0.032108611111110928,-0.33458379629629609,0.26788299999999998,-0.0052402777777775175,-0.043245524691357361,6.7499999999999991,0.26273799999999997,-0.12490916666666635,-0.042186882716046481,0.30338349999999997,0.039254444444444335,-0.35835030864197326
,,,,,,,,,,,,,,6.7999999999999998,0.29343649999999999,0.014482222222222072,-0.36322006172839233,0.26736850000000001,-0.0060024999999997971,-0.041816358024692968,6.7999999999999998,0.25656400000000001,-0.12548083333333285,0.012756635802465702,0.30509849999999999,0.021723333333333317,-0.36025586419752775
,,,,,,,,,,,,,,6.8499999999999996,0.29377949999999997,-0.0050497222222220918,-0.37105401234567809,0.26736850000000001,-0.0082891666666667103,-0.056055092592594204,6.8499999999999996,0.25021850000000001,-0.12509972222222251,0.092895833333328556,0.30561299999999997,0.0032394444444446831,-0.35972654320987657
,,,,,,,,,,,,,,6.8999999999999995,0.29292200000000002,-0.024200555555555475,-0.34532901234567986,0.26668249999999999,-0.012671944444444439,-0.04917391975308677,6.8999999999999995,0.24370149999999999,-0.11757277777777818,0.19801898148148245,0.30544150000000003,-0.01514916666666657,-0.34067098765432385
,,,,,,,,,,,,,,6.9499999999999993,0.29120699999999999,-0.040302500000000047,-0.30208348765432042,0.26599650000000002,-0.015053888888888969,-0.0084691358024678292,6.9499999999999993,0.23821349999999999,-0.10423388888888901,0.28715663580247364,0.30406949999999999,-0.032394444444444642,-0.29520231481481574
,,,,,,,,,,,,,,6.9999999999999991,0.28880600000000001,-0.054213055555555327,-0.25857330246913374,0.26496749999999997,-0.013434166666666483,0.034088271604939831,6.9999999999999991,0.23324,-0.088417777777777498,0.36417283950617457,0.30184,-0.044113611111111041,-0.24756342592592448
,,,,,,,,,,,,,,7.0499999999999998,0.285719,-0.066122777777777489,-0.21432206790123565,0.26462450000000004,-0.010575833333333035,0.059231018518516788,7.0499999999999998,0.22912399999999999,-0.067456666666666443,0.42684444444444264,0.29978199999999999,-0.055737499999999919,-0.20844660493827205
,,,,,,,,,,,,,,7.0999999999999996,0.28211750000000002,-0.075936388888888928,-0.16451296296296589,0.26393850000000002,-0.0075269444444444993,0.080827314814811688,7.0999999999999996,0.22638,-0.043923055555555472,0.45357515432098677,0.29669499999999999,-0.072030000000000136,-0.05653148148148316
,,,,,,,,,,,,,,7.1499999999999995,0.27800150000000001,-0.082891666666666863,-0.10665817901234594,0.26376700000000003,-0.0026677777777780166,0.10252947530864094,7.1499999999999995,0.22483650000000002,-0.021532777777777779,0.4658554012345677,0.2910355,-0.061644722222222455,0.085644135802470212
,,,,,,,,,,,,,,7.1999999999999993,0.27371400000000001,-0.086702777777777837,-0.044674691358021906,0.26359549999999998,0.003620555555555377,0.11131620370370467,7.1999999999999993,0.2241505,0.0021913888888888552,0.48332299382716015,0.29052099999999997,-0.051354722222222336,0.024613425925929577
,,,,,,,,,,,,,,7.2499999999999991,0.26925500000000002,-0.088036666666666277,0.027948148148148583,0.2642815,0.0080986111111111033,0.12560787037037049,7.2499999999999991,0.22500800000000001,0.027058888888888761,0.49533858024691169,0.28709099999999999,-0.059262777777777435,-0.034511728395058672
,,,,,,,,,,,,,,7.2999999999999998,0.26462450000000004,-0.083558611111110959,0.092842901234563055,0.2642815,0.014768055555555432,0.15959027777777721,7.2999999999999998,0.2268945,0.051545277777777586,0.50555447530864261,0.28451850000000001,-0.065455833333332991,0.075639969135800608
,,,,,,,,,,,,,,7.3499999999999996,0.26085150000000001,-0.077365555555555951,0.13307129629629255,0.265482,0.026010833333333174,0.15953734567901415,7.3499999999999996,0.22998150000000001,0.078794722222222349,0.48925138888889358,0.2793735,-0.052593333333333346,0.2025182098765409
,,,,,,,,,,,,,,7.3999999999999995,0.256907,-0.07050555555555596,0.17509938271604997,0.26719699999999996,0.032203888888888955,0.13275370370370645,7.3999999999999995,0.234955,0.10251888888888927,0.43113194444444741,0.27903050000000001,-0.034395277777777851,0.14625138888888797
,,,,,,,,,,,,,,7.4499999999999993,0.2536485,-0.06040611111111141,0.22252654320987994,0.26874049999999999,0.037634722222222479,0.12941898148148212,7.4499999999999993,0.24044300000000002,0.12186027777777818,0.36406697530864052,0.277144,-0.036396111111111275,0.045839197530864961
,,,,,,,,,,,,,,7.4999999999999991,0.25073299999999998,-0.047543611111111168,0.25439166666667062,0.2707985,0.045256944444444509,0.12232608024691227,7.4999999999999991,0.2471315,0.13967722222222234,0.27646435185184642,0.275086,-0.034966944444444419,0.02170216049382917
,,,,,,,,,,,,,,7.5499999999999989,0.2488465,-0.033537777777777548,0.25846743827160523,0.27337099999999998,0.05097361111111106,0.0944837962962954,7.5499999999999989,0.2546775,0.151110555555555,0.16001373456789822,0.27354250000000002,-0.033251944444444327,-0.011274537037035662
,,,,,,,,,,,,,,7.5999999999999996,0.24747450000000001,-0.021151666666666624,0.25206265432098557,0.27594350000000001,0.055356388888888906,0.050232561728395277,7.5999999999999996,0.26256649999999998,0.15549333333333296,0.046580246913584956,0.27199899999999999,-0.035824444444444214,-0.034035339506173261
,,,,,,,,,,,,,,7.6499999999999995,0.24678849999999999,-0.009337222222222356,0.26069058641975346,0.27903050000000001,0.056690277777777798,-0.0096865740740733324,7.6499999999999995,0.27045550000000002,0.15425472222222261,-0.042081018518514583,0.26994100000000004,-0.037539444444444396,-0.032341512345681445
,,,,,,,,,,,,,,7.6999999999999993,0.24644549999999998,0.0040016666666667462,0.28001080246913729,0.28177449999999998,0.054213055555555667,-0.066588580246913096,7.6999999999999993,0.27800150000000001,0.15101527777777807,-0.12518441358024887,0.268569,-0.043541944444444557,0.039963734567899409
,,,,,,,,,,,,,,7.7499999999999991,0.24696000000000001,0.020865833333333444,0.25846743827160418,0.28451850000000001,0.049735000000000147,-0.11555077160493911,7.7499999999999991,0.285719,0.14339305555555557,-0.23364228395062148,0.26462450000000004,-0.033347222222222334,0.09278996913580094
,,,,,,,,,,,,,,7.7999999999999989,0.2488465,0.03210861111111097,0.19436666666666477,0.28691949999999999,0.041826944444444437,-0.14900385802469204,7.7999999999999989,0.29275049999999997,0.12738638888888851,-0.3349013888888886,0.26513900000000001,-0.023438333333333689,-0.040069598765432583
,,,,,,,,,,,,,,7.8499999999999996,0.25039,0.03887333333333317,0.14995663580246954,0.28863450000000002,0.034300000000000067,-0.17351141975308773,7.8499999999999996,0.2985815,0.10785444444444438,-0.39789058641974906,0.26359549999999998,-0.036205555555555803,-0.17864583333333059
,,,,,,,,,,,,,,7.8999999999999995,0.2526195,0.046495555555555512,0.11618595679012626,0.29034950000000004,0.026010833333333139,-0.22183842592592815,7.8999999999999995,0.30355500000000002,0.086798055555555712,-0.44124197530864051,0.26188049999999996,-0.053736666666666759,-0.10655231481481202
,,,,,,,,,,,,,,7.9499999999999993,0.25519199999999997,0.050973611111111324,0.076698611111113577,0.29154999999999998,0.012004999999999688,-0.26561327160493797,7.9499999999999993,0.30732799999999999,0.063931388888889065,-0.48168209876543272,0.25707849999999999,-0.053355555555555371,0.077492592592594806
,,,,,,,,,,,,,,7.9999999999999991,0.25776450000000001,0.054117777777778132,0.03742299382715944,0.29154999999999998,-0.0025724999999999962,-0.27080061728394894,7.9999999999999991,0.31007200000000001,0.0384922222222224,-0.51492345679012519,0.25536350000000002,-0.032394444444444323,0.048274074074074025
,,,,,,,,,,,,,,8.0499999999999989,0.26068000000000002,0.055070555555555477,-0.0074104938271623878,0.29120699999999999,-0.015720833333333208,-0.25852037037036996,8.0499999999999989,0.31127250000000001,0.011147500000000058,-0.52132824074074113,0.25587799999999999,-0.043923055555555417,-0.054837654320988617
,,,,,,,,,,,,,,8.0999999999999996,0.26342399999999999,0.052974444444444525,-0.044092438271606117,0.2900065,-0.028964444444444518,-0.23358935185185326,8.0999999999999996,0.31110100000000002,-0.014768055555555486,-0.50285493827160688,0.25090450000000003,-0.052879166666666803,0.081515432098764218
,,,,,,,,,,,,,,8.1499999999999986,0.26599650000000002,0.049925555555555591,-0.067964814814818197,0.28811999999999999,-0.038682777777777962,-0.21448086419753018,8.1499999999999986,0.30972900000000003,-0.039254444444444599,-0.47617716049382769,0.24901799999999999,-0.036777222222222322,0.23443626543210017
,,,,,,,,,,,,,,8.1999999999999993,0.26839750000000001,0.046590833333332832,-0.096654012345679788,0.28623349999999997,-0.049734999999999842,-0.20532361111110953,8.1999999999999993,0.3071565,-0.062692777777777708,-0.43965401234567641,0.2471315,-0.017816944444444288,0.20717623456790005
,,,,,,,,,,,,,,8.25,0.2707985,0.040493055555555296,-0.12650771604937969,0.28314649999999997,-0.060310833333333452,-0.17536404320987761,8.25,0.30338349999999997,-0.084035000000000096,-0.38661604938271771,0.24833200000000002,-0.014672777777777818,0.14757469135802334
,,,,,,,,,,,,,,8.2999999999999989,0.27251349999999996,0.032966111111111147,-0.13688240740740401,0.28005949999999996,-0.067933055555555635,-0.13164212962962932,8.2999999999999989,0.2985815,-0.10175666666666679,-0.3215095679012368,0.24575949999999999,-0.013720000000000123,0.24941604938271653
,,,,,,,,,,,,,,8.3499999999999996,0.274057,0.02601083333333359,-0.13042469135802329,0.27628649999999999,-0.073745000000000102,-0.079927469135799969,8.3499999999999996,0.29309350000000001,-0.11623888888888924,-0.24761635802469176,0.24541650000000001,0.012576666666666694,0.30870000000000064
,,,,,,,,,,,,,,8.3999999999999986,0.275086,0.019627222222222414,-0.11623888888888945,0.27251349999999996,-0.075650555555555429,-0.030965277777772599,8.3999999999999986,0.28691949999999999,-0.12814861111111142,-0.14259907407406894,0.24764600000000001,0.027821111111111019,0.19441959876543105
,,,,,,,,,,,,,,8.4499999999999993,0.27594350000000001,0.014768055555555678,-0.10729336419753137,0.26874049999999999,-0.076984444444443523,0.020484722222221217,8.4499999999999993,0.27988799999999997,-0.13176916666666597,-0.017679320987653058,0.24901799999999999,0.03001249999999971,0.11772098765432239
,,,,,,,,,,,,,,8.5,0.27662950000000003,0.0090513888888889785,-0.10200015432098952,0.26462450000000004,-0.074126111111111073,0.079874537037030249,8.5,0.27337099999999998,-0.12767222222222233,0.067700154320983821,0.25073299999999998,0.029917222222222348,0.21389861111111383
,,,,,,,,,,,,,,8.5499999999999989,0.27680100000000002,0.004192222222222138,-0.091943055555557388,0.2611945,-0.068314166666666995,0.12751342592592343,8.5499999999999989,0.26719699999999996,-0.12319416666666683,0.11915015432098687,0.25107600000000002,0.047448333333333481,0.38762175925926085
,,,,,,,,,,,,,,8.5999999999999996,0.27697250000000001,0.0004763888888887739,-0.090196296296297176,0.25776450000000001,-0.061073055555555818,0.17070601851852094,8.5999999999999996,0.26102300000000001,-0.11700111111111129,0.18489182098765625,0.25502049999999998,0.07469777777777796,0.44288287037036983
,,,,,,,,,,,,,,8.6499999999999986,0.27697250000000001,-0.0049544444444446214,-0.08220354938271543,0.25502049999999998,-0.051735833333333335,0.22040925925926391,8.6499999999999986,0.25519199999999997,-0.10499611111111114,0.25110987654321432,0.25862200000000002,0.10004166666666671,0.32791435185184731
,,,,,,,,,,,,,,8.6999999999999993,0.27645799999999998,-0.0095277777777777288,-0.04271620370370291,0.25244800000000001,-0.03934972222222171,0.27307669753086344,8.6999999999999993,0.25039,-0.090037499999999368,0.28525108024691176,0.26565349999999999,0.11242777777777695,0.11062808641975386
,,,,,,,,,,,,,,8.75,0.27577200000000002,-0.009527777777777845,0.0019055555555549375,0.25090450000000003,-0.02324777777777769,0.30361851851851607,8.75,0.24627399999999999,-0.075650555555555651,0.30361851851851546,0.2707985,0.10633000000000016,-0.026095524691351391
,,,,,,,,,,,,,,8.7999999999999989,0.27542899999999998,-0.0077175000000001435,0.017891049382716417,0.25021850000000001,-0.0080986111111111449,0.31351682098765354,8.7999999999999989,0.24284399999999998,-0.060977777777777804,0.33897716049382715,0.27594350000000001,0.10394805555555599,-0.050285493827158585
,,,,,,,,,,,,,,8.8499999999999996,0.275086,-0.0069552777777778666,0.016303086419755058,0.25004700000000002,0.007908055555555597,0.31865123456790023,8.8499999999999996,0.23992850000000002,-0.041922222222222222,0.37190092592592588,0.28108850000000002,0.10223305555555591,-0.071352469135805383
,,,,,,,,,,,,,,8.8999999999999986,0.27474299999999996,-0.0063836111111109381,0.014662191358026265,0.25090450000000003,0.025248611111110934,0.29308503086419557,8.8999999999999986,0.2385565,-0.021246944444444627,0.35766219135802507,0.28640500000000002,0.097469166666666704,-0.10030632716049931
,,,,,,,,,,,,,,8.9499999999999993,0.27440000000000003,-0.0053355555555553687,0.0084691358024680807,0.25279099999999999,0.038396944444443998,0.24444043209876576,8.9499999999999993,0.23804199999999998,-0.0047638888888889433,0.31616342592592589,0.29086400000000001,0.091276111111110489,-0.12380817901234509
,,,,,,,,,,,,,,9,0.27422849999999999,-0.0047638888888889798,-0.010586419753087195,0.25484899999999999,0.049163333333333427,0.20214768518518922,9,0.23821349999999999,0.0091466666666667508,0.29149706790123675,0.295323,0.087465000000000126,-0.19172006172839115
,,,,,,,,,,,,,,9.0499999999999989,0.274057,-0.0065741666666665581,-0.02699537037037078,0.25776450000000001,0.058119444444444723,0.1672654320987661,9.0499999999999989,0.23889949999999999,0.023343055555555794,0.28249861111111219,0.30012500000000003,0.073840277777777963,-0.28922098765432086
,,,,,,,,,,,,,,9.0999999999999996,0.27354250000000002,-0.0081938888888889467,-0.030859413580247862,0.26068000000000002,0.066027500000000086,0.13079521604938008,9.0999999999999996,0.24044300000000002,0.038778055555555808,0.25005123456789841,0.302869,0.056309166666666764,-0.34485262345679196
,,,,,,,,,,,,,,9.1499999999999986,0.27319949999999998,-0.0094325000000000676,-0.035729166666666666,0.26445299999999999,0.071934722222222011,0.080615586419750432,9.1499999999999986,0.24301550000000002,0.049734999999999779,0.19209058641974838,0.30578450000000001,0.037539444444444521,-0.36232021604938547
,,,,,,,,,,,,,,9.1999999999999993,0.27268500000000001,-0.011814444444444403,-0.039275617283951014,0.26805449999999997,0.073935555555555102,0.029694907407409449,9.1999999999999993,0.24558799999999997,0.057071388888888241,0.14556327160493857,0.30664200000000003,0.01848388888888864,-0.34961651234567875
,,,,,,,,,,,,,,9.25,0.27199899999999999,-0.014005833333333516,-0.035093981481481941,0.2718275,0.075174166666666917,-0.027630555555552275,9.25,0.24867499999999998,0.064026666666666648,0.10284706790124036,0.30732799999999999,0.0041922222222220149,-0.36618425925925879
,,,,,,,,,,,,,,9.2999999999999989,0.27114149999999998,-0.014196388888888958,-0.050391358024690476,0.27577200000000002,0.071934722222222414,-0.096759876543211318,9.2999999999999989,0.25210499999999997,0.068218888888889218,0.048909259259262129,0.30732799999999999,-0.015339722222222291,-0.4276913580246911
,,,,,,,,,,,,,,9.3499999999999996,0.2707985,-0.018102777777777867,-0.081356635802467173,0.27920200000000001,0.06469361111111098,-0.14884506172839695,9.3499999999999996,0.2557065,0.0684094444444448,0.004552160493824931,0.3061275,-0.040397777777777887,-0.4551631172839497
,,,,,,,,,,,,,,9.3999999999999986,0.26942649999999996,-0.023914722222222056,-0.085538271604935615,0.28228899999999996,0.056023333333333265,-0.1801279320987654,9.3999999999999986,0.258965,0.067551944444444442,-0.022390277777782918,0.30321199999999998,-0.064598333333333244,-0.41424660493826876
,,,,,,,,,,,,,,9.4499999999999993,0.26822600000000002,-0.026963611111110602,-0.080562654320989371,0.28486149999999999,0.045828611111111049,-0.19452546296296047,9.4499999999999993,0.26239499999999999,0.066884999999999431,-0.060289660493827536,0.29926750000000002,-0.081748333333332715,-0.36306126543209943
,,,,,,,,,,,,,,9.5,0.26685400000000004,-0.031918055555555776,-0.070505555555559762,0.286748,0.037253611111111272,-0.21755092592592543,9.5,0.26582499999999998,0.06269277777777775,-0.11359228395061401,0.29515150000000001,-0.099660555555555849,-0.32373271604938969
,,,,,,,,,,,,,,9.5499999999999989,0.26496749999999997,-0.035062222222222501,-0.041181172839505904,0.28880600000000001,0.024772222222222237,-0.24973364197530998,9.5499999999999989,0.26891199999999998,0.054022500000000112,-0.13725293209876435,0.28932049999999998,-0.11633416666666725,-0.24592253086419905
,,,,,,,,,,,,,,9.5999999999999996,0.2632525,-0.036300833333333338,-0.0096336419753064815,0.28932049999999998,0.010480555555555592,-0.24899259259259399,9.5999999999999996,0.27114149999999998,0.046590833333333415,-0.11708580246913629,0.28314649999999997,-0.12548083333333371,-0.15323842592592141
,,,,,,,,,,,,,,9.6499999999999986,0.2611945,-0.034966944444444377,0.0033347222222239029,0.28966350000000002,-0.00076222222222227032,-0.23194845679012455,9.6499999999999986,0.27337099999999998,0.042589166666666706,-0.098506635802470099,0.27645799999999998,-0.12919666666666665,-0.10020046296295497
,,,,,,,,,,,,,,9.6999999999999993,0.25982250000000001,-0.034585833333333101,-0.0048168209876548445,0.28932049999999998,-0.012767222222222334,-0.20823487654320852,9.6999999999999993,0.27542899999999998,0.038301666666666526,-0.10544074074073941,0.27028399999999997,-0.13253138888888785,-0.085644135802468102
,,,,,,,,,,,,,,9.75,0.257936,-0.037158333333333411,0.02027299382715873,0.28829149999999998,-0.022485555555555578,-0.16805941358024665,9.75,0.27731549999999999,0.032203888888888997,-0.11592129629629427,0.26376700000000003,-0.14320249999999998,0.028001080246905813
,,,,,,,,,,,,,,9.7999999999999989,0.25587799999999999,-0.035062222222222231,0.090196296296295178,0.28691949999999999,-0.029250277777777878,-0.13259490740740645,9.7999999999999989,0.27868749999999998,0.025439166666666953,-0.10507021604938301,0.25502049999999998,-0.13596138888888934,0.24909845679012146
,,,,,,,,,,,,,,9.8499999999999996,0.25416300000000003,-0.027725833333333508,0.15244444444444352,0.28537599999999996,-0.03534805555555548,-0.10454089506172624,9.8499999999999996,0.27971650000000003,0.021151666666666763,-0.083526851851854086,0.249361,-0.11299944444444467,0.38164043209876897
,,,,,,,,,,,,,,9.8999999999999986,0.25296249999999998,-0.017245277777778002,0.16747716049382758,0.28331800000000001,-0.039921388888888638,-0.075692901234566609,9.8999999999999986,0.28074549999999998,0.018007499999999881,-0.075481172839506949,0.2440445,-0.092800555555555567,0.41996327160494268
,,,,,,,,,,,,,,9.9499999999999993,0.2526195,-0.009527777777777878,0.15297376543209912,0.28126000000000001,-0.042208055555555235,-0.05811944444444591,9.9499999999999993,0.28160299999999999,0.013815277777777838,-0.070717283950616522,0.24010000000000001,-0.07183944444444397,0.45283410493826937
,,,,,,,,,,,,,,10,0.25210499999999997,-0.0034300000000001378,0.16149583333333592,0.27920200000000001,-0.045733333333333299,-0.03731712962963387,10,0.28211750000000002,0.010004166666666705,-0.052032253086420517,0.23666999999999999,-0.048115277777777764,0.4867106481481458
,,,,,,,,,,,,,,10.049999999999999,0.25210499999999997,0.0056213888888890715,0.18843827160494156,0.27662950000000003,-0.04754361111111139,0.012280246913577387,10.049999999999999,0.2824605,0.0086702777777776276,-0.035676234567901012,0.23512650000000002,-0.021246944444444475,0.48660478395061668
,,,,,,,,,,,,,,10.1,0.2526195,0.015911388888889183,0.20696450617284043,0.27422849999999999,-0.044971111111111489,0.069499845679013364,10.1,0.28297499999999998,0.0076222222222222793,-0.040757716049381471,0.23478350000000001,0.0017149999999998245,0.46140910493827197
,,,,,,,,,,,,,,10.149999999999999,0.2536485,0.02715416666666691,0.20770555555555348,0.27199899999999999,-0.03934972222222239,0.10237067901234966,10.149999999999999,0.28331800000000001,0.0049544444444445911,-0.05425540123456829,0.23529799999999998,0.024200555555555486,0.44288287037037072
,,,,,,,,,,,,,,10.199999999999999,0.25536350000000002,0.037825277777777659,0.18441543209876285,0.27028399999999997,-0.033251944444444209,0.10485848765432303,10.199999999999999,0.28348950000000001,0.0018102777777777655,-0.063624382716050601,0.23718449999999999,0.046495555555555353,0.41271157407407272
,,,,,,,,,,,,,,10.25,0.25759300000000002,0.045447500000000009,0.15837283950617398,0.26874049999999999,-0.028297499999999809,0.095436574074073924,10.25,0.28348950000000001,-0.0015244444444444914,-0.071775925925928075,0.24010000000000001,0.065836944444444476,0.36957191358024977
,,,,,,,,,,,,,,10.299999999999999,0.25982250000000001,0.053736666666666794,0.12846620370370485,0.26754,-0.024676944444444338,0.10252947530864094,10.299999999999999,0.28331800000000001,-0.0047638888888891767,-0.089349382716050627,0.24370149999999999,0.084797222222222399,0.29858996913580471
,,,,,,,,,,,,,,10.35,0.26308100000000001,0.059453333333333552,0.079927469135801024,0.26616800000000002,-0.01915083333333335,0.12841327160493773,10.35,0.28314649999999997,-0.010385277777778097,-0.10824614197530619,0.2488465,0.097659722222222467,0.20135370370370345
,,,,,,,,,,,,,,10.399999999999999,0.26599650000000002,0.060882500000000055,0.045786265432093666,0.265482,-0.010956944444444436,0.13709413580246918,10.399999999999999,0.28228899999999996,-0.016387777777777651,-0.11470385802468769,0.25399149999999998,0.10185194444444461,0.15874336419752733
,,,,,,,,,,,,,,10.449999999999999,0.26908350000000003,0.063169166666665957,0.024348765432097269,0.26513900000000001,-0.0040016666666665901,0.1168740740740724,10.449999999999999,0.2814315,-0.021532777777777398,-0.12576666666666672,0.25879350000000001,0.10918833333333285,0.17975740740740595
,,,,,,,,,,,,,,10.5,0.27234199999999997,0.064217222222221954,-0.013974074074068388,0.26513900000000001,0.0015244444444443399,0.080827314814813589,10.5,0.28023100000000001,-0.02839277777777786,-0.14413410493827492,0.2642815,0.12538555555555578,0.099829938271608354
,,,,,,,,,,,,,,10.549999999999999,0.27560049999999997,0.062978611111111457,-0.075057716049378623,0.265482,0.0035252777777776342,0.053514351851852014,10.549999999999999,0.27868749999999998,-0.036777222222222447,-0.14879212962963073,0.27217050000000004,0.12605250000000015,-0.10189429012345601
,,,,,,,,,,,,,,10.6,0.27885900000000002,0.05697611111111147,-0.14222854938271753,0.265482,0.005335555555555452,0.050656018518519995,10.6,0.27645799999999998,-0.043923055555555653,-0.14169922839506113,0.27765849999999997,0.1113797222222223,-0.2412645061728379
,,,,,,,,,,,,,,10.649999999999999,0.2814315,0.047734166666666696,-0.1903967592592628,0.26582499999999998,0.0097183333333333566,0.029006790123458647,10.649999999999999,0.27422849999999999,-0.05002083333333332,-0.14476929012345613,0.28314649999999997,0.096992777777778302,-0.2830808641975307
,,,,,,,,,,,,,,10.699999999999999,0.283661,0.037253611111111001,-0.22384984567901403,0.26668249999999999,0.0099088888888891127,-0.018790895061728811,10.699999999999999,0.27165600000000001,-0.058976944444444401,-0.13338888888888889,0.28743400000000002,0.0810813888888893,-0.27265324074074471
,,,,,,,,,,,,,,10.749999999999998,0.28520449999999997,0.025248611111111017,-0.25036882716049286,0.26702550000000003,0.0062883333333332535,-0.038905092592594052,10.749999999999998,0.26822600000000002,-0.065646388888889018,-0.081833024691356046,0.2910355,0.069362222222222242,-0.25211558641975784
,,,,,,,,,,,,,,10.799999999999999,0.28623349999999997,0.012195555555555666,-0.26968904320987347,0.26719699999999996,0.0042874999999999103,-0.027048302469135255,10.799999999999999,0.26479599999999998,-0.066884999999999528,-0.033188425925925837,0.294294,0.058595833333332986,-0.28117530864197454
,,,,,,,,,,,,,,10.85,0.28657650000000001,-0.0032394444444442832,-0.25883796296296391,0.26736850000000001,0.0037158333333334498,-0.013550617283950808,10.85,0.26153750000000003,-0.067361388888888887,-0.010639351851855881,0.29720950000000002,0.042303333333333352,-0.3319901234567888
,,,,,,,,,,,,,,10.899999999999999,0.285719,-0.015244444444444527,-0.21987993827160621,0.26754,0.0039063888888887901,-0.014820987654321986,10.899999999999999,0.25810749999999999,-0.068028333333333635,0.012703703703702099,0.2985815,0.024010000000000017,-0.35676234567901277
,,,,,,,,,,,,,,10.949999999999999,0.28486149999999999,-0.023819444444444473,-0.20315339506172778,0.26788299999999998,0.0021913888888888109,-0.016461882716049626,10.949999999999999,0.2546775,-0.067170833333333471,0.054625925925926654,0.2996105,0.0056213888888889492,-0.3532688271604954
,,,,,,,,,,,,,,10.999999999999998,0.28348950000000001,-0.034490555555555483,-0.20437083333333125,0.26771149999999999,0.0012386111111110437,-0.0011115740740740405,10.999999999999998,0.25124750000000001,-0.063264444444444637,0.109728240740743,0.29926750000000002,-0.01400583333333346,-0.29769012345679091
,,,,,,,,,,,,,,11.049999999999999,0.2814315,-0.045256944444444024,-0.18939104938271531,0.26788299999999998,0.0024772222222221004,0.0091572530864207444,11.049999999999999,0.24816049999999998,-0.055356388888888684,0.15165046296296325,0.29772399999999999,-0.024867500000000028,-0.22856080246913435
,,,,,,,,,,,,,,11.1,0.27885900000000002,-0.054213055555555521,-0.15678487654321346,0.26805449999999997,0.0023819444444444426,0.016726543209879031,11.1,0.24575949999999999,-0.04744833333333337,0.18208641975308623,0.29669499999999999,-0.03363305555555561,-0.21268117283950586
,,,,,,,,,,,,,,11.149999999999999,0.27594350000000001,-0.061263611111111303,-0.11152793209876743,0.26805449999999997,0.0037158333333335808,0.030859413580248688,11.149999999999999,0.24335849999999998,-0.037920555555555534,0.22469675925926044,0.29463699999999998,-0.046209722222222194,-0.19606049382716059
,,,,,,,,,,,,,,11.199999999999999,0.27268500000000001,-0.06631333333333346,-0.04811527777777766,0.26839750000000001,0.0055261111111113625,0.044462962962962427,11.199999999999999,0.241815,-0.025153333333333156,0.26968904320987652,0.29189300000000001,-0.055261111111111129,-0.14508688271604944
,,,,,,,,,,,,,,11.249999999999998,0.26908350000000003,-0.066503888888889084,0.019426080246916087,0.268569,0.0082891666666667987,0.058013580246911445,11.249999999999998,0.24078600000000003,-0.010671111111111185,0.30727083333333233,0.2889775,-0.061358888888888914,-0.080033333333331846
,,,,,,,,,,,,,,11.299999999999999,0.26582499999999998,-0.062597499999999681,0.054149537037037586,0.26925500000000002,0.01105222222222217,0.075428240740738367,11.299999999999999,0.24061449999999998,0.0064788888888887243,0.32452669753086372,0.28554750000000001,-0.062788055555555208,-0.022972530864198176
,,,,,,,,,,,,,,11.35,0.26290950000000002,-0.059548611111111073,0.062883333333330613,0.269598,0.015339722222222111,0.097395061728394614,11.35,0.24147199999999999,0.023057222222222448,0.31579290123457032,0.28263199999999999,-0.062216388888889002,0.0041287037037012761
,,,,,,,,,,,,,,11.399999999999999,0.259994,-0.057833611111111349,0.097342129629628252,0.27062700000000001,0.022199722222222145,0.093054629629630223,11.399999999999999,0.24301550000000002,0.038015833333333603,0.30393611111111096,0.2793735,-0.061930555555555711,0.014291666666667063
,,,,,,,,,,,,,,11.449999999999999,0.256907,-0.051831111111111272,0.16525401234568002,0.27199899999999999,0.026010833333333257,0.064524228395062846,11.449999999999999,0.24524500000000002,0.053165000000000122,0.29340262345678708,0.27628649999999999,-0.059834444444444447,0.0072516975308659212
,,,,,,,,,,,,,,11.499999999999998,0.25450600000000001,-0.040016666666666804,0.21029922839506413,0.27337099999999998,0.027344722222222357,0.055102314814814431,11.499999999999998,0.24833200000000002,0.06793305555555533,0.2700595679012307,0.27354250000000002,-0.060120277777777696,-0.0067753086419736113
,,,,,,,,,,,,,,11.549999999999999,0.25296249999999998,-0.028488055555555451,0.21178132716049528,0.27457150000000002,0.030869999999999839,0.055684567901233085,11.549999999999999,0.25210499999999997,0.081081388888888259,0.22702577160493875,0.27062700000000001,-0.06507472222222184,0.063571450617282074
,,,,,,,,,,,,,,11.6,0.25176199999999999,-0.018674444444444199,0.20532361111111233,0.27645799999999998,0.034299999999999914,0.032606172839506592,11.6,0.25656400000000001,0.091276111111111224,0.16853580246914132,0.26633950000000001,-0.057452500000000184,0.19913055555555229
,,,,,,,,,,,,,,11.649999999999999,0.25107600000000002,-0.0085749999999997321,0.20675277777777676,0.278173,0.034490555555555517,0.0005822530864202604,11.649999999999999,0.26136599999999999,0.098136111111111354,0.10390570987654579,0.26445299999999999,-0.040683611111111385,0.25137453703703783
,,,,,,,,,,,,,,11.699999999999999,0.25090450000000003,0.0015244444444444921,0.21331635802468862,0.27988799999999997,0.034395277777777747,-0.033929475308641564,11.699999999999999,0.266511,0.10166138888888927,0.037899382716047675,0.26256649999999998,-0.028964444444444553,0.23173672839506498
,,,,,,,,,,,,,,11.749999999999998,0.25107600000000002,0.0139105555555554,0.196589814814812,0.28177449999999998,0.030965277777777824,-0.06595339506172869,11.749999999999998,0.27165600000000001,0.10185194444444458,-0.026836574074080615,0.26136599999999999,-0.014386944444444287,0.14974490740740967
,,,,,,,,,,,,,,11.799999999999999,0.25244800000000001,0.023152499999999621,0.14498101851851755,0.28297499999999998,0.027249444444444368,-0.088343672839506157,11.799999999999999,0.27680100000000002,0.099184166666665866,-0.093636882716050487,0.26205200000000001,-0.016101944444444228,0.096071759259258704
,,,,,,,,,,,,,,11.85,0.2536485,0.02763055555555537,0.10681697530864502,0.28451850000000001,0.022676111111111064,-0.12015586419753078,11.85,0.28177449999999998,0.092133611111110958,-0.15334429012345172,0.25913649999999999,-0.0086702777777777733,0.10634058641975264
,,,,,,,,,,,,,,11.899999999999999,0.25519199999999997,0.031918055555555644,0.10242361111111425,0.28537599999999996,0.015339722222222145,-0.15366188271604866,11.899999999999999,0.28606199999999998,0.083272777777777987,-0.202253549382713,0.26102300000000001,0.00028583333333338806,0.02741882716049426
,,,,,,,,,,,,,,11.949999999999999,0.25673550000000001,0.037730000000000236,0.10173549382716113,0.28606199999999998,0.0072411111111111868,-0.18415077160493695,11.949999999999999,0.29017799999999999,0.072220555555555815,-0.25529151234567932,0.26016549999999999,-0.006955277777777681,-0.033982407407407059
,,,,,,,,,,,,,,11.999999999999998,0.258965,0.043446666666666751,0.074634259259257554,0.28623349999999997,-0.0035252777777776286,-0.20188302469135677,11.999999999999998,0.29343649999999999,0.057738333333333551,-0.30721790123457082,0.25982250000000001,-0.0073363888888886702,-0.024878086419754194
,,,,,,,,,,,,,,12.049999999999999,0.2611945,0.046495555555555429,0.020061265432097793,0.285719,-0.014386944444444156,-0.1897615740740731,12.049999999999999,0.29600900000000002,0.041350555555555328,-0.35342762345678969,0.25930800000000004,-0.0067647222222222544,-0.036523148148150282
,,,,,,,,,,,,,,12.1,0.26376700000000003,0.045923888888889007,-0.042716203703705054,0.28469,-0.023247777777777662,-0.1611782407407425,12.1,0.29772399999999999,0.021818611111111105,-0.38396944444444453,0.25982250000000001,-0.014386944444444737,0.018526234567901322
,,,,,,,,,,,,,,12.149999999999999,0.26599650000000002,0.041064722222222017,-0.080774382716052071,0.28331800000000001,-0.030298333333333354,-0.13534737654321091,12.149999999999999,0.29823850000000002,0.0013338888888888524,-0.38185216049382836,0.25724999999999998,-0.011147500000000017,0.16266033950617662
,,,,,,,,,,,,,,12.199999999999999,0.26788299999999998,0.035729166666666319,-0.076804475308642026,0.28160299999999999,-0.03611027777777772,-0.12243194444444468,12.199999999999999,0.29772399999999999,-0.016959444444444596,-0.36496682098765415,0.25759300000000002,0.010575833333333652,0.14963904320987834
,,,,,,,,,,,,,,12.249999999999998,0.26942649999999996,0.032870833333333217,-0.060713117283948903,0.27971650000000003,-0.041922222222222111,-0.12005000000000106,12.249999999999998,0.2965235,-0.034681111111111086,-0.35099274691357779,0.25947950000000003,0.012100277777777954,-0.0080986111111134088
,,,,,,,,,,,,,,12.299999999999999,0.27114149999999998,0.030679444444444291,-0.063889043209873417,0.27748700000000004,-0.048782222222222275,-0.10422330246913693,12.299999999999999,0.294294,-0.05249805555555518,-0.32526774691357829,0.25930800000000004,0.0041922222222221372,-0.067117901234569344
,,,,,,,,,,,,,,12.35,0.27251349999999996,0.027725833333333515,-0.090355092592589545,0.27474299999999996,-0.053546111111111384,-0.065371141975308356,12.35,0.29120699999999999,-0.068504722222222134,-0.27413533950617719,0.25982250000000001,-0.002381944444444571,0.017149999999998847
,,,,,,,,,,,,,,12.399999999999999,0.274057,0.022104444444444774,-0.12312006172839518,0.27199899999999999,-0.055546944444444329,-0.019955401234567308,12.399999999999999,0.28726250000000003,-0.080605000000000315,-0.20802314814815162,0.25845050000000003,0.0021913888888887151,0.17488765432098852
,,,,,,,,,,,,,,12.449999999999999,0.27491450000000001,0.013243611111111256,-0.11787978395061932,0.26908350000000003,-0.05497527777777788,0.017679320987653655,12.449999999999999,0.28297499999999998,-0.088798888888889316,-0.1476276234567884,0.25913649999999999,0.023533611111111036,0.19161419753086592
,,,,,,,,,,,,,,12.499999999999998,0.275086,0.0091466666666667508,-0.090302160493829442,0.266511,-0.053736666666666905,0.053302623456792229,12.499999999999998,0.27834449999999999,-0.095087222222222309,-0.091413734567894908,0.26205200000000001,0.025153333333333323,0.12857206790123535
,,,,,,,,,,,,,,12.549999999999999,0.27577200000000002,0.0061930555555554838,-0.091995987654322875,0.26359549999999998,-0.050116111111110841,0.096177623456791483,12.549999999999999,0.27337099999999998,-0.098707777777777006,-0.023766512345677782,0.26136599999999999,0.030774722222222231,0.14196388888888853
,,,,,,,,,,,,,,12.6,0.27594350000000001,-0.00028583333333360213,-0.088872993827161365,0.26136599999999999,-0.043541944444444237,0.13005416666666489,12.6,0.26822600000000002,-0.09727861111111108,0.041075308641970801,0.26462450000000004,0.042970277777777892,0.097712654320987788
,,,,,,,,,,,,,,12.649999999999999,0.27560049999999997,-0.0041922222222224199,-0.061242438271603507,0.25930800000000004,-0.037348888888889022,0.16673611111110934,12.649999999999999,0.26359549999999998,-0.093848611111111327,0.093742746913579311,0.266511,0.04154111111111107,0.044251234567901164
,,,,,,,,,,,,,,12.699999999999999,0.27542899999999998,-0.0062883333333332717,-0.034935185185184008,0.25742149999999997,-0.027058888888889066,0.20352391975308728,12.699999999999999,0.25879350000000001,-0.088513055555555595,0.15450879629629838,0.268569,0.043351388888889002,0.055155246913579987
,,,,,,,,,,,,,,12.749999999999998,0.27491450000000001,-0.0069552777777778527,-0.022072685185184515,0.25656400000000001,-0.015816111111111072,0.21723333333333442,12.749999999999998,0.25450600000000001,-0.078318333333333226,0.21104027777777998,0.27062700000000001,0.047924722222222299,0.054255401234565105
,,,,,,,,,,,,,,12.799999999999999,0.27474299999999996,-0.0076222222222222177,-0.027630555555553504,0.25587799999999999,-0.0048591666666667208,0.21845077160493778,12.799999999999999,0.25090450000000003,-0.066408611111110669,0.24809274691357622,0.27354250000000002,0.049925555555555085,0.035623302469135275
,,,,,,,,,,,,,,12.85,0.27422849999999999,-0.0098136111111108582,-0.032341512345678239,0.25604949999999999,0.0063836111111112157,0.20934645061728499,12.85,0.24781750000000002,-0.052974444444444775,0.27191219135802125,0.27560049999999997,0.051735833333333335,0.010110030864200446
,,,,,,,,,,,,,,12.899999999999999,0.27371400000000001,-0.011147499999999914,-0.029483179012346119,0.25656400000000001,0.016483055555555702,0.1932021604938268,12.899999999999999,0.24558799999999997,-0.038968611111111363,0.28710370370370536,0.27885900000000002,0.05087833333333347,-0.014609259259258685
,,,,,,,,,,,,,,12.949999999999999,0.27319949999999998,-0.013624722222222078,-0.010586419753086884,0.25776450000000001,0.025439166666666641,0.18219228395061604,12.949999999999999,0.24387300000000001,-0.024010000000000017,0.29551990740741013,0.28074549999999998,0.048782222222222255,-0.016038425925927174
,,,,,,,,,,,,,,12.999999999999998,0.27217050000000004,-0.012767222222222124,0.016303086419751707,0.25913649999999999,0.033918888888888839,0.18123950617283791,12.999999999999998,0.24318699999999999,-0.0089561111111110207,0.29409074074074143,0.28348950000000001,0.05040194444444443,-0.039540277777780256
,,,,,,,,,,,,,,13.049999999999999,0.2718275,-0.010290000000000001,0.012121450617281607,0.26102300000000001,0.044113611111110763,0.16684197530864164,13.049999999999999,0.24301550000000002,0.0054308333333333144,0.28969737654320765,0.28606199999999998,0.046781388888888442,-0.099882870370369248
,,,,,,,,,,,,,,13.1,0.27131300000000003,-0.010671111111111242,-0.0092631172839532112,0.26359549999999998,0.052974444444444456,0.1095165123456827,13.1,0.24370149999999999,0.020198888888888811,0.27836990740740836,0.28829149999999998,0.040207222222222255,-0.16059598765431762
,,,,,,,,,,,,,,13.149999999999999,0.2707985,-0.01190972222222259,-0.020749382716050205,0.26668249999999999,0.0550705555555559,0.04837993827160561,13.149999999999999,0.2450735,0.033918888888889019,0.25105694444444576,0.29017799999999999,0.030584166666666798,-0.21495725308641797
,,,,,,,,,,,,,,13.199999999999999,0.27011249999999998,-0.013338888888889186,-0.020325925925923586,0.26908350000000003,0.056404444444444535,0.009474845679009419,13.199999999999999,0.2471315,0.046305000000000117,0.20251820987654232,0.29154999999999998,0.017435833333333584,-0.24105277777777742
,,,,,,,,,,,,,,13.249999999999998,0.26942649999999996,-0.014005833333333322,-0.015932561728392029,0.27234199999999997,0.056499722222222104,-0.035358641975312056,13.249999999999998,0.2498755,0.054879999999999957,0.13995246913579976,0.29189300000000001,0.0043827777777780677,-0.22914305555555725
,,,,,,,,,,,,,,13.299999999999999,0.26874049999999999,-0.014958611111110916,-0.011539197530863736,0.27491450000000001,0.052974444444444012,-0.080509722222221983,13.299999999999999,0.25279099999999999,0.059643888888888462,0.089190586419752901,0.29172150000000002,-0.0043827777777776999,-0.23247777777778
,,,,,,,,,,,,,,13.35,0.26788299999999998,-0.015149166666666755,-0.0095807098765434539,0.27765849999999997,0.04830583333333318,-0.1219555555555525,13.35,0.25587799999999999,0.062978611111111138,0.054520061728397989,0.29172150000000002,-0.017531111111111292,-0.25714413580247247
,,,,,,,,,,,,,,13.399999999999999,0.26719699999999996,-0.015053888888888825,-0.023290123456789203,0.27988799999999997,0.040493055555555657,-0.15318549382715829,13.399999999999999,0.25913649999999999,0.064884166666666784,0.025619135802470137,0.2900065,-0.031536944444444832,-0.25576790123456833
,,,,,,,,,,,,,,13.449999999999999,0.266511,-0.017245277777777637,-0.041975154320987453,0.28177449999999998,0.03163222222222236,-0.15800231481481394,13.449999999999999,0.26239499999999999,0.065836944444444531,-0.00793981481481538,0.28846299999999997,-0.043732500000000153,-0.2385120370370345
,,,,,,,,,,,,,,13.499999999999998,0.265482,-0.020008333333333298,-0.046897839506172274,0.28297499999999998,0.023819444444444574,-0.14858040123456681,13.499999999999998,0.26582499999999998,0.0644077777777778,-0.04785061728395195,0.285719,-0.056690277777777687,-0.1955841049382688
,,,,,,,,,,,,,,13.549999999999999,0.26445299999999999,-0.021913888888888705,-0.046791975308640793,0.28400399999999998,0.018293333333333609,-0.16430123456789972,13.549999999999999,0.26891199999999998,0.06097777777777752,-0.086173456790121353,0.2824605,-0.063264444444444068,-0.15604382716049447
,,,,,,,,,,,,,,13.6,0.26342399999999999,-0.025629722222222023,-0.026201388888889187,0.28503300000000004,0.0086702777777781376,-0.19902469135802758,13.6,0.27199899999999999,0.055642222222222516,-0.11952067901234341,0.2793735,-0.070124444444444642,-0.14799814814815168
,,,,,,,,,,,,,,13.649999999999999,0.26170900000000002,-0.025820277777777619,0.017467592592591383,0.28503300000000004,-0.0036205555555556567,-0.19600756172839939,13.649999999999999,0.27457150000000002,0.048305833333333603,-0.13735879629629832,0.27560049999999997,-0.078032500000000241,-0.13132453703703781
,,,,,,,,,,,,,,13.699999999999999,0.26068000000000002,-0.022961944444444424,0.047321296296295022,0.28451850000000001,-0.013148333333333583,-0.15191512345679156,13.699999999999999,0.27680100000000002,0.041255277777777682,-0.14164629629629868,0.2718275,-0.088608333333333511,-0.032129783950615297
,,,,,,,,,,,,,,13.749999999999998,0.25947950000000003,-0.020389444444444477,0.064630092592591948,0.28348950000000001,-0.018483888888889053,-0.1089871913580235,13.749999999999998,0.27868749999999998,0.034204722222222164,-0.1450339506172843,0.26565349999999999,-0.081462500000000063,0.067276697530868915
,,,,,,,,,,,,,,13.799999999999999,0.25862200000000002,-0.017149999999999974,0.088343672839504575,0.28263199999999999,-0.022294999999999954,-0.094695524691356905,13.799999999999999,0.28023100000000001,0.026963611111111049,-0.15016836419752908,0.26359549999999998,-0.072125277777777233,0.012703703703705382
,,,,,,,,,,,,,,13.85,0.25759300000000002,-0.011052222222222331,0.10194722222222076,0.2814315,-0.028488055555555645,-0.074898919753087573,13.85,0.2814315,0.018960277777777885,-0.15000956790123421,0.25982250000000001,-0.084225555555555345,0.029641975308638102
,,,,,,,,,,,,,,13.899999999999999,0.25759300000000002,-0.005907222222222455,0.097130401234567787,0.27954499999999999,-0.030584166666666829,-0.042239814814815702,13.899999999999999,0.28211750000000002,0.011242777777777808,-0.13682947530864309,0.25416300000000003,-0.078794722222222363,0.2118342592592565
,,,,,,,,,,,,,,13.949999999999999,0.25707849999999999,-0.0020008333333335431,0.1015237654321008,0.27834449999999999,-0.031727500000000193,-0.02413703703703686,13.949999999999999,0.2824605,0.0052402777777776728,-0.1223790123456792,0.25124750000000001,-0.059739166666666864,0.34284120370370363
,,,,,,,,,,,,,,13.999999999999998,0.25724999999999998,0.0041922222222223202,0.10734629629629777,0.27645799999999998,-0.033633055555555784,0.0032288580246941155,13.999999999999998,0.28263199999999999,-0.00038111111111109017,-0.11814444444444334,0.24833200000000002,-0.040397777777777963,0.38465756172839588
,,,,,,,,,,,,,,14.049999999999999,0.25759300000000002,0.0089561111111111178,0.11115740740740621,0.27474299999999996,-0.031346388888888709,0.026730709876546261,14.049999999999999,0.2824605,-0.006574166666666467,-0.11338055555555558,0.24678849999999999,-0.015720833333333437,0.31568703703703599
,,,,,,,,,,,,,,14.1,0.25810749999999999,0.014672777777777701,0.1243374999999995,0.27337099999999998,-0.029726666666666405,0.029430246913581062,14.1,0.28194600000000003,-0.012100277777777802,-0.099935802469138843,0.24764600000000001,-0.0060977777777777948,0.20495308641975366
,,,,,,,,,,,,,,14.149999999999999,0.258965,0.021818611111111053,0.12888966049382725,0.2718275,-0.028678611111110867,0.036681944444442949,14.149999999999999,0.28126000000000001,-0.017340555555555939,-0.072040586419753583,0.24678849999999999,-0.0060977777777778139,0.27350015432098873
,,,,,,,,,,,,,,14.199999999999999,0.26033699999999999,0.028392777777777642,0.11703287037037148,0.27045550000000002,-0.02677305555555547,0.056743209876540211,14.199999999999999,0.28005949999999996,-0.019627222222222337,-0.039328549382712796,0.24541650000000001,0.019817777777777785,0.3659195987654334
,,,,,,,,,,,,,,14.249999999999998,0.26188049999999996,0.033442500000000035,0.10094151234568066,0.26908350000000003,-0.023343055555555808,0.08447962962962853,14.249999999999998,0.27920200000000001,-0.020008333333333135,-0.029430246913577551,0.24901799999999999,0.041922222222222215,0.27106527777777795
,,,,,,,,,,,,,,14.299999999999999,0.26359549999999998,0.039254444444444515,0.069129320987655174,0.26805449999999997,-0.018198055555555728,0.10761095679012571,14.299999999999999,0.278173,-0.022009166666666403,-0.03202391975308639,0.25073299999999998,0.045733333333333293,0.18536820987654332
,,,,,,,,,,,,,,14.35,0.26599650000000002,0.041255277777777939,0.023554783950618219,0.26719699999999996,-0.011814444444444148,0.11179259259259533,14.35,0.27697250000000001,-0.023628888888888786,-0.030277160493829263,0.25313400000000003,0.055261111111111337,0.18028672839506119
,,,,,,,,,,,,,,14.399999999999999,0.26788299999999998,0.040302500000000234,0.00063518518518442847,0.26685400000000004,-0.0054308333333329692,0.08506188271604731,14.399999999999999,0.27577200000000002,-0.024772222222222234,-0.032076851851854354,0.25622100000000003,0.064503055555555411,0.17298209876543058
,,,,,,,,,,,,,,14.449999999999999,0.26994100000000004,0.040207222222222366,-0.0034935185185216099,0.26685400000000004,-0.0027630555555557255,0.048379938271601752,14.449999999999999,0.27457150000000002,-0.026963611111111323,-0.031177006172840721,0.25965099999999997,0.073459166666666534,0.14963904320987653
,,,,,,,,,,,,,,14.499999999999998,0.2718275,0.041064722222222003,-0.025301543209879387,0.26668249999999999,-0.0021913888888891197,0.040175462962963343,14.499999999999998,0.27302799999999999,-0.028392777777777958,-0.02281373456790001,0.26359549999999998,0.080795555555555579,0.093319290123455023
,,,,,,,,,,,,,,14.549999999999999,0.27422849999999999,0.038587499999999726,-0.063518518518518183,0.266511,0.0002858333333333178,0.051185339506174682,14.549999999999999,0.27165600000000001,-0.028583333333333318,-0.025513271604936511,0.26788299999999998,0.084320833333332748,0.00719876543209987
,,,,,,,,,,,,,,14.6,0.27577200000000002,0.034109444444444331,-0.092631172839505338,0.26668249999999999,0.0034300000000001946,0.053884876543210357,14.6,0.27028399999999997,-0.030679444444444443,-0.03218271604938145,0.27234199999999997,0.081271944444444563,-0.074687191358020669
,,,,,,,,,,,,,,14.649999999999999,0.27765849999999997,0.028869166666666505,-0.11433333333333227,0.26685400000000004,0.0064788888888889723,0.039487345679010105,14.649999999999999,0.268569,-0.032394444444444233,-0.028795061728395244,0.276115,0.075174166666666847,-0.1227495370370365
,,,,,,,,,,,,,,14.699999999999999,0.27868749999999998,0.022580833333333331,-0.13386527777777635,0.26736850000000001,0.0083844444444441876,0.0065635802469121924,14.699999999999999,0.26702550000000003,-0.03382361111111111,-0.020325925925927555,0.27988799999999997,0.068028333333333427,-0.14757469135802573
,,,,,,,,,,,,,,14.749999999999998,0.27988799999999997,0.016387777777777873,-0.16726543209876474,0.26788299999999998,0.0067647222222220289,-0.018261574074072213,14.749999999999998,0.26513900000000001,-0.034300000000000185,-0.013180092592591829,0.28297499999999998,0.059643888888889031,-0.15667901234568163
,,,,,,,,,,,,,,14.799999999999999,0.28057399999999999,0.0056213888888889986,-0.19468425925925859,0.26805449999999997,0.0048591666666667954,-0.01206851851851634,14.799999999999999,0.26359549999999998,-0.034776388888888655,-0.010586419753085774,0.285719,0.053069722222221859,-0.17748132716049328
,,,,,,,,,,,,,,14.85,0.2804025,-0.0045733333333334084,-0.19357268518518569,0.26822600000000002,0.0052402777777779408,0.0024348765432094543,14.85,0.26170900000000002,-0.035729166666666624,0.00037052469135561567,0.28846299999999997,0.043065555555555572,-0.21776265432098499
,,,,,,,,,,,,,,14.899999999999999,0.28005949999999996,-0.014005833333333292,-0.18145123456790122,0.268569,0.0060024999999999211,0.0039699074074069128,14.899999999999999,0.259994,-0.035824444444444659,0.029536111111109233,0.29017799999999999,0.030203055555555729,-0.24041759259259154
,,,,,,,,,,,,,,14.949999999999999,0.27903050000000001,-0.023152499999999961,-0.15821404320987675,0.26891199999999998,0.0056213888888889873,0.0040757716049381566,14.949999999999999,0.257936,-0.032585000000000183,0.056213888888888362,0.29137849999999998,0.018388611111111303,-0.24957484567901314
,,,,,,,,,,,,,,14.999999999999998,0.27765849999999997,-0.030584166666666638,-0.12285540123456741,0.26908350000000003,0.0059072222222221532,0.010374691358024711,14.999999999999998,0.25673550000000001,-0.028869166666666935,0.061401234567902092,0.2920645,0.0056213888888890498,-0.25714413580247147
,,,,,,,,,,,,,,15.049999999999999,0.27577200000000002,-0.03439527777777756,-0.10290000000000042,0.26942649999999996,0.0073363888888889591,0.0059813271604943598,15.049999999999999,0.25519199999999997,-0.02715416666666684,0.077016203703706626,0.2920645,-0.0086702777777777854,-0.23702993827160701
,,,,,,,,,,,,,,15.099999999999998,0.27440000000000003,-0.040493055555555574,-0.088555401234568829,0.26994100000000004,0.0067647222222223065,-0.0011645061728401812,15.099999999999998,0.25381999999999999,-0.021913888888888844,0.1039586419753125,0.2910355,-0.019722500000000042,-0.18981450617284001
,,,,,,,,,,,,,,15.149999999999999,0.27165600000000001,-0.045066388888888746,-0.04488641975308761,0.27011249999999998,0.0061930555555554491,0.0091572530864197556,15.149999999999999,0.25296249999999998,-0.015816111111110781,0.11523317901234729,0.28983500000000001,-0.026487222222222228,-0.16011959876543141
,,,,,,,,,,,,,,15.199999999999999,0.269598,-0.04430416666666679,-0.011962654320989861,0.27045550000000002,0.0073363888888889747,0.026042592592593269,15.199999999999999,0.25227650000000001,-0.010099444444444083,0.12200848765432031,0.28846299999999997,-0.033728333333333381,-0.16027839506172861
,,,,,,,,,,,,,,15.249999999999998,0.26736850000000001,-0.045352222222222516,0.0065635802469142324,0.2707985,0.0095277777777778329,0.031759259259258987,15.249999999999998,0.25193350000000003,-0.003811111111110925,0.1325419753086394,0.286748,-0.044875833333333316,-0.12343765432098834
,,,,,,,,,,,,,,15.299999999999999,0.26496749999999997,-0.044208888888888929,0.033717746913583091,0.27148450000000002,0.01067111111111114,0.03371774691357942,15.299999999999999,0.25193350000000003,0.002191388888888902,0.15890216049382391,0.28348950000000001,-0.047924722222222389,-0.055419907407406939
,,,,,,,,,,,,,,15.349999999999998,0.26290950000000002,-0.042208055555555339,0.066323919753087407,0.2718275,0.012481388888888834,0.041181172839505183,15.349999999999998,0.25193350000000003,0.01210027777777762,0.18340972222221844,0.28177449999999998,-0.047067222222222226,-0.040598919753083912
,,,,,,,,,,,,,,15.399999999999999,0.26068000000000002,-0.03811111111111095,0.10824614197530534,0.27268500000000001,0.015053888888888688,0.043933641975309419,15.399999999999999,0.25313400000000003,0.022294999999999399,0.1767932098765419,0.27920200000000001,-0.052402777777777375,-0.021543364197531126
,,,,,,,,,,,,,,15.449999999999999,0.258965,-0.031251111111111424,0.14275787037036874,0.27337099999999998,0.017150000000000106,0.040704783950619557,15.449999999999999,0.25433449999999996,0.029821944444444175,0.16594212962963437,0.276115,-0.050497222222222332,0.016250154320985231
,,,,,,,,,,,,,,15.499999999999998,0.25742149999999997,-0.02210444444444459,0.14429290123457003,0.27440000000000003,0.019150833333333499,0.033506018518519337,15.499999999999998,0.25604949999999999,0.038206388888889067,0.16181342592593004,0.27422849999999999,-0.049639722222222397,0.037687654320988632
,,,,,,,,,,,,,,15.549999999999999,0.256907,-0.015434999999999949,0.1210557098765455,0.27525749999999999,0.021151666666666801,0.014291666666666316,15.549999999999999,0.25810749999999999,0.046876666666666948,0.14122283950617273,0.27114149999999998,-0.047638888888888786,0.074845987654323418
,,,,,,,,,,,,,,15.599999999999998,0.25604949999999999,-0.011623888888888762,0.12454922839506255,0.27662950000000003,0.02105638888888911,-0.011962654320990524,15.599999999999998,0.26085150000000001,0.053355555555555594,0.10194722222221914,0.26925500000000002,-0.041826944444444208,0.10369398148148197
,,,,,,,,,,,,,,15.649999999999999,0.25553500000000001,-0.0042874999999998383,0.15011543209876313,0.27748700000000004,0.018769722222221945,-0.019531944444447034,15.649999999999999,0.26359549999999998,0.056690277777777381,0.066906172839506353,0.26702550000000003,-0.036681944444444274,0.12052638888888602
,,,,,,,,,,,,,,15.699999999999999,0.25553500000000001,0.0045733333333332236,0.15535570987654213,0.27834449999999999,0.018769722222221969,-0.022972530864196636,15.699999999999999,0.266511,0.05954861111111126,0.039487345679015823,0.265482,-0.029440833333333458,0.12656064814814641
,,,,,,,,,,,,,,15.749999999999998,0.25604949999999999,0.012576666666666604,0.13513564814814921,0.2793735,0.018198055555555526,-0.054784722222220444,15.749999999999998,0.269598,0.060977777777778047,0.0065635802469143703,0.26411000000000001,-0.023057222222222316,0.11353935185185231
,,,,,,,,,,,,,,15.799999999999999,0.256907,0.018293333333333422,0.1080344135802478,0.2804025,0.013434166666666655,-0.088872993827158894,15.799999999999999,0.27268500000000001,0.060596666666666889,-0.033188425925927925,0.2632525,-0.017912222222222326,0.097500925925928128
,,,,,,,,,,,,,,15.849999999999998,0.257936,0.022676111111111147,0.091625462962963033,0.28074549999999998,0.0078127777777779305,-0.098347839506171639,15.849999999999998,0.27577200000000002,0.057643055555555496,-0.073522685185187328,0.26239499999999999,-0.014196388888888719,0.095330709876545461
,,,,,,,,,,,,,,15.899999999999999,0.25913649999999999,0.027249444444444427,0.079345216049383119,0.28108850000000002,0.0033347222222224315,-0.1014179012345684,15.899999999999999,0.27851599999999999,0.052879166666666415,-0.10782268518518247,0.26170900000000002,-0.008670277777777468,0.098983024691356392
,,,,,,,,,,,,,,15.949999999999999,0.26068000000000002,0.031251111111111236,0.057484259259260866,0.28108850000000002,-0.0014291666666666283,-0.11613302469136093,15.949999999999999,0.28108850000000002,0.046971944444444767,-0.14323425925925645,0.26153750000000003,-0.0032394444444444116,0.085538271604935143
,,,,,,,,,,,,,,15.999999999999998,0.26239499999999999,0.032870833333333668,0.036099691358023628,0.28108850000000002,-0.008479722222222404,-0.12603132716049673,15.999999999999998,0.28331800000000001,0.038682777777778288,-0.17901635802469604,0.26153750000000003,-0.00047638888888915749,0.077122067901233646
,,,,,,,,,,,,,,16.049999999999997,0.26393850000000002,0.034490555555555552,0.017626388888884629,0.28023100000000001,-0.015435000000000197,-0.11173966049382571,16.049999999999997,0.28503300000000004,0.02867861111111096,-0.20632932098765985,0.26136599999999999,0.0041922222222220461,0.072728703703704489
,,,,,,,,,,,,,,16.099999999999998,0.26582499999999998,0.035729166666666229,-0.020061265432099868,0.2793735,-0.019531944444444362,-0.096706944444440682,16.099999999999998,0.28623349999999997,0.017435833333332946,-0.2212032407407393,0.26205200000000001,0.0071458333333332983,0.0612424382716047
,,,,,,,,,,,,,,16.149999999999999,0.26771149999999999,0.033061388888888738,-0.065582870370367238,0.27834449999999999,-0.024391111111110805,-0.091043209876542089,16.149999999999999,0.286748,0.0063836111111110457,-0.22977824074073636,0.26205200000000001,0.01028999999999987,0.048591666666665777
,,,,,,,,,,,,,,16.199999999999999,0.26925500000000002,0.027821111111111099,-0.084426697530860975,0.27697250000000001,-0.029440833333333152,-0.072569907407411052,16.199999999999999,0.28691949999999999,-0.0055261111111111318,-0.23491265432098499,0.26308100000000001,0.013053055555555332,0.018208641975309848
,,,,,,,,,,,,,,16.25,0.27045550000000002,0.023152500000000228,-0.074369598765432546,0.27525749999999999,-0.032013333333333706,-0.048697530864201449,16.25,0.28623349999999997,-0.017912222222222187,-0.22395570987654576,0.26359549999999998,0.011528611111111191,-0.0010586419753072247
,,,,,,,,,,,,,,16.299999999999997,0.27148450000000002,0.020008333333333347,-0.056319753086421787,0.27371400000000001,-0.03344250000000043,-0.037052469135800889,16.299999999999997,0.28503300000000004,-0.028488055555555673,-0.20225354938271753,0.26411000000000001,0.011814444444444523,0.001640895061727915
,,,,,,,,,,,,,,16.349999999999998,0.27234199999999997,0.018864999999999878,-0.061560030864197195,0.27199899999999999,-0.035729166666666652,-0.023872376543205533,16.349999999999998,0.28331800000000001,-0.037729999999999903,-0.1861092592592565,0.26479599999999998,0.011814444444444341,0.0060342592592589929
,,,,,,,,,,,,,,16.399999999999999,0.27354250000000002,0.014768055555555588,-0.083579783950615064,0.27011249999999998,-0.037158333333333078,0.010904012345680001,16.399999999999999,0.28126000000000001,-0.046686111111110894,-0.17451712962962848,0.2653105,0.011814444444444391,0.020696450617285284
,,,,,,,,,,,,,,16.449999999999999,0.2738855,0.0094325000000001057,-0.088079012345677554,0.26805449999999997,-0.034490555555555337,0.044198302469132034,16.449999999999999,0.27868749999999998,-0.055832777777777613,-0.14836867283950986,0.26582499999999998,0.014386944444444555,0.024137037037039222
,,,,,,,,,,,,,,16.5,0.27440000000000003,0.0053355555555557694,-0.080456790123459007,0.26668249999999999,-0.031536944444444832,0.058119444444442635,16.5,0.27560049999999997,-0.06297861111111161,-0.094272067901239778,0.26685400000000004,0.015339722222222589,0.0035464506172842116
,,,,,,,,,,,,,,16.549999999999997,0.27440000000000003,0.0016197222222221579,-0.073469753086423215,0.26496749999999997,-0.029250277777778121,0.080562654320992674,16.549999999999997,0.27217050000000004,-0.065646388888889587,-0.030859413580243054,0.26736850000000001,0.015053888888889028,-0.020696450617286578
,,,,,,,,,,,,,,16.599999999999998,0.27457150000000002,-0.001905555555555817,-0.067223765432098667,0.26359549999999998,-0.023914722222221907,0.10967530864198029,16.599999999999998,0.26891199999999998,-0.065169999999999811,0.018367438271611952,0.26839750000000001,0.013815277777777702,-0.036893672839506918
,,,,,,,,,,,,,,16.649999999999999,0.27422849999999999,-0.0056213888888889674,-0.052932098765430112,0.26256649999999998,-0.018007499999999465,0.13370648148148148,16.649999999999999,0.26565349999999999,-0.063645555555554983,0.061242438271604728,0.26925500000000002,0.0061930555555555654,0.041763425925925794
,,,,,,,,,,,,,,16.699999999999999,0.2738855,-0.0071458333333331986,-0.039116820987654753,0.26170900000000002,-0.010194722222221784,0.14884506172839096,16.699999999999999,0.26239499999999999,-0.059072222222221991,0.10035925925925249,0.26822600000000002,0.012862499999999881,0.19547824074074102
,,,,,,,,,,,,,,16.75,0.27354250000000002,-0.0089561111111113,-0.033770679012347982,0.26153750000000003,-0.0022866666666665988,0.1470453703703675,16.75,0.25965099999999997,-0.052498055555556165,0.11994413580246797,0.269598,0.035157500000000355,0.17949274691358505
,,,,,,,,,,,,,,16.799999999999997,0.27302799999999999,-0.011052222222222588,-0.019479012345677421,0.26153750000000003,0.0047638888888887621,0.13947608024691163,16.799999999999997,0.25724999999999998,-0.047067222222222559,0.13862916666667471,0.2728565,0.038778055555555933,0.017785185185181403
,,,,,,,,,,,,,,16.849999999999998,0.27234199999999997,-0.011338055555555447,0.00058225308642322201,0.26205200000000001,0.011147499999999637,0.1376234567901222,16.849999999999998,0.25484899999999999,-0.039635555555554931,0.17229398148148603,0.274057,0.031346388888888577,-0.061083641975311111
,,,,,,,,,,,,,,16.899999999999999,0.2718275,-0.010385277777777443,0.0087337962962955786,0.26256649999999998,0.018674444444444268,0.13084814814814952,16.899999999999999,0.25313400000000003,-0.029345555555554959,0.19658981481481078,0.27560049999999997,0.028202222222222059,-0.056213888888887183
,,,,,,,,,,,,,,16.949999999999999,0.27131300000000003,-0.009527777777777786,-0.00079398148148498299,0.26393850000000002,0.025534444444444426,0.10131203703704027,16.949999999999999,0.25193350000000003,-0.019055555555555433,0.20442376543209259,0.27680100000000002,0.026487222222222179,-0.046527314814811892
,,,,,,,,,,,,,,17,0.27096999999999999,-0.01038527777777816,-0.012968364197531395,0.2653105,0.028869166666667102,0.070664351851853185,17,0.25124750000000001,-0.0087655555555557225,0.20722916666666621,0.27834449999999999,0.024105277777778041,-0.04419830246913526
,,,,,,,,,,,,,,17.049999999999997,0.27028399999999997,-0.011528611111111205,-0.013180092592588928,0.26685400000000004,0.031441666666666958,0.058384104938265909,17.049999999999997,0.25107600000000002,0.0012386111111110491,0.21305169753086528,0.27920200000000001,0.021723333333333556,-0.042769135802472956
,,,,,,,,,,,,,,17.099999999999998,0.2697695,-0.011909722222221836,-0.0094219135802454668,0.26839750000000001,0.034490555555554935,0.048115277777771949,17.099999999999998,0.25124750000000001,0.013053055555555346,0.20738796296296039,0.2804025,0.020770555555555292,-0.05986620370370771
,,,,,,,,,,,,,,17.149999999999999,0.26908350000000003,-0.012100277777777613,-0.012650771604941326,0.27028399999999997,0.03772999999999934,0.0075692901234591997,17.149999999999999,0.25244800000000001,0.023533611111110752,0.17361728395061746,0.2814315,0.016959444444443965,-0.096548148148147217
,,,,,,,,,,,,,,17.199999999999999,0.268569,-0.012671944444444637,-0.02456049382716342,0.27234199999999997,0.036586666666666511,-0.05647854938270843,17.199999999999999,0.25381999999999999,0.030012499999999897,0.14349891975309118,0.28228899999999996,0.009813611111110827,-0.11089274691357527
,,,,,,,,,,,,,,17.25,0.26788299999999998,-0.014482222222222585,-0.035199845679011861,0.274057,0.03239444444444501,-0.10909305555555436,17.25,0.25536350000000002,0.037253611111111674,0.12206141975309075,0.28228899999999996,0.0044780555555557645,-0.10226481481481214
,,,,,,,,,,,,,,17.299999999999997,0.26719699999999996,-0.017435833333333355,-0.021596296296292561,0.276115,0.020770555555555705,-0.06812361111111484,17.299999999999997,0.25759300000000002,0.043065555555556051,0.087496759259254875,0.28263199999999999,0.00066694444444470602,-0.11205725308642082
,,,,,,,,,,,,,,17.349999999999998,0.26599650000000002,-0.017721666666666306,0.012862500000001354,0.27560049999999997,0.018960277777777881,0.074581327160489305,17.349999999999998,0.25982250000000001,0.046019166666666306,0.052508641975301668,0.2824605,-0.0052402777777778237,-0.14593379629629519
,,,,,,,,,,,,,,17.399999999999999,0.2653105,-0.015530277777777671,0.036099691358022989,0.27680100000000002,0.036777222222221954,0.062989197530860422,17.399999999999999,0.2622235,0.04782944444444396,0.024295833333331438,0.28228899999999996,-0.014386944444444197,-0.16906512345678751
,,,,,,,,,,,,,,17.449999999999999,0.26445299999999999,-0.013243611111110984,0.039593209876540948,0.2804025,0.035443333333333028,-0.127831018518516,17.449999999999999,0.26462450000000004,0.048686944444443853,-0.0075692901234520283,0.28108850000000002,-0.024676944444444099,-0.14498101851852074
,,,,,,,,,,,,,,17.5,0.26393850000000002,-0.010385277777777925,0.018685030864196719,0.28126000000000001,0.017626388888888955,-0.22030339506173033,17.5,0.26719699999999996,0.047353055555555718,-0.044727623456783404,0.27954499999999999,-0.029917222222222536,-0.09988287037037423
,,,,,,,,,,,,,,17.549999999999997,0.26359549999999998,-0.010956944444444549,-0.0091043209876526272,0.28160299999999999,0.0068599999999998862,-0.19219645061728594,17.549999999999997,0.26942649999999996,0.044113611111111804,-0.079927469135803661,0.27800150000000001,-0.033156666666666987,-0.078762962962960176
,,,,,,,,,,,,,,17.599999999999998,0.26290950000000002,-0.012767222222222027,-0.0087867283950594545,0.28177449999999998,-0.00066694444444450414,-0.15863749999999815,17.599999999999998,0.27165600000000001,0.039445000000000036,-0.11211018518519027,0.27628649999999999,-0.036777222222221878,-0.076592746913575038
,,,,,,,,,,,,,,17.649999999999999,0.2622235,-0.01295777777777752,0.015138580246913183,0.28160299999999999,-0.0080033333333333016,-0.13741172839505983,17.649999999999999,0.27354250000000002,0.031822777777777318,-0.12190262345679058,0.27440000000000003,-0.041541111111110619,-0.065053549382715917
,,,,,,,,,,,,,,17.699999999999999,0.26153750000000003,-0.011338055555555416,0.043139660493824457,0.28091699999999997,-0.014196388888888746,-0.12296126543209968,17.699999999999999,0.27474299999999996,0.025724999999999779,-0.10432916666666199,0.27199899999999999,-0.043827777777777445,-0.046686111111117118
,,,,,,,,,,,,,,17.75,0.26102300000000001,-0.008193888888889023,0.061930555555554573,0.28023100000000001,-0.020865833333333583,-0.099618209876546279,17.75,0.27594350000000001,0.022390277777778186,-0.10162962962962818,0.26994100000000004,-0.045352222222222717,-0.037422993827166066
,,,,,,,,,,,,,,17.799999999999997,0.26068000000000002,-0.0042875000000000343,0.064471296296296221,0.27868749999999998,-0.024772222222222622,-0.065477006172836402,17.799999999999997,0.277144,0.016578333333333441,-0.11560370370370614,0.26754,-0.046971944444445156,-0.032341512345674818
,,,,,,,,,,,,,,17.849999999999998,0.26068000000000002,-0.0016197222222224361,0.063571450617283851,0.27765849999999997,-0.026391944444444121,-0.051714660493821459,17.849999999999998,0.27765849999999997,0.0098136111111111358,-0.11454506172839451,0.265482,-0.052307499999999514,0.037793518518524992
,,,,,,,,,,,,,,17.899999999999999,0.26050849999999998,0.0012386111111110691,0.075534104938272409,0.276115,-0.029631388888888294,-0.042239814814815223,17.899999999999999,0.27800150000000001,0.004859166666666798,-0.10845787037036907,0.26153750000000003,-0.043541944444444002,0.11729753086419596
,,,,,,,,,,,,,,17.949999999999999,0.26068000000000002,0.0061930555555555905,0.083262191358025192,0.27457150000000002,-0.029821944444444165,-0.04351018518519225,17.949999999999999,0.278173,-0.00047638888888877222,-0.10893425925925887,0.26136599999999999,-0.03801583333333311,0.15434999999999519
,,,,,,,,,,,,,,18,0.2611945,0.010194722222222336,0.079715740740741503,0.27354250000000002,-0.036681944444445162,-0.0021702160493869971,18,0.27800150000000001,-0.0063836111111109815,-0.10215895061728668,0.25759300000000002,-0.02867861111111128,0.19584876543209753
,,,,,,,,,,,,,,18.049999999999997,0.26170900000000002,0.014005833333333379,0.077016203703702907,0.27011249999999998,-0.030298333333333812,0.046686111111117125,18.049999999999997,0.27748700000000004,-0.011338055555555658,-0.083526851851854197,0.25845050000000003,-0.01772166666666692,0.20701743827160726
,,,,,,,,,,,,,,18.099999999999998,0.26256649999999998,0.01810277777777752,0.070717283950617119,0.2707985,-0.027916388888888657,0.030753549382722904,18.099999999999998,0.27680100000000002,-0.014863333333333421,-0.061930555555555156,0.2557065,-0.0066694444444444613,0.18891466049382558
,,,,,,,,,,,,,,18.149999999999999,0.26359549999999998,0.020961111111111198,0.06604867283950773,0.26771149999999999,-0.031155833333332741,0.077280864197530982,18.149999999999999,0.27594350000000001,-0.017150000000000012,-0.046686111111110672,0.25759300000000002,0.0069552777777775613,0.087496759259259108
,,,,,,,,,,,,,,18.199999999999999,0.26462450000000004,0.024391111111111207,0.066323919753087421,0.26685400000000004,-0.020484722222221929,0.12375524691357405,18.199999999999999,0.275086,-0.019150833333333332,-0.038111111111112185,0.257936,-0.0039063888888889705,0.094960185185186674
,,,,,,,,,,,,,,18.25,0.26599650000000002,0.028297500000000222,0.051291203703704775,0.26599650000000002,-0.015339722222222523,0.11295709876542898,18.25,0.274057,-0.021342222222222481,-0.024189969135803516,0.25604949999999999,0.0056213888888887184,0.27233564814815531
,,,,,,,,,,,,,,18.299999999999997,0.26754,0.030298333333333659,0.02048472222221882,0.2653105,-0.0093372222222224861,0.10078271604938294,18.299999999999997,0.2728565,-0.021818611111111344,-0.0067753086419728792,0.25724999999999998,0.033918888888889526,0.27307669753086627
,,,,,,,,,,,,,,18.349999999999998,0.26908350000000003,0.030774722222221929,-0.017414660493831519,0.26513900000000001,-0.0056213888888891209,0.096548148148148383,18.349999999999998,0.2718275,-0.021342222222222096,-0.00010586419752787024,0.26068000000000002,0.043446666666666238,0.099512345679006922
,,,,,,,,,,,,,,18.399999999999999,0.2707985,0.027821111111110648,-0.041075308641974319,0.26479599999999998,-0.0015244444444446649,0.12539614197530982,18.399999999999999,0.2707985,-0.021818611111110862,0.0059813271604941057,0.26273799999999997,0.033633055555555021,0.074951851851852769
,,,,,,,,,,,,,,18.449999999999999,0.2718275,0.025248611111110885,-0.039487345679007142,0.26479599999999998,0.005907222222222161,0.15900802469136133,18.449999999999999,0.269598,-0.021342222222222054,0.020061265432096052,0.26256649999999998,0.045447499999999648,0.14032299382716765
,,,,,,,,,,,,,,18.5,0.27319949999999998,0.024486388888889304,-0.047374228395059108,0.26496749999999997,0.019246111111111571,0.10226481481481943,18.5,0.268569,-0.01934138888888912,0.025619135802468013,0.26719699999999996,0.058310000000000924,0.044198302469142615
,,,,,,,,,,,,,,18.549999999999997,0.27440000000000003,0.021532777777778025,-0.073099228395064705,0.26736850000000001,0.020865833333333791,-0.035782098765435415,18.549999999999997,0.26771149999999999,-0.018007500000000065,0.018473302469137257,0.2697695,0.049353888888889696,-0.046844907407414378
,,,,,,,,,,,,,,18.599999999999998,0.27542899999999998,0.01695944444444426,-0.096971604938272171,0.26771149999999999,0.010480555555555484,-0.085273611111113159,18.599999999999998,0.26685400000000004,-0.018007499999999933,0.018579166666667854,0.27165600000000001,0.046686111111110921,-0.032288580246921952
,,,,,,,,,,,,,,18.649999999999999,0.276115,0.011528611111111224,-0.11443919753086272,0.26788299999999998,0.0078127777777778056,-0.047162500000000107,18.649999999999999,0.26582499999999998,-0.016673611111111028,0.026095524691358233,0.274057,0.048686944444443929,-0.050391358024692752
,,,,,,,,,,,,,,18.699999999999999,0.27662950000000003,0.0051450000000001017,-0.12237901234568015,0.26839750000000001,0.0072411111111111105,-0.019637808641975483,18.699999999999999,0.26513900000000001,-0.014577499999999839,0.018737962962961666,0.27697250000000001,0.04420888888888852,-0.10549367283950002
,,,,,,,,,,,,,,18.75,0.27662950000000003,-0.0012386111111113436,-0.11952067901234874,0.26874049999999999,0.0059072222222222061,0.0032288580246915177,18.75,0.26445299999999999,-0.014196388888888955,0.0016938271604920042,0.27868749999999998,0.035633888888889298,-0.12550200617283602
,,,,,,,,,,,,,,18.799999999999997,0.27645799999999998,-0.006860000000000247,-0.11438626543209851,0.26874049999999999,0.0083844444444445398,-0.00079398148148239359,18.799999999999997,0.26376700000000003,-0.014672777777777918,-0.0079398148148152915,0.28023100000000001,0.031060555555556132,-0.13360061728395525
,,,,,,,,,,,,,,18.849999999999998,0.27594350000000001,-0.012386111111111072,-0.11269243827160151,0.269598,0.0089561111111108975,-0.051397067901235244,18.849999999999998,0.26308100000000001,-0.016578333333333493,0.011856790123459145,0.28194600000000003,0.023819444444444154,-0.16064891975309051
,,,,,,,,,,,,,,18.899999999999999,0.27525749999999999,-0.018388611111110953,-0.10570540123456562,0.27011249999999998,0.0025724999999998262,-0.077598456790120104,18.899999999999999,0.26188049999999996,-0.01438694444444419,0.048221141975310085,0.28280349999999999,0.013719999999999587,-0.16530694444444197
,,,,,,,,,,,,,,18.949999999999999,0.274057,-0.023438333333333075,-0.089561111111112743,0.27011249999999998,-0.0070505555555554411,0.032553240740743596,18.949999999999999,0.26153750000000003,-0.010099444444444178,0.056266820987651726,0.28314649999999997,0.006002500000000059,-0.14715123456789758
,,,,,,,,,,,,,,19,0.2728565,-0.027344722222222381,-0.070981944444448747,0.26805449999999997,0.0059072222222224238,0.13709413580247429,19,0.26102300000000001,-0.008098611111111249,0.050073765432095886,0.28331800000000001,2.0021600118565649e-16,-0.14154043209876757
,,,,,,,,,,,,,,19.049999999999997,0.27131300000000003,-0.030584166666667068,-0.049650308641975255,0.2707985,0.017721666666667146,0.052826234567901149,19.049999999999997,0.26068000000000002,-0.0054308333333336059,0.046686111111110574,0.28331800000000001,-0.008384444444444741,-0.13323009259259358
,,,,,,,,,,,,,,19.099999999999998,0.2697695,-0.032870833333333356,-0.019108487654317378,0.27096999999999999,0.010671111111111235,-0.033664814814817638,19.099999999999998,0.26050849999999998,-0.0034300000000002319,0.043721913580248239,0.28228899999999996,-0.01371999999999985,-0.1199441358024655
,,,,,,,,,,,,,,19.149999999999999,0.26788299999999998,-0.032394444444444184,0.0093160493827169118,0.27148450000000002,0.0084797222222222132,-0.025566203703706634,19.149999999999999,0.26033699999999999,-0.0013338888888888977,0.046209722222224144,0.28194600000000003,-0.019150833333332982,-0.12280246913580145
,,,,,,,,,,,,,,19.199999999999999,0.266511,-0.031155833333333185,0.023872376543207025,0.27165600000000001,0.0081938888888885633,-0.0049226851851860353,19.199999999999999,0.26033699999999999,0.0013338888888889007,0.046897839506175092,0.28057399999999999,-0.027154166666666493,-0.10300586419753423
,,,,,,,,,,,,,,19.25,0.26479599999999998,-0.030107777777778108,0.039169753086419082,0.27234199999999997,0.008670277777777612,0.010480555555558593,19.25,0.26050849999999998,0.0034300000000002926,0.047797685185187178,0.27903050000000001,-0.031536944444444798,-0.047268364197534385
,,,,,,,,,,,,,,19.299999999999997,0.26342399999999999,-0.027440000000000121,0.056849074074078097,0.27251349999999996,0.0093372222222223942,0.017626388888891783,19.299999999999997,0.26068000000000002,0.0056213888888891816,0.058701697530862997,0.277144,-0.03067944444444486,-0.010110030864194491
,,,,,,,,,,,,,,19.349999999999998,0.26205200000000001,-0.024486388888888561,0.073363888888890907,0.27319949999999998,0.011147500000000239,0.0075692901234562862,19.349999999999998,0.26102300000000001,0.0089561111111111456,0.075692901234564111,0.276115,-0.031441666666666465,0.0035993827160541014
,,,,,,,,,,,,,,19.399999999999999,0.26085150000000001,-0.019531944444444223,0.080033333333332166,0.27371400000000001,0.011242777777777902,-0.026518981481484485,19.399999999999999,0.26153750000000003,0.013148333333333135,0.090619753086416913,0.2738855,-0.030203055555555223,0.0060871913580255316
,,,,,,,,,,,,,,19.449999999999999,0.26016549999999999,-0.015530277777777568,0.073787345679009894,0.27440000000000003,0.0087655555555552541,-0.057960648148149836,19.449999999999999,0.2622235,0.019150833333332978,0.083685648148150479,0.27302799999999999,-0.029059722222221879,-0.016250154320991188
,,,,,,,,,,,,,,19.5,0.25947950000000003,-0.014005833333333354,0.099459413580244724,0.27474299999999996,0.0043827777777776175,-0.057590123456790848,19.5,0.26359549999999998,0.022676111111111504,0.054996450617287078,0.27131300000000003,-0.032394444444444573,-0.017943981481488399
,,,,,,,,,,,,,,19.549999999999997,0.25845050000000003,-0.0069552777777779455,0.14614552469135716,0.275086,-0.0027630555555556761,0.038428703703705373,19.549999999999997,0.26462450000000004,0.023628888888889126,0.041922222222219148,0.26994100000000004,-0.036872500000000689,0.074475462962963243
,,,,,,,,,,,,,,19.599999999999998,0.25862200000000002,0.0030488888888886025,0.14889799382715743,0.27337099999999998,0.0084797222222222513,0.12073811728394962,19.599999999999998,0.26582499999999998,0.026487222222221902,0.035940895061724758,0.266511,-0.023914722222222382,0.14974490740740973
,,,,,,,,,,,,,,19.649999999999999,0.258965,0.0096230555555550674,0.11782685185185153,0.27594350000000001,0.019531944444444293,0.022866666666667246,19.649999999999999,0.26736850000000001,0.027630555555555287,0.023501851851851621,0.26771149999999999,-0.012290833333333336,0.07135246913580566
,,,,,,,,,,,,,,19.699999999999999,0.25965099999999997,0.014577499999999702,0.086649845679016888,0.27645799999999998,0.011242777777777864,-0.095489506172836414,19.699999999999999,0.268569,0.028869166666666307,0.0093689814814855582,0.26668249999999999,-0.022771388888888518,0.080350925925926131
,,,,,,,,,,,,,,19.75,0.26050849999999998,0.017531111111111386,0.068547067901239642,0.27680100000000002,0.0048591666666669047,-0.12343765432098901,19.75,0.27028399999999997,0.029250277777778153,-0.016832407407403677,0.26393850000000002,-0.0096230555555556711,0.16938271604938446
,,,,,,,,,,,,,,19.799999999999997,0.26136599999999999,0.020865833333333691,0.061560030864197819,0.27697250000000001,-0.0021913888888888469,-0.10856373456790368,19.799999999999997,0.27165600000000001,0.026677777777778203,-0.035093981481484814,0.26565349999999999,0.0040016666666667401,0.10237067901234743
,,,,,,,,,,,,,,19.849999999999998,0.26256649999999998,0.024391111111111193,0.043510185185182015,0.27680100000000002,-0.010575833333333194,-0.013127160493828628,19.849999999999998,0.2728565,0.025343888888888649,-0.048168209876547095,0.265482,1.40042780612711e-16,0.041816358024691046
,,,,,,,,,,,,,,19.899999999999999,0.26393850000000002,0.025534444444444363,0.019161419753083993,0.27491450000000001,-0.0024772222222222309,0.054149537037032479,19.899999999999999,0.27422849999999999,0.022771388888888574,-0.075428240740739519,0.26513900000000001,0.0031441666666666471,0.055684567901233502
,,,,,,,,,,,,,,19.949999999999999,0.26513900000000001,0.025820277777777512,0.0027524691358031088,0.27662950000000003,0.00419222222222189,-0.038746296296298978,19.949999999999999,0.27525749999999999,0.017912222222222159,-0.10168256172839107,0.26565349999999999,0.00762222222222219,0.043351388888889571
,,,,,,,,,,,,,,20,0.266511,0.026010833333333438,-0.015032716049381438,0.27645799999999998,-0.0078127777777782393,-0.1122689814814833,20,0.276115,0.011338055555555766,-0.10522901234567801,0.26616800000000002,0.0084797222222224057,0.017732253086420725
,,,,,,,,,,,,,,20.049999999999997,0.26788299999999998,0.023724166666666806,-0.022760802469137961,0.27542899999999998,-0.013720000000000379,-0.075322376543206268,20.049999999999997,0.27628649999999999,0.0063836111111113649,-0.090778549382717566,0.266511,0.008575000000000178,0.0030700617283937301
,,,,,,,,,,,,,,20.099999999999998,0.26874049999999999,0.023533611111110849,-0.028106944444446641,0.27474299999999996,-0.014482222222222065,-0.042874999999994834,20.099999999999998,0.27662950000000003,0.0034300000000000949,-0.094325000000001991,0.26702550000000003,0.0082891666666666444,0.0013233024691338294
,,,,,,,,,,,,,,20.149999999999999,0.27028399999999997,0.022199722222221913,-0.054467129629627943,0.274057,-0.015434999999999671,-0.048591666666664569,20.149999999999999,0.27680100000000002,-0.0022866666666668378,-0.10972824074074099,0.26736850000000001,0.0079080555555553489,0.016726543209876713
,,,,,,,,,,,,,,20.199999999999999,0.27114149999999998,0.017721666666666629,-0.074263734567897893,0.27337099999999998,-0.019150833333332933,-0.061877623456792652,20.199999999999999,0.27645799999999998,-0.0088608333333333317,-0.10401157407407396,0.26771149999999999,0.009527777777777786,0.038481635802471353
,,,,,,,,,,,,,,20.25,0.27199899999999999,0.013815277777777897,-0.076381018518517724,0.27217050000000004,-0.023533611111111259,-0.043721913580251903,20.25,0.27577200000000002,-0.01324361111111126,-0.088396604938273185,0.26822600000000002,0.01286250000000032,0.038216975308642681
,,,,,,,,,,,,,,20.299999999999997,0.27251349999999996,0.010004166666666819,-0.072940432098766494,0.2707985,-0.023819444444444875,-0.02196682098765344,20.299999999999997,0.275086,-0.016673611111111413,-0.087708487654319059,0.26908350000000003,0.014577500000000068,0.013391820987651465
,,,,,,,,,,,,,,20.349999999999998,0.27302799999999999,0.0060977777777778616,-0.061454166666667913,0.2697695,-0.024200555555555409,-0.025566203703700618,20.349999999999998,0.27422849999999999,-0.021913888888888691,-0.088449537037031609,0.2697695,0.014386944444444187,-0.015138580246914828
,,,,,,,,,,,,,,20.399999999999999,0.27302799999999999,0.0038111111111109983,-0.051344135802469749,0.26839750000000001,-0.024867499999999824,-0.046527314814814084,20.399999999999999,0.2728565,-0.026487222222221714,-0.07235817901234419,0.27062700000000001,0.012195555555555388,-0.026466049382713717
,,,,,,,,,,,,,,20.449999999999999,0.27337099999999998,0.00209611111111101,-0.061612962962961648,0.26771149999999999,-0.031822777777777686,-0.010586419753088411,20.449999999999999,0.27148450000000002,-0.029250277777777344,-0.052085185185190806,0.27096999999999999,0.010290000000000063,-0.010639351851848841
,,,,,,,,,,,,,,20.5,0.27337099999999998,-0.0020008333333332794,-0.077227932098764648,0.26479599999999998,-0.0308700000000003,0.11147500000000067,20.5,0.26994100000000004,-0.031727500000000387,-0.029483179012352947,0.27148450000000002,0.01143333333333371,0.0004763888888885028
,,,,,,,,,,,,,,20.549999999999997,0.27319949999999998,-0.0065741666666665277,-0.074687191358024416,0.26393850000000002,-0.017531111111111171,0.18351558641975751,20.549999999999997,0.26822600000000002,-0.032299166666667399,-0.0054520061728388089,0.27217050000000004,0.011528611111111177,-0.0092101851851900049
,,,,,,,,,,,,,,20.599999999999998,0.27268500000000001,-0.010575833333333139,-0.050285493827160133,0.26342399999999999,-0.0088608333333332501,0.18753842592592659,20.599999999999998,0.26668249999999999,-0.032108611111111275,0.015509104938277396,0.27268500000000001,0.010861666666666209,-0.025354475308644334
,,,,,,,,,,,,,,20.649999999999999,0.27199899999999999,-0.011719166666666489,-0.022125617283952122,0.26308100000000001,-0.00019055555555541059,0.19611342592592429,20.649999999999999,0.26496749999999997,-0.0306794444444442,0.03509398148148507,0.27337099999999998,0.0080986111111107668,-0.02614845679012066
,,,,,,,,,,,,,,20.699999999999999,0.27148450000000002,-0.012004999999999948,-0.0085750000000032762,0.26308100000000001,0.012481388888888943,0.16498935185185079,20.699999999999999,0.26359549999999998,-0.02858333333333293,0.053090895061726595,0.27337099999999998,0.0073363888888888966,-0.0083103395061690441
,,,,,,,,,,,,,,20.75,0.2707985,-0.012100277777778152,-0.0054520061728405003,0.26462450000000004,0.019627222222222431,0.077333796296296456,20.75,0.26205200000000001,-0.025343888888889009,0.070187962962960593,0.274057,0.0078127777777779912,0.0016938271604952763
,,,,,,,,,,,,,,20.799999999999997,0.27028399999999997,-0.012386111111111256,-0.0056108024691328721,0.265482,0.018579166666666706,0.016356018518516632,20.799999999999997,0.26102300000000001,-0.021151666666666888,0.080509722222223731,0.27422849999999999,0.0072411111111113239,0.012650771604936458
,,,,,,,,,,,,,,20.849999999999998,0.269598,-0.013148333333333149,0.0035464506172865492,0.26633950000000001,0.018769722222222146,0.0034405864197518381,20.849999999999998,0.259994,-0.017626388888888806,0.095807098765433876,0.27457150000000002,0.010004166666666531,0.0041816358024662215
,,,,,,,,,,,,,,20.899999999999999,0.26891199999999998,-0.012671944444444206,0.022813734567900732,0.26736850000000001,0.01857916666666656,0.0078868827160492264,20.899999999999999,0.25913649999999999,-0.011814444444444261,0.11422746913580246,0.27542899999999998,0.0090513888888885622,-0.028001080246912211
,,,,,,,,,,,,,,20.949999999999999,0.26822600000000002,-0.0103852777777777,0.032129783950615179,0.26822600000000002,0.018674444444444386,0.031282870370370613,20.949999999999999,0.25879350000000001,-0.0055261111111109167,0.12026172839506055,0.27560049999999997,0.0060025000000000885,-0.0395402777777746
,,,,,,,,,,,,,,21,0.26788299999999998,-0.0081938888888890057,0.017838117283950558,0.26908350000000003,0.021532777777777731,0.053408487654322191,21,0.25862200000000002,0.00038111111111118466,0.12026172839506216,0.27594350000000001,0.0040016666666668997,-0.030806481481481855
,,,,,,,,,,,,,,21.049999999999997,0.26754,-0.0084797222222221264,-5.2932098764790075e-05,0.27028399999999997,0.025820277777777859,0.041075308641974735,21.049999999999997,0.25879350000000001,0.006764722222222381,0.11083981481481407,0.27594350000000001,0.0031441666666666649,-0.023925308641977328
,,,,,,,,,,,,,,21.099999999999998,0.26702550000000003,-0.0088608333333332831,-0.0048697530864196979,0.2718275,0.027154166666666462,0.00079398148147979183,21.099999999999998,0.25930800000000004,0.012386111111110936,0.08522067901234287,0.27628649999999999,0.0020961111111110231,-0.030012500000001077
,,,,,,,,,,,,,,21.149999999999999,0.26668249999999999,-0.009623055555555475,0.0042874999999993404,0.27319949999999998,0.024867499999999692,-0.024878086419751463,21.149999999999999,0.26016549999999999,0.015625555555555264,0.056160956790124374,0.276115,0.0011433333333332203,-0.059125154320987604
,,,,,,,,,,,,,,21.199999999999999,0.26599650000000002,-0.0090513888888888779,0.024560493827158608,0.27422849999999999,0.02334305555555544,-0.028795061728390279,21.199999999999999,0.26102300000000001,0.01619722222222229,0.058119444444447103,0.27645799999999998,-0.0022866666666667462,-0.10316466049382679
,,,,,,,,,,,,,,21.25,0.26565349999999999,-0.006288333333333531,0.029165586419752785,0.27542899999999998,0.023247777777778252,-0.051714660493825032,21.25,0.26153750000000003,0.020675277777778021,0.074210802469137208,0.27628649999999999,-0.011147500000000136,-0.098930092592595123
,,,,,,,,,,,,,,21.299999999999997,0.265482,-0.0053355555555555838,0.018314506172839553,0.27680100000000002,0.018769722222222545,-0.08379151234568262,21.299999999999997,0.26308100000000001,0.025439166666666801,0.059707407407405565,0.27542899999999998,-0.020103611111111395,0.03477638888889098
,,,,,,,,,,,,,,21.349999999999998,0.26513900000000001,-0.0048591666666668231,0.01254490740740708,0.27731549999999999,0.013719999999999908,-0.094536728395063788,21.349999999999998,0.2642815,0.02677305555555529,0.039169753086418374,0.2728565,-0.0053355555555554442,0.12195555555555526
,,,,,,,,,,,,,,21.399999999999999,0.26496749999999997,-0.0040969444444446208,0.0079927469135816585,0.278173,0.0086702777777777577,-0.091731327160493925,21.399999999999999,0.26565349999999999,0.029345555555555403,0.015456172839508925,0.27525749999999999,0.0038111111111111505,0.0048697530864184957
,,,,,,,,,,,,,,21.449999999999999,0.26479599999999998,-0.0043827777777777311,0.01011003086419957,0.278173,0.0038111111111110616,-0.075957561728395379,21.449999999999999,0.26736850000000001,0.028773888888889237,-0.015456172839504805,0.27440000000000003,-0.006860000000000136,-0.091149074074077782
,,,,,,,,,,,,,,21.499999999999996,0.26445299999999999,-0.0033347222222221192,0.015826697530865477,0.27834449999999999,0.0023819444444444053,-0.081568364197529705,21.499999999999996,0.268569,0.027249444444444607,-0.035358641975311515,0.274057,-0.01086166666666709,-0.093848611111110661
,,,,,,,,,,,,,,21.549999999999997,0.26445299999999999,-0.002191388888888765,0.010268827160494135,0.27868749999999998,-0.0035252777777776043,-0.10115324074073732,21.549999999999997,0.27011249999999998,0.02505805555555533,-0.050550154320988479,0.27337099999999998,-0.016387777777777775,-0.077916049382710253
,,,,,,,,,,,,,,21.599999999999998,0.2642815,-0.0020008333333332148,-5.2932098765302978e-05,0.27800150000000001,-0.0096230555555551055,-0.090619753086419438,21.599999999999998,0.27114149999999998,0.021628055555555598,-0.055261111111110095,0.27234199999999997,-0.018960277777777299,-0.055684567901232031
,,,,,,,,,,,,,,21.649999999999999,0.2642815,-0.0023819444444443121,-0.0043404320987655131,0.27748700000000004,-0.012195555555555418,-0.082362345679015958,21.649999999999999,0.27217050000000004,0.019722499999999924,-0.063200925925924842,0.27131300000000003,-0.020198888888888492,-0.063889043209880286
,,,,,,,,,,,,,,21.699999999999999,0.26411000000000001,-0.0036205555555554251,0.014450462962961957,0.27697250000000001,-0.017340555555555807,-0.076433950617287513,21.699999999999999,0.27319949999999998,0.016101944444444512,-0.082944598765431546,0.27045550000000002,-0.023533611111111335,-0.084320833333339909
,,,,,,,,,,,,,,21.749999999999996,0.26376700000000003,-0.0019055555555554946,0.049703240740738987,0.27577200000000002,-0.022104444444444666,-0.032870833333332405,21.749999999999996,0.2738855,0.010766388888889034,-0.090460956790123559,0.269598,-0.034776388888889377,-0.0008998456790118252
,,,,,,,,,,,,,,21.799999999999997,0.26376700000000003,0.0025724999999998436,0.062724537037033817,0.27440000000000003,-0.020675277777777688,0.011221604938272851,21.799999999999997,0.27422849999999999,0.0060977777777779544,-0.081621296296295651,0.26599650000000002,-0.029536111111110902,0.16784768518518511
,,,,,,,,,,,,,,21.849999999999998,0.26411000000000001,0.0058119444444441068,0.048591666666665513,0.27371400000000001,-0.018769722222222174,0.018526234567900254,21.849999999999998,0.27440000000000003,0.0029536111111113264,-0.077069135802470157,0.265482,-0.0052402777777778853,0.12253780864197333
,,,,,,,,,,,,,,21.899999999999999,0.26445299999999999,0.0071458333333330433,0.03662901234568125,0.27268500000000001,-0.019055555555555544,0.025460339506169914,21.899999999999999,0.27457150000000002,-0.00085749999999998772,-0.083950308641978208,0.26736850000000001,-0.011433333333333287,-0.024983950617283989
,,,,,,,,,,,,,,21.949999999999999,0.26479599999999998,0.0087655555555556305,0.036470216049385586,0.27165600000000001,-0.016864166666667069,0.03911682098765331,21.949999999999999,0.27440000000000003,-0.0060025000000002585,-0.081462500000003532,0.26445299999999999,-0.020198888888889214,0.026836574074073999
,,,,,,,,,,,,,,21.999999999999996,0.2653105,0.01067111111111123,0.038746296296296334,0.27096999999999999,-0.014291666666667037,0.038322839506176869,21.999999999999996,0.2738855,-0.0097183333333337781,-0.066218055555554475,0.26411000000000001,-0.0096230555555555323,0.10469969135802742
,,,,,,,,,,,,,,22.049999999999997,0.26582499999999998,0.013148333333333212,0.031865123456788928,0.27028399999999997,-0.012576666666666523,0.030753549382720916,22.049999999999997,0.27337099999999998,-0.012290833333333299,-0.054996450617279535,0.26393850000000002,-0.0048591666666667459,0.1125865740740733
,,,,,,,,,,,,,,22.099999999999998,0.26668249999999999,0.014482222222222179,0.014185802469135691,0.2697695,-0.011719166666666211,0.031441666666667235,22.099999999999998,0.27268500000000001,-0.015053888888888631,-0.046262654320986217,0.26359549999999998,0.0013338888888888053,0.11798564814814748
,,,,,,,,,,,,,,22.149999999999999,0.26736850000000001,0.014101111111110974,0.0046580246913592903,0.26908350000000003,-0.010385277777777592,0.047903549382712858,22.149999999999999,0.2718275,-0.017054722222222124,-0.035146913580248629,0.26411000000000001,0.006859999999999966,0.11316882716049403
,,,,,,,,,,,,,,22.199999999999999,0.26805449999999997,0.014196388888888987,0.0087337962962984166,0.268569,-0.0062883333333334695,0.053355555555554955,22.199999999999999,0.27096999999999999,-0.018674444444444493,-0.021278703703706558,0.2642815,0.011433333333333268,0.12592546296296667
,,,,,,,,,,,,,,22.249999999999996,0.26874049999999999,0.015149166666666949,0.010162962962962253,0.268569,-0.0040016666666666222,0.039593209876544418,22.249999999999996,0.26994100000000004,-0.019531944444444744,-0.002964197530864431,0.26479599999999998,0.023533611111111432,0.074793055555556223
,,,,,,,,,,,,,,22.299999999999997,0.269598,0.01562555555555542,0.0021172839506159733,0.26822600000000002,-0.0026677777777776471,0.027312962962962681,22.299999999999997,0.26891199999999998,-0.018674444444444618,0.0086279320987688191,0.26771149999999999,0.018007500000000082,0.035676234567897515
,,,,,,,,,,,,,,22.349999999999998,0.27028399999999997,0.016006666666666652,-0.018526234567899865,0.26822600000000002,-0.0011433333333333089,0.018102777777776732,22.349999999999998,0.26805449999999997,-0.017435833333333057,0.00079398148148478349,0.26599650000000002,0.021723333333332952,0.081039043209873263
,,,,,,,,,,,,,,22.399999999999999,0.27131300000000003,0.014196388888889008,-0.04541574074073907,0.26822600000000002,-0.00076222222222226469,0.017308796296295611,22.399999999999999,0.26736850000000001,-0.01924611111111069,0.004763888888887396,0.26942649999999996,0.032203888888888373,0.027630555555560432
,,,,,,,,,,,,,,22.449999999999999,0.2718275,0.010194722222222443,-0.050814814814815923,0.26839750000000001,-0.0035252777777778736,0.081938888888889574,22.449999999999999,0.26599650000000002,-0.018674444444444573,0.037846450617281903,0.27028399999999997,0.02505805555555608,-0.033400154320982763
,,,,,,,,,,,,,,22.499999999999996,0.27217050000000004,0.0085750000000001155,-0.046686111111114398,0.26702550000000003,0.0077175000000000967,0.13418287037037049,22.499999999999996,0.2653105,-0.014672777777777826,0.05859583333333427,0.27148450000000002,0.024962777777778316,-0.032659104938274154
,,,,,,,,,,,,,,22.549999999999997,0.27268500000000001,0.0068599999999997109,-0.063941975308642929,0.26925500000000002,0.017435833333332963,0.054255401234564793,22.549999999999997,0.26462450000000004,-0.011814444444444341,0.060660185185184436,0.2728565,0.022390277777777714,-0.034617592592596495
,,,,,,,,,,,,,,22.599999999999998,0.27302799999999999,0.0021913888888887797,-0.082097685185182609,0.269598,0.01276722222222175,-0.025407407407405536,22.599999999999998,0.26411000000000001,-0.0085750000000000218,0.057484259259256841,0.27371400000000001,0.021056388888888725,-0.024031172839507089
,,,,,,,,,,,,,,22.649999999999999,0.2728565,-0.0020008333333332504,-0.088978858024689397,0.27028399999999997,0.011147499999999833,-0.041816358024686785,22.649999999999999,0.26376700000000003,-0.0057166666666668628,0.047056635802467404,0.27491450000000001,0.020389444444444335,-0.026201388888887549
,,,,,,,,,,,,,,22.699999999999999,0.2728565,-0.0068599999999998766,-0.089561111111112757,0.2707985,0.0074316666666668684,-0.029324382716046996,22.699999999999999,0.26359549999999998,-0.0038111111111113851,0.036523148148149387,0.27577200000000002,0.019055555555555742,-0.042663271604938748
,,,,,,,,,,,,,,22.749999999999996,0.27217050000000004,-0.011528611111111205,-0.07590462962963121,0.2707985,0.0081938888888890855,-0.011327469135803141,22.749999999999996,0.26342399999999999,-0.0026677777777778001,0.036417283950619619,0.27680100000000002,0.017531111111111018,-0.083950308641978541
,,,,,,,,,,,,,,22.799999999999997,0.27165600000000001,-0.014958611111111164,-0.051291203703702208,0.27165600000000001,0.0081938888888888582,-0.025566203703705104,22.799999999999997,0.2632525,-0.00028583333333331954,0.038852160493828163,0.27782999999999997,0.010385277777777422,-0.11729753086419582
,,,,,,,,,,,,,,22.849999999999998,0.27062700000000001,-0.017149999999999884,-0.018790895061727073,0.2718275,0.004954444444444356,-0.029006790123456722,22.849999999999998,0.26342399999999999,0.0016197222222222431,0.034194135802470375,0.27782999999999997,0.0033347222222223348,-0.1043291666666636
,,,,,,,,,,,,,,22.899999999999999,0.2697695,-0.016101944444444224,-0.0010057098765445642,0.27199899999999999,0.0040969444444445184,-0.013021296296296919,22.899999999999999,0.26342399999999999,0.0032394444444446562,0.027471759259260251,0.27800150000000001,-0.00085749999999994511,-0.0743166666666666
,,,,,,,,,,,,,,22.949999999999999,0.26908350000000003,-0.016006666666666725,-0.007198765432101688,0.27217050000000004,0.0042874999999998661,-0.0037581790123469073,22.949999999999999,0.26376700000000003,0.0044780555555558122,0.019214351851850747,0.27765849999999997,-0.0032394444444445916,-0.058542901234567707
,,,,,,,,,,,,,,22.999999999999996,0.26822600000000002,-0.016959444444444749,-0.012280246913580727,0.27251349999999996,0.0038111111111108283,0.0033347222222239845,22.999999999999996,0.26393850000000002,0.0045733333333333537,0.020802314814812439,0.27765849999999997,-0.0052402777777777014,-0.068811728395060209
,,,,,,,,,,,,,,23.049999999999997,0.26736850000000001,-0.017626388888888948,-0.0088396604938251761,0.27251349999999996,0.0039063888888890815,0.016303086419755034,23.049999999999997,0.26411000000000001,0.0064788888888888474,0.023978240740737681,0.27731549999999999,-0.010194722222221907,-0.077757253086418829
,,,,,,,,,,,,,,23.099999999999998,0.266511,-0.018769722222222129,0.011592129629629957,0.27268500000000001,0.0071458333333335238,0.00021172839506028237,23.099999999999998,0.26462450000000004,0.0077174999999996413,0.015509104938270383,0.27662950000000003,-0.014958611111111006,-0.051979320987655619
,,,,,,,,,,,,,,23.149999999999999,0.2653105,-0.016673611111111125,0.034670524691356501,0.27354250000000002,0.0052402777777776147,-0.035940895061729504,23.149999999999999,0.26496749999999997,0.0076222222222219402,0.013444753086422614,0.27560049999999997,-0.015625555555555577,-0.020431790123458266
,,,,,,,,,,,,,,23.199999999999999,0.26479599999999998,-0.01372000000000014,0.030912345679011868,0.27337099999999998,0.00057166666666648197,-0.021966820987652836,23.199999999999999,0.2653105,0.0086702777777778895,0.017150000000003749,0.275086,-0.016197222222222283,-0.0041287037037042494
,,,,,,,,,,,,,,23.249999999999996,0.26411000000000001,-0.013434166666666804,0.024719290123457374,0.27319949999999998,0.0023819444444446642,0.0061930555555577546,23.249999999999996,0.26582499999999998,0.0098136111111113353,0.013127160493828345,0.2738855,-0.015053888888888978,-0.0073575617283944336
,,,,,,,,,,,,,,23.299999999999997,0.26342399999999999,-0.012576666666666758,0.040969444444445849,0.27371400000000001,0.0028583333333335333,0.0094219135802458952,23.299999999999997,0.26633950000000001,0.010194722222222462,0.0047109567901214315,0.27371400000000001,-0.016292500000000015,-0.021278703703701746
,,,,,,,,,,,,,,23.349999999999998,0.26273799999999997,-0.009718333333333249,0.065741666666667586,0.27354250000000002,0.0029536111111110861,0.014027006172837536,23.349999999999998,0.26685400000000004,0.010194722222222142,-0.0029641975308670413,0.27234199999999997,-0.018769722222222035,-0.0070929012345671066
,,,,,,,,,,,,,,23.399999999999999,0.26239499999999999,-0.0054308333333331757,0.081938888888888381,0.2738855,0.0045733333333331872,0.0087867283950618189,23.399999999999999,0.26736850000000001,0.0099088888888885871,-0.010110030864196753,0.27165600000000001,-0.017912222222221975,0.02022006172839157
,,,,,,,,,,,,,,23.449999999999999,0.2622235,-0.001238611111111066,0.089984567901234824,0.274057,0.0050497222222223442,-0.015932561728394811,23.449999999999999,0.26788299999999998,0.008956111111111208,-0.013074228395059354,0.27045550000000002,-0.015339722222222588,0.017732253086417359
,,,,,,,,,,,,,,23.499999999999996,0.2622235,0.0037158333333333349,0.090725617283951399,0.27457150000000002,0.0023819444444444348,-0.029324382716050697,23.499999999999996,0.26822600000000002,0.008479722222222404,-0.012915432098765285,0.27011249999999998,-0.013529444444444849,-0.029112654320984418
,,,,,,,,,,,,,,23.549999999999997,0.26256649999999998,0.0088608333333333317,0.071564197530864168,0.27422849999999999,0.0007622222222221825,-0.01847330246913647,23.549999999999997,0.26874049999999999,0.0079080555555556126,-0.015085648148149215,0.26942649999999996,-0.017816944444444274,-0.066482716049375182
,,,,,,,,,,,,,,23.599999999999998,0.2632525,0.011338055555555678,0.044039506172839304,0.27457150000000002,0.0004763888888888003,-0.006722376543210372,23.599999999999998,0.26908350000000003,0.0063836111111111498,-0.0074104938271624754,0.26874049999999999,-0.026677777777777068,0.013603549382717997
,,,,,,,,,,,,,,23.649999999999999,0.26376700000000003,0.012386111111111072,0.03207685185185228,0.27422849999999999,0.0010480555555553051,-0.014344598765429787,23.649999999999999,0.26925500000000002,0.0069552777777775283,0.0026466049382706629,0.26599650000000002,-0.02258083333333297,0.19394320987653782
,,,,,,,,,,,,,,23.699999999999999,0.26445299999999999,0.013910555555555698,0.032076851851853473,0.27474299999999996,0.00047638888888915917,-0.054467129629627416,23.699999999999999,0.2697695,0.0076222222222220781,-0.004181635802467323,0.2653105,0.0024772222222222587,0.20696450617283932
,,,,,,,,,,,,,,23.749999999999996,0.26513900000000001,0.015720833333333652,0.029324382716047964,0.27440000000000003,-0.0039063888888885645,-0.10094151234568192,23.749999999999996,0.27011249999999998,0.0067647222222223498,-0.016197222222221284,0.26771149999999999,0.0040016666666666456,0.099935802469135235
,,,,,,,,,,,,,,23.799999999999997,0.26599650000000002,0.017721666666666584,0.010427623456786267,0.27440000000000003,-0.0094325000000001508,-0.13037175925926026,23.799999999999997,0.27045550000000002,0.0055261111111111942,-0.02191388888889011,0.265482,0.0077175000000000681,0.050708950617281777
,,,,,,,,,,,,,,23.849999999999998,0.26702550000000003,0.017435833333332949,-0.018685030864197278,0.274057,-0.022961944444444497,-0.049862037037036434,23.849999999999998,0.27062700000000001,0.0046686111111109421,-0.028583333333334321,0.26822600000000002,0.012290833333333121,-0.038058179012346156
,,,,,,,,,,,,,,23.899999999999999,0.26788299999999998,0.014672777777777641,-0.02604259259258801,0.27114149999999998,-0.020008333333333357,0.12264367283950516,23.899999999999999,0.27096999999999999,0.0029536111111109664,-0.038693364197529841,0.26771149999999999,0.0014291666666664843,-0.059178086419750892
,,,,,,,,,,,,,,23.949999999999999,0.26839750000000001,0.013434166666667066,-0.0089455246913556288,0.27114149999999998,-0.00066694444444443735,0.12613719135802742,23.949999999999999,0.27096999999999999,0.00038111111111109212,-0.040863580246912418,0.26805449999999997,-0.0027630555555556192,0.071299537037040589
,,,,,,,,,,,,,,23.999999999999996,0.26908350000000003,0.014577500000000345,-0.0050285493827196106,0.27251349999999996,-0.0038111111111111501,0.050761882716051872,23.999999999999996,0.27096999999999999,-0.0015244444444443854,-0.036099691358023316,0.26633950000000001,0.010861666666667042,0.15874336419753263
,,,,,,,,,,,,,,24.049999999999997,0.26994100000000004,0.014291666666666413,-0.025354475308646502,0.27028399999999997,-0.00066694444444401115,0.04044012345679001,24.049999999999997,0.2707985,-0.003144166666666481,-0.032764969135801465,0.26925500000000002,0.023533611111110863,0.064788888888884955
,,,,,,,,,,,,,,24.099999999999998,0.27062700000000001,0.011909722222221758,-0.04573333333333255,0.27217050000000004,0.0049544444444445746,-0.041604629629632239,24.099999999999998,0.27062700000000001,-0.0042874999999997993,-0.03779351851851933,0.2697695,0.017435833333332998,-0.043192592592591679
,,,,,,,,,,,,,,24.149999999999999,0.27114149999999998,0.0089561111111110241,-0.053143827160490237,0.2718275,-0.0064788888888889853,-0.083473919753088419,24.149999999999999,0.27045550000000002,-0.006859999999999848,-0.043563117283954282,0.2707985,0.013338888888888734,-0.053302623456787206
,,,,,,,,,,,,,,24.199999999999999,0.27148450000000002,0.0064788888888890313,-0.05589629629629559,0.27096999999999999,-0.0086702777777780057,-0.035199845679013943,24.199999999999999,0.26994100000000004,-0.0094325000000004284,-0.035358641975311633,0.27096999999999999,0.010575833333333442,-0.025566203703702106
,,,,,,,,,,,,,,24.249999999999996,0.2718275,0.0034299999999999847,-0.058013580246914276,0.2707985,-0.0086702777777780127,-0.0023819444444433536,24.249999999999996,0.26942649999999996,-0.010480555555555963,-0.02471929012345318,0.27165600000000001,0.012100277777777857,-0.012650771604938646
,,,,,,,,,,,,,,24.299999999999997,0.2718275,0.00038111111111112302,-0.05462592592592503,0.27011249999999998,-0.0074316666666667626,0.0067223765432120573,24.299999999999997,0.26891199999999998,-0.01162388888888858,-0.01932021604937835,0.27234199999999997,0.010956944444444353,-0.029959567901234191
,,,,,,,,,,,,,,24.349999999999998,0.2718275,-0.0020008333333332387,-0.051026543209875624,0.27011249999999998,-0.00714583333333332,-0.0078868827160465654,24.349999999999998,0.26822600000000002,-0.012195555555555295,-0.018049845679012144,0.2728565,0.0080986111111111675,-0.03292376543209715
,,,,,,,,,,,,,,24.399999999999999,0.27165600000000001,-0.0047638888888887317,-0.045997993827161403,0.26942649999999996,-0.0084797222222219096,-0.013021296296295365,24.399999999999999,0.26771149999999999,-0.01305305555555536,-0.021172839506175378,0.27302799999999999,0.0069552777777778978,-0.023184259259258256
,,,,,,,,,,,,,,24.449999999999999,0.27131300000000003,-0.0067647222222223498,-0.03789938271605113,0.26925500000000002,-0.0086702777777776154,-0.0032817901234594125,24.449999999999999,0.26702550000000003,-0.015339722222222298,-0.0059813271604978241,0.27354250000000002,0.0062883333333335458,-0.02011419753086513
,,,,,,,,,,,,,,24.499999999999996,0.27096999999999999,-0.0084797222222223433,-0.031071141975308091,0.26891199999999998,-0.013434166666666782,0.079504012345678707,24.499999999999996,0.26599650000000002,-0.014482222222222603,0.023554783950616682,0.27371400000000001,0.0047638888888889,-0.01614429012345862
,,,,,,,,,,,,,,24.549999999999997,0.27045550000000002,-0.0099088888888886791,-0.023925308641975937,0.26685400000000004,-0.00038111111111106127,0.14275787037036805,24.549999999999997,0.265482,-0.011719166666666924,0.032235648148151087,0.2738855,0.0052402777777777682,-0.023131327160495197
,,,,,,,,,,,,,,24.599999999999998,0.26994100000000004,-0.010671111111111313,-0.019637808641977384,0.26891199999999998,0.010956944444444288,0.03091234567901166,24.599999999999998,0.26496749999999997,-0.010956944444444318,0.032606172839509534,0.27440000000000003,0.0030488888888887296,-0.042028086419753308
,,,,,,,,,,,,,,24.649999999999999,0.26942649999999996,-0.011909722222222453,-0.013285956790123662,0.26908350000000003,0.0030488888888889911,-0.084479629629629668,24.649999999999999,0.2642815,-0.0086702777777774593,0.033506018518518678,0.27422849999999999,0.00019055555555537538,-0.053037962962960809
,,,,,,,,,,,,,,24.699999999999999,0.26874049999999999,-0.012671944444444619,0.0043404320987663449,0.26925500000000002,-0.0061930555555558923,-0.046844907407409618,24.699999999999999,0.26411000000000001,-0.0067647222222220861,0.022602006172837252,0.27422849999999999,-0.00095277777777758586,-0.082785802469134889
,,,,,,,,,,,,,,24.749999999999996,0.26805449999999997,-0.011528611111111234,0.021490432098767689,0.26788299999999998,-0.0056213888888890506,0.073681481481483749,24.749999999999996,0.26376700000000003,-0.0072411111111112328,0.027948148148146529,0.27440000000000003,-0.0067647222222221789,-0.1152861111111126
,,,,,,,,,,,,,,24.799999999999997,0.26754,-0.0095277777777777548,0.021119907407409627,0.26822600000000002,0.004573333333333326,0.14498101851851741,24.799999999999997,0.2632525,-0.005335555555555635,0.055896296296295854,0.274057,-0.018674444444444317,-0.039222685185183875
,,,,,,,,,,,,,,24.849999999999998,0.26719699999999996,-0.0089561111111109877,0.011433333333335552,0.268569,0.012481388888888665,0.14381651234567783,24.849999999999998,0.26308100000000001,-0.00076222222222226881,0.068599999999999883,0.27165600000000001,-0.016006666666666388,0.12042052469135438
,,,,,,,,,,,,,,24.899999999999999,0.26668249999999999,-0.0091466666666662807,0.012915432098765301,0.269598,0.018388611111110901,0.12973657407407704,24.899999999999999,0.2632525,0.0027630555555554826,0.058542901234569546,0.27148450000000002,0.0036205555555554342,0.10914598765431678
,,,,,,,,,,,,,,24.949999999999999,0.26616800000000002,-0.0076222222222220607,0.015297376543207085,0.27011249999999998,0.027344722222222607,0.073152160493831983,24.949999999999999,0.26342399999999999,0.0050497222222224518,0.046633179012347842,0.27354250000000002,-0.00095277777777800316,0.015985493827158626
,,,,,,,,,,,,,,24.999999999999996,0.26599650000000002,-0.0072411111111112467,0.014397530864195568,0.27268500000000001,0.029440833333333874,-0.044039506172843419,24.999999999999996,0.26376700000000003,0.0069552777777780192,0.042610339506172157,0.27114149999999998,-0.0022866666666668824,0.030330092592593349
,,,,,,,,,,,,,,25.049999999999997,0.265482,-0.0071458333333334007,0.029747839506172491,0.27371400000000001,0.019531944444444237,-0.10051805555555954,25.049999999999997,0.26411000000000001,0.008956111111111149,0.045997993827157801,0.27268500000000001,0.0050497222222220537,-0.0058754629629623962
,,,,,,,,,,,,,,25.099999999999998,0.26513900000000001,-0.0045733333333334457,0.048062345679012831,0.27422849999999999,0.01562555555555525,-0.086279320987653688,25.099999999999998,0.26462450000000004,0.011719166666666525,0.046209722222220605,0.27234199999999997,9.5277777777695645e-05,-0.079345216049381689
,,,,,,,,,,,,,,25.149999999999999,0.26496749999999997,-0.001048055555555533,0.042716203703705567,0.27525749999999999,0.01181444444444431,-0.077174999999996538,25.149999999999999,0.2653105,0.013910555555555398,0.03816404320987786,0.27268500000000001,-0.0048591666666667364,-0.10353518518518627
,,,,,,,,,,,,,,25.199999999999999,0.26513900000000001,0.00066694444444470602,0.018896759259259942,0.27542899999999998,0.0083844444444446335,-0.072516975308640041,25.199999999999999,0.26599650000000002,0.016101944444444669,0.018790895061729554,0.27234199999999997,-0.016673611111111583,-0.0082574074074093628
,,,,,,,,,,,,,,25.249999999999996,0.26513900000000001,0.00028583333333341202,0.004075771604936938,0.276115,0.0046686111111113576,-0.071405401234568663,25.249999999999996,0.26702550000000003,0.016197222222222255,-0.0070929012345697139,0.27011249999999998,-0.011433333333333627,0.17562870370370839
,,,,,,,,,,,,,,25.299999999999997,0.26513900000000001,0.00019055555555557606,0.0070929012345667007,0.27594350000000001,0.00028583333333345636,-0.054520061728396067,25.299999999999997,0.26771149999999999,0.014482222222222065,-0.016356018518519009,0.27011249999999998,0.011719166666666442,0.16393070987654437
,,,,,,,,,,,,,,25.349999999999998,0.26513900000000001,0.00057166666666663571,0.02006126543209771,0.27594350000000001,-0.00066694444444440266,-0.039222685185186283,25.349999999999998,0.26839750000000001,0.01391055555555556,-0.013762345679012212,0.27251349999999996,0.014482222222222127,-0.020325925925920488
,,,,,,,,,,,,,,25.399999999999999,0.26513900000000001,0.0021913888888887957,0.032447376543209776,0.27594350000000001,-0.0025724999999999806,-0.040387191358026188,25.399999999999999,0.26908350000000003,0.013529444444444304,-0.017838117283950093,0.27234199999999997,0.0026677777777782906,-0.097395061728391588
,,,,,,,,,,,,,,25.449999999999999,0.2653105,0.0045733333333332783,0.029853703703705603,0.27577200000000002,-0.0054308333333335295,-0.031505185185186586,25.449999999999999,0.2697695,0.01276722222222227,-0.033135493827160044,0.27217050000000004,-0.0010480555555551865,-0.06547700617284373
,,,,,,,,,,,,,,25.499999999999996,0.26565349999999999,0.0059072222222223934,0.013709413580247805,0.27525749999999999,-0.0061930555555557423,-0.01741466049382576,25.499999999999996,0.27045550000000002,0.010194722222222275,-0.048697530864198653,0.27217050000000004,-0.0029536111111112735,-0.032553240740745025
,,,,,,,,,,,,,,25.549999999999997,0.26599650000000002,0.0055261111111112246,0.0038640432098750745,0.275086,-0.0057166666666666,-0.026942438271602965,25.549999999999997,0.2707985,0.0072411111111109405,-0.052296913580245762,0.2718275,-0.0029536111111113351,-0.026148456790124754
,,,,,,,,,,,,,,25.599999999999998,0.26616800000000002,0.0056213888888887583,0.0053461419753073128,0.27491450000000001,-0.0089561111111110189,-0.037052469135801742,25.599999999999998,0.27114149999999998,0.004859166666666798,-0.052455709876540794,0.2718275,-0.0032394444444445746,-0.061718827160493726
,,,,,,,,,,,,,,25.649999999999999,0.266511,0.0063836111111110752,0.0023290123456785957,0.274057,-0.010289999999999926,-0.032288580246914216,25.649999999999999,0.27131300000000003,0.0020008333333335899,-0.051450000000000586,0.2718275,-0.0092419444444446046,-0.080139197530865208
,,,,,,,,,,,,,,25.699999999999999,0.26685400000000004,0.0062883333333332084,-0.0065635802469137944,0.2738855,-0.011623888888888961,-0.032553240740741722,25.699999999999999,0.27131300000000003,-0.00028583333333331954,-0.050444290123460585,0.27114149999999998,-0.017245277777778296,0.010692283950616688
,,,,,,,,,,,,,,25.749999999999996,0.26719699999999996,0.0053355555555554615,-0.0085220679012338232,0.27302799999999999,-0.014672777777777793,-0.01201558641975267,25.749999999999996,0.27131300000000003,-0.0030488888888891698,-0.050391358024693661,0.26942649999999996,-0.012671944444444708,0.16742422839506724
,,,,,,,,,,,,,,25.799999999999997,0.26736850000000001,0.0046686111111111884,0.0019055555555556657,0.27217050000000004,-0.013434166666666532,0.018473302469134922,25.799999999999997,0.27096999999999999,-0.0052402777777779972,-0.052561574074072782,0.26891199999999998,0.0080033333333333224,0.16975324074074075
,,,,,,,,,,,,,,25.849999999999998,0.26754,0.0060024999999998404,0.0048697530864202825,0.27165600000000001,-0.01143333333333349,0.026254320987653373,25.849999999999998,0.2707985,-0.0078127777777778542,-0.061083641975306115,0.27114149999999998,0.01343416666666652,0.0074104938271621909
,,,,,,,,,,,,,,25.899999999999999,0.26805449999999997,0.0060025000000000764,-0.0060871913580226797,0.27114149999999998,-0.010861666666666643,0.032341512345678954,25.899999999999999,0.27028399999999997,-0.011814444444444341,-0.058013580246912777,0.27114149999999998,0.0028583333333334674,-0.065053549382713863
,,,,,,,,,,,,,,25.949999999999999,0.26822600000000002,0.0046686111111113428,-0.0069870370370372428,0.27045550000000002,-0.0084797222222223433,0.039963734567902122,25.949999999999999,0.269598,-0.015149166666666722,-0.027101234567902487,0.2707985,0.0010480555555555896,-0.030065432098765107
,,,,,,,,,,,,,,25.999999999999996,0.26839750000000001,0.0050497222222222358,-0.0040757716049395236,0.27028399999999997,-0.0060977777777777064,0.035993827160494603,25.999999999999996,0.268569,-0.014768055555555798,0.0082044753086441356,0.27114149999999998,0.0012386111111111892,-0.0013762345678997496
,,,,,,,,,,,,,,26.049999999999997,0.26874049999999999,0.0052402777777777994,-0.014926851851852906,0.26994100000000004,-0.0050497222222221439,0.03678780864197307,26.049999999999997,0.26805449999999997,-0.012862499999999813,0.016991203703707106,0.27096999999999999,0.0020008333333336203,0.0096865740740740003
,,,,,,,,,,,,,,26.099999999999998,0.26908350000000003,0.0029536111111110245,-0.015244444444445318,0.2697695,-0.0035252777777781334,0.053990740740739285,26.099999999999998,0.26736850000000001,-0.012290833333332883,0.010057098765431571,0.27131300000000003,0.0027630555555557476,0.0070399691357994889
,,,,,,,,,,,,,,26.149999999999999,0.26891199999999998,0.0026677777777776601,0.0012703703703700652,0.26942649999999996,0.0004763888888887739,0.066959104938273187,26.149999999999999,0.26685400000000004,-0.012195555555555404,0.0079398148148102088,0.27131300000000003,0.0026677777777776453,0.0066694444444408271
,,,,,,,,,,,,,,26.199999999999999,0.26925500000000002,0.0040016666666665467,0.0024348765432106513,0.2697695,0.0053355555555556489,0.042504475308643867,26.199999999999999,0.26616800000000002,-0.012386111111111457,0.021543364197528069,0.27165600000000001,0.0017149999999996502,0.032341512345678239
,,,,,,,,,,,,,,26.249999999999996,0.26942649999999996,0.0035252777777777279,-0.0081515432098751821,0.27028399999999997,0.0046686111111111277,0.015614969135803028,26.249999999999996,0.265482,-0.010194722222222461,0.038905092592593719,0.27114149999999998,0.0062883333333331156,0.048062345679014302
,,,,,,,,,,,,,,26.299999999999997,0.269598,0.0030488888888890162,-0.018579166666666098,0.27011249999999998,0.0055261111111112246,0.010427623456790011,26.299999999999997,0.26513900000000001,-0.00762222222222234,0.041710493827161819,0.27234199999999997,0.0098136111111109103,0.0065635802469159905
,,,,,,,,,,,,,,26.349999999999998,0.2697695,0.0016197222222222123,-0.027736419753086758,0.2707985,0.0065741666666666839,-0.0050285493827161619,26.349999999999998,0.26479599999999998,-0.0060977777777778295,0.043563117283951847,0.27251349999999996,0.0064788888888889723,-0.02842453703703432
,,,,,,,,,,,,,,26.399999999999999,0.2697695,0,-0.030383024691358358,0.27096999999999999,0.0045733333333333234,-0.010268827160492532,26.399999999999999,0.26445299999999999,-0.003429999999999924,0.046050925925926633,0.2728565,0.0049544444444445841,-0.027207098765431748
,,,,,,,,,,,,,,26.449999999999999,0.2697695,-0.0016197222222222505,-0.028477469135803568,0.27114149999999998,0.0043827777777780226,0.0033876543209881613,26.449999999999999,0.26445299999999999,-0.00085749999999995682,0.03789938271605027,0.27302799999999999,0.0030488888888889065,-0.0087867283950624746
,,,,,,,,,,,,,,26.499999999999996,0.269598,-0.003048888888889077,-0.022178549382715431,0.27131300000000003,0.0057166666666668463,0.0044992283950590862,26.499999999999996,0.26445299999999999,0.00028583333333341202,0.031018209876543995,0.27302799999999999,0.0040016666666666525,0.010586419753086803
,,,,,,,,,,,,,,26.549999999999997,0.26942649999999996,-0.0037158333333332434,-0.017573456790121556,0.2718275,0.0053355555555553713,-0.0034405864197561893,26.549999999999997,0.26445299999999999,0.001810277777777981,0.031441666666665348,0.27337099999999998,0.0056213888888889544,0.0014820987654323946
,,,,,,,,,,,,,,26.599999999999998,0.26925500000000002,-0.0047638888888887161,-0.014344598765432362,0.2718275,0.0050497222222219374,-0.0062989197530869965,26.599999999999998,0.26462450000000004,0.0034299999999999106,0.032817901234566023,0.27371400000000001,0.0051450000000000749,-0.024454629629629517
,,,,,,,,,,,,,,26.649999999999999,0.26891199999999998,-0.0051450000000000402,-0.012280246913581351,0.27234199999999997,0.0046686111111108658,-0.0073046296296276096,26.649999999999999,0.26479599999999998,0.0051449999999998554,0.033558950617284859,0.274057,0.0018102777777778097,-0.029218518518518866
,,,,,,,,,,,,,,26.699999999999999,0.26874049999999999,-0.0056213888888888728,-0.016408950617285211,0.27234199999999997,0.0035252777777777418,0.0055578703703736973,26.699999999999999,0.26513900000000001,0.0068600000000001542,0.03191805555555751,0.27371400000000001,0.0010480555555555345,-0.01344475308642014
,,,,,,,,,,,,,,26.749999999999996,0.26839750000000001,-0.0068600000000001854,-0.018155709876543441,0.27251349999999996,0.0056213888888891035,0.010321759259261229,26.749999999999996,0.265482,0.008479722222222404,0.026624845679011855,0.274057,0.0021913888888888278,-0.024560493827160013
,,,,,,,,,,,,,,26.799999999999997,0.26805449999999997,-0.0080033333333333571,-0.0095277777777758952,0.27302799999999999,0.0054308333333335157,-0.0014291666666672214,26.799999999999997,0.26599650000000002,0.0098136111111110907,0.015297376543207895,0.27422849999999999,-0.0014291666666665656,-0.038428703703702376
,,,,,,,,,,,,,,26.849999999999998,0.26754,-0.0080986111111110374,0.0047638888888907093,0.27302799999999999,0.0056213888888889674,-0.015720833333334471,26.849999999999998,0.266511,0.010099444444444338,0.0022231481481471277,0.27371400000000001,-0.0022866666666665602,-0.04313966049382667
,,,,,,,,,,,,,,26.899999999999999,0.26719699999999996,-0.0071458333333330746,0.012333179012345938,0.27371400000000001,0.0036205555555554997,-0.025936728395061729,26.899999999999999,0.26702550000000003,0.009908888888888771,-0.0080456790123455153,0.274057,-0.0044780555555554409,-0.062512808641976003
,,,,,,,,,,,,,,26.949999999999999,0.26685400000000004,-0.006574166666666526,0.013074228395060101,0.27337099999999998,0.0018102777777778117,-0.014926851851850732,26.949999999999999,0.26754,0.0089561111111109912,-0.012068518518517151,0.27354250000000002,-0.010480555555555597,-0.046368518518521251
,,,,,,,,,,,,,,26.999999999999996,0.266511,-0.005621388888888996,0.009157253086419034,0.27371400000000001,0.0029536111111113203,-0.016038425925925887,26.999999999999996,0.26788299999999998,0.0085750000000001155,-0.014027006172838188,0.27268500000000001,-0.01114750000000013,0.0025936728395048233
,,,,,,,,,,,,,,27.049999999999997,0.26633950000000001,-0.0055261111111110095,0.0039169753086416613,0.2738855,0.00066694444444450414,-0.0250898148148158,27.049999999999997,0.26839750000000001,0.0080033333333333883,-0.023290123456789449,0.27217050000000004,-0.0074316666666669152,0.0085220679012339776
,,,,,,,,,,,,,,27.099999999999998,0.26599650000000002,-0.0059072222222222824,0.010321759259258208,0.27371400000000001,-0.00057166666666662888,-0.020220061728396712,27.099999999999998,0.26874049999999999,0.0063836111111112365,-0.033506018518518116,0.27234199999999997,-0.0094325000000002445,-0.0020114197530846584
,,,,,,,,,,,,,,27.149999999999999,0.26565349999999999,-0.0047638888888890093,0.021384567901234792,0.27371400000000001,-0.00038111111111122895,-0.030277160493829131,27.149999999999999,0.26908350000000003,0.004001666666666839,-0.031812191358026848,0.27114149999999998,-0.010194722222222155,0.024348765432099771
,,,,,,,,,,,,,,27.199999999999999,0.265482,-0.002953611111111103,0.020855246913581631,0.2738855,-0.0032394444444447169,-0.04605092592592714,27.199999999999999,0.26908350000000003,0.0025724999999998874,-0.018843827160498334,0.27096999999999999,-0.0054308333333333569,0.026254320987654105
,,,,,,,,,,,,,,27.249999999999996,0.265482,-0.0028583333333332545,0.023766512345679666,0.27337099999999998,-0.0065741666666668782,-0.031018209876541917,27.249999999999996,0.26925500000000002,0.0026677777777773071,-0.014556327160496341,0.27096999999999999,-0.0063836111111112877,0.0099512345679014791
,,,,,,,,,,,,,,27.299999999999997,0.26513900000000001,-0.0017149999999998868,0.044145370370368996,0.27302799999999999,-0.0058119444444444555,-0.015509104938269238,27.299999999999997,0.26942649999999996,0.0016197222222217268,-0.019531944444441993,0.27028399999999997,-0.006478888888888896,0.025089814814816175
,,,,,,,,,,,,,,27.349999999999998,0.26513900000000001,0.0022866666666665533,0.051873456790121869,0.27319949999999998,-0.010766388888888812,0.041922222222222603,27.349999999999998,0.26942649999999996,0.00038111111111099563,-0.020378858024686308,0.27011249999999998,-0.0033347222222221366,0.031177006172840315
,,,,,,,,,,,,,,27.399999999999999,0.265482,0.0045733333333331872,0.03975200617284097,0.27114149999999998,-0.0020961111111110846,0.10041219135802398,27.399999999999999,0.26942649999999996,-0.00038111111111099964,-0.021490432098760833,0.27011249999999998,-0.0026677777777776453,0.025301543209876796
,,,,,,,,,,,,,,27.449999999999999,0.26565349999999999,0.0058119444444446359,0.032076851851854174,0.27302799999999999,0.0060025000000001084,0.041128240740741291,27.449999999999999,0.26942649999999996,-0.0017149999999995606,-0.022284413580245549,0.2697695,-0.00076222222222215345,0.015085648148148756
,,,,,,,,,,,,,,27.499999999999996,0.26599650000000002,0.007812777777777993,0.023025462962962526,0.27251349999999996,0.0010480555555556308,-0.0081515432098774408,27.499999999999996,0.26925500000000002,-0.0029536111111107184,-0.01746759259259574,0.27011249999999998,-0.00047638888888877222,-0.010162962962962015
,,,,,,,,,,,,,,27.549999999999997,0.266511,0.0083844444444444808,0.010639351851849789,0.27268500000000001,0.0026677777777778448,-0.016461882716050539,27.549999999999997,0.26908350000000003,-0.0034300000000000784,-0.013391820987657864,0.2697695,-0.0020008333333329988,-0.025619135802469672
,,,,,,,,,,,,,,27.599999999999998,0.26685400000000004,0.0085749999999999299,0.0037581790123440277,0.27302799999999999,-0.00038111111111127318,-0.020802314814814728,27.599999999999998,0.26891199999999998,-0.0039063888888890503,-0.014873919753086969,0.26994100000000004,-0.0030488888888888324,-0.035146913580248705
,,,,,,,,,,,,,,27.649999999999999,0.26736850000000001,0.0085749999999997478,0.00063518518518614617,0.27251349999999996,-0.00057166666666662389,-0.0026995370370358814,27.649999999999999,0.26874049999999999,-0.0050497222222221751,-0.013285956790123905,0.2697695,-0.0093372222222223664,0.018632098765431971
,,,,,,,,,,,,,,27.699999999999999,0.26771149999999999,0.0085750000000001155,-0.00068811728394880341,0.2728565,0.00085750000000017399,-0.010798148148149035,27.699999999999999,0.26839750000000001,-0.0059072222222224247,-0.00042345679012418223,0.26805449999999997,9.5277777777898093e-05,0.059707407407409874
,,,,,,,,,,,,,,27.749999999999996,0.26822600000000002,0.0085750000000001467,-0.0041287037037047803,0.2728565,-0.0017150000000001615,-0.019055555555556585,27.749999999999996,0.26805449999999997,-0.0050497222222224206,0.011009876543211677,0.27045550000000002,0.00028583333333354532,0.037211265432098149
,,,,,,,,,,,,,,27.799999999999997,0.268569,0.0083844444444443871,-0.012333179012348277,0.27251349999999996,-0.0018102777777777655,-0.015879629629628939,27.799999999999997,0.26788299999999998,-0.0040016666666665918,0.0079927469135821372,0.26822600000000002,-0.0020961111111110564,0.096283487654317323
,,,,,,,,,,,,,,27.849999999999998,0.26908350000000003,0.0077174999999996725,-0.026995370370370756,0.27268500000000001,-0.0021913888888888786,-0.027577623456789175,27.849999999999998,0.26771149999999999,-0.0039063888888887727,-0.0014820987654315676,0.26891199999999998,0.016006666666666437,0.05541990740740535
,,,,,,,,,,,,,,27.899999999999999,0.26942649999999996,0.0054308333333331444,-0.036787808641972515,0.27251349999999996,-0.0058119444444443913,-0.017202932098764393,27.899999999999999,0.26754,-0.0046686111111111138,-0.0022760802469129122,0.27148450000000002,0.0076222222222221874,-0.051979320987653878
,,,,,,,,,,,,,,27.949999999999999,0.269598,0.0035252777777779417,-0.036576080246912286,0.2718275,-0.0048591666666665673,0.008575000000001087,27.949999999999999,0.26719699999999996,-0.0046686111111109577,0.0070929012345689784,0.269598,-9.5277777778146958e-05,0.014662191358026253
,,,,,,,,,,,,,,27.999999999999996,0.2697695,0.0017150000000000231,-0.033188425925926336,0.27199899999999999,-0.0033347222222221023,0.009316049382717146,27.999999999999996,0.26702550000000003,-0.0037158333333330265,0.013074228395060049,0.27011249999999998,0.013529444444444512,0.014450462962965961
,,,,,,,,,,,,,,28.049999999999997,0.2697695,9.5277777777803442e-05,-0.026307253086419315,0.27165600000000001,-0.0040969444444441967,0.013233024691358218,28.049999999999997,0.26685400000000004,-0.0031441666666667894,0.014503395061725294,0.27234199999999997,0.0047638888888889078,-0.031918055555553555
,,,,,,,,,,,,,,28.099999999999998,0.2697695,-0.0011433333333332578,-0.016726543209876151,0.27148450000000002,-0.0029536111111109187,0.030965277777776013,28.099999999999998,0.26668249999999999,-0.0020961111111113518,0.011592129629629534,0.27011249999999998,0.0048591666666668561,0.00772808641975355
,,,,,,,,,,,,,,28.149999999999999,0.269598,-0.0014291666666665806,-0.011962654320987877,0.27131300000000003,-0.00085749999999994338,0.043192592592590097,28.149999999999999,0.26668249999999999,-0.0018102777777777961,0.0050814814814830779,0.27268500000000001,0.0065741666666667411,0.024401697530863107
,,,,,,,,,,,,,,28.199999999999999,0.269598,-0.0013338888888888524,-0.025725000000000723,0.27131300000000003,0.002572499999999906,0.029906635802468339,28.199999999999999,0.266511,-0.0017149999999999613,0.00058225308642096167,0.2707985,0.0081938888888888461,0.021437500000001147
,,,,,,,,,,,,,,28.249999999999996,0.269598,-0.0037158333333333023,-0.043721913580248017,0.27165600000000001,0.0040016666666665346,-0.018261574074073819,28.249999999999996,0.266511,-0.0018102777777777032,-0.0017467592592584624,0.27319949999999998,0.013529444444444616,-0.063147993827160576
,,,,,,,,,,,,,,28.299999999999997,0.26925500000000002,-0.0066694444444444874,-0.042133950617283707,0.27199899999999999,0.00038111111111109212,-0.063306790123454651,28.299999999999997,0.26633950000000001,-0.0020008333333332196,0.000476388888889345,0.27319949999999998,0.0011433333333333688,-0.1247080246913556
,,,,,,,,,,,,,,28.349999999999998,0.26891199999999998,-0.0090513888888888398,-0.01836743827160478,0.27165600000000001,-0.0040016666666664912,-0.073946141975307869,28.349999999999998,0.26633950000000001,-0.0023819444444442895,0.013656481481480793,0.27319949999999998,-0.0080986111111107598,-0.035729166666666895
,,,,,,,,,,,,,,28.399999999999999,0.26822600000000002,-0.0089561111111111039,0.013285956790122545,0.27148450000000002,-0.0066694444444443781,-0.067488425925928561,28.399999999999999,0.26599650000000002,-0.00095277777777771596,0.031494598765430343,0.27131300000000003,-0.0013338888888888782,0.042081018518515277
,,,,,,,,,,,,,,28.449999999999999,0.26788299999999998,-0.0063836111111112729,0.020378858024692421,0.27148450000000002,-0.015053888888889193,0.021119907407403337,28.449999999999999,0.26616800000000002,0.0019055555555554926,0.029430246913579605,0.27319949999999998,0.0053355555555555587,-0.022178549382718724
,,,,,,,,,,,,,,28.499999999999996,0.26771149999999999,-0.0058119444444443566,0.0065635802469154033,0.26925500000000002,-0.0099088888888894267,0.18568580246913868,28.499999999999996,0.26633950000000001,0.0022866666666666005,0.020114197530864433,0.27319949999999998,-0.009241944444444674,-0.0067753086419763409
,,,,,,,,,,,,,,28.549999999999997,0.26736850000000001,-0.0063836111111108896,0.00217021604938241,0.26942649999999996,0.01286249999999972,0.17928101851851966,28.549999999999997,0.26633950000000001,0.003429999999999924,0.017308796296297432,0.2707985,-0.00047638888888885462,0.082309413580245419
,,,,,,,,,,,,,,28.599999999999998,0.26702550000000003,-0.0062883333333333402,0.0095807098765416151,0.27165600000000001,0.016959444444444381,0.011380401234570648,28.599999999999998,0.26668249999999999,0.0043827777777779046,0.0090513888888899639,0.27302799999999999,0.0095277777777775692,0.0019584876543205301
,,,,,,,,,,,,,,28.649999999999999,0.26668249999999999,-0.0052402777777778749,0.015614969135802528,0.2718275,0.0080986111111111102,-0.067647222222219944,28.649999999999999,0.26685400000000004,0.0040969444444446121,0.005187345679011148,0.27302799999999999,-0.00057166666666677503,-0.075110648148145789
,,,,,,,,,,,,,,28.699999999999999,0.266511,-0.0041922222222221693,0.013762345679013804,0.27199899999999999,0.00476388888888905,-0.04446296296296439,28.699999999999999,0.26702550000000003,0.0047638888888888236,0.0037581790123435072,0.27251349999999996,-0.0043827777777778769,-0.051238271604935541
,,,,,,,,,,,,,,28.749999999999996,0.26633950000000001,-0.0042874999999998661,0.018737962962963883,0.27217050000000004,0.0042874999999998643,-0.01196265432099,28.749999999999996,0.26736850000000001,0.0047638888888887308,-0.0015879629629642984,0.27234199999999997,-0.0048591666666663027,-0.029536111111108754
,,,,,,,,,,,,,,28.799999999999997,0.26599650000000002,-0.0028583333333331629,0.031812191358023718,0.27251349999999996,0.0038111111111107832,0.015826697530865151,28.799999999999997,0.26754,0.0041922222222220149,-0.00031759259259230623,0.27217050000000004,-0.0060977777777774479,-0.027207098765433448
,,,,,,,,,,,,,,28.849999999999998,0.26599650000000002,-0.00047638888888886194,0.033558950617281952,0.27234199999999997,0.0065741666666666839,0.022813734567904458,28.849999999999998,0.26771149999999999,0.0047638888888887161,5.2932098767775826e-05,0.27165600000000001,-0.0072411111111110524,-0.031918055555558156
,,,,,,,,,,,,,,28.899999999999999,0.26599650000000002,0.001143333333333263,0.023713580246912436,0.27319949999999998,0.0085750000000002439,-0.015244444444442012,28.899999999999999,0.26805449999999997,0.004668611111111237,-0.0069870370370345687,0.27148450000000002,-0.00819388888888886,-0.049279783950620631
,,,,,,,,,,,,,,28.949999999999999,0.26616800000000002,0.0017149999999999308,0.016303086419752921,0.27354250000000002,0.0045733333333336634,-0.046421450617285427,28.949999999999999,0.26822600000000002,0.0038111111111113539,-0.010215895061729159,0.27131300000000003,-0.016673611111111587,0.0055049382716029277
,,,,,,,,,,,,,,28.999999999999996,0.26616800000000002,0.0021913888888888265,0.019320216049382662,0.27354250000000002,0.0020961111111111753,-0.045468672839508922,28.999999999999996,0.26839750000000001,0.0034299999999999847,-0.0097395061728419354,0.26874049999999999,-0.0075269444444447491,0.060395524691361231
,,,,,,,,,,,,,,29.049999999999997,0.26633950000000001,0.0035252777777776655,0.024772222222221991,0.27371400000000001,0,-0.039222685185186519,29.049999999999997,0.268569,0.0030488888888887387,-0.01169799382716156,0.27096999999999999,-0.0043827777777779133,0.013656481481485022
,,,,,,,,,,,,,,29.099999999999998,0.266511,0.005049722222222215,0.022602006172838567,0.27354250000000002,-0.0017150000000000169,-0.031494598765433507,29.099999999999998,0.26874049999999999,0.0020961111111109814,-0.010692283950616719,0.26891199999999998,-0.010766388888888765,0.037105401234570012
,,,,,,,,,,,,,,29.149999999999999,0.26685400000000004,0.0062883333333330869,0.010215895061728143,0.27354250000000002,-0.0032394444444446562,-0.022549074074074974,29.149999999999999,0.26874049999999999,0.0018102777777777035,-0.0076222222222207432,0.26891199999999998,-0.0014291666666665064,0.070187962962962466
,,,,,,,,,,,,,,29.199999999999999,0.26719699999999996,0.0062883333333332084,-0.0058754629629611125,0.27319949999999998,-0.0042875000000002364,-0.009104320987653125,29.199999999999999,0.26891199999999998,0.0016197222222222505,-0.010215895061726666,0.26925500000000002,-0.00019055555555548019,0.050126697530863795
,,,,,,,,,,,,,,29.249999999999996,0.26754,0.0052402777777779035,-0.013233024691357023,0.27302799999999999,-0.0038111111111111076,-0.0021702160493805717,29.249999999999996,0.26891199999999998,0.0011433333333335709,-0.018473302469136119,0.26891199999999998,0.0015244444444444921,0.066006327160493219
,,,,,,,,,,,,,,29.299999999999997,0.26771149999999999,0.0042874999999999728,-0.0089984567901227209,0.2728565,-0.0039063888888887883,-0.0053990740740733033,29.299999999999997,0.26908350000000003,-0.00028583333333331954,-0.024983950617285557,0.26925500000000002,0.0059072222222222347,0.086702777777775006
,,,,,,,,,,,,,,29.349999999999998,0.26788299999999998,0.0046686111111112509,-0.010321759259258328,0.27268500000000001,-0.0046686111111111268,-0.0037052469135797242,29.349999999999998,0.26891199999999998,-0.002191388888889026,-0.017202932098765559,0.269598,0.009241944444444216,0.11290416666666275
,,,,,,,,,,,,,,29.399999999999999,0.26822600000000002,0.0040969444444446,-0.024719290123457045,0.27234199999999997,-0.0047638888888887317,0.0076222222222223036,29.399999999999999,0.26874049999999999,-0.0020008333333333124,-0.0096865740740733879,0.269598,0.021151666666666222,0.060924845679012636
,,,,,,,,,,,,,,29.449999999999999,0.26839750000000001,0.0018102777777778266,-0.031071141975310052,0.27217050000000004,-0.0038111111111110477,0.018314506172838578,29.449999999999999,0.26874049999999999,-0.00228666666666663,-0.017520524691358175,0.27234199999999997,0.021151666666666694,-0.088502469135801662
,,,,,,,,,,,,,,29.499999999999996,0.26839750000000001,-0.00057166666666660796,-0.01460925925926026,0.27199899999999999,-0.0032394444444445477,0.029906635802469633,29.499999999999996,0.268569,-0.0036205555555555297,-0.027948148148149273,0.27251349999999996,0.0069552777777776948,-0.14175216049382811
,,,,,,,,,,,,,,29.549999999999997,0.26822600000000002,0.00019055555555554525,0.005610802469134815,0.27165600000000001,0.00019055555555571842,0.020590586419752501,29.549999999999997,0.26839750000000001,-0.0054308333333334532,-0.030594753086419717,0.27251349999999996,0.00085750000000005613,-0.081833024691356046
,,,,,,,,,,,,,,29.599999999999998,0.26839750000000001,0.0012386111111110315,0.0085220679012338665,0.27217050000000004,0.00076222222222213209,-0.021808024691359049,29.599999999999998,0.26805449999999997,-0.0075269444444444637,-0.016408950617282921,0.27234199999999997,-0.00047638888888876268,-0.02408410493827105
,,,,,,,,,,,,,,29.649999999999999,0.26839750000000001,0.001524444444444355,0.00058225308641988158,0.27199899999999999,-0.003430000000000094,-0.038005246913580239,29.649999999999999,0.26754,-0.007622222222222203,0.007728086419753844,0.27234199999999997,0.0016197222222223918,-0.024719290123457627
,,,,,,,,,,,,,,29.699999999999999,0.268569,0.0013338888888888385,-0.0098983024691353446,0.27165600000000001,-0.0048591666666666922,-0.01932021604938387,29.699999999999999,0.26719699999999996,-0.0059072222222221306,0.017097067901235306,0.27268500000000001,-0.00066694444444444971,-0.064100771604940585
,,,,,,,,,,,,,,29.749999999999996,0.268569,0.00028583333333331954,-0.01590080246913526,0.27148450000000002,-0.0056213888888891053,0.0086596913580241092,29.749999999999996,0.26702550000000003,-0.0052402777777776884,0.012851913580246691,0.27251349999999996,-0.0061930555555557475,-0.067128487654320668
,,,,,,,,,,,,,,29.799999999999997,0.268569,-0.0003811111111110932,-0.017848703703702753,0.27096999999999999,-0.0036205555555557539,0.030663564814815539,29.799999999999997,0.26668249999999999,-0.0048591666666667,0.010554660493827453,0.27234199999999997,-0.014672777777777443,0.051312376543212024
,,,,,,,,,,,,,,29.849999999999998,0.268569,-0.0016197222222221299,-0.015593796296295608,0.27114149999999998,-0.001715000000000027,0.034188842592593464,29.849999999999998,0.266511,-0.004096944444444312,0.0076328086419761819,0.2697695,-0.0016197222222220529,0.16907570987654155
,,,,,,,,,,,,,,29.899999999999999,0.26839750000000001,-0.0025153333333332415,-0.0032076851851852617,0.2707985,5.7166666666627706e-05,0.030314212962963605,29.899999999999999,0.26633950000000001,-0.0044018333333332013,0.010925185185185387,0.27199899999999999,0.01446316666666706,0.075174166666665362
,,,,,,,,,,,,,,29.949999999999996,0.26822600000000002,-0.0019055555555554833,0.0088184876543207572,0.27114149999999998,0.0018579166666666074,0.015752592592592922,29.949999999999996,0.26599650000000002,-0.003429999999999872,0.021347515432098663,0.27268500000000001,0.0074316666666666186,-0.051884043209883469
,,,,,,,,,,,,,,29.999999999999996,0.26822600000000002,-0.00095277777777774426,0.015477345679011682,0.27114149999999998,0.0011433333333332985,-0.00034935185185139332,29.999999999999996,0.26599650000000002,-0.0017149999999999407,0.028752716049381677,0.27234199999999997,0.00057166666666630514,-0.11247012345679636
