"Run 1:Time(s)","Run 1:Position(m)","Run 1:Velocity(m/s)","Run 1:Acceleration(m/s^2)","Run 1:Position 1(m)","Run 1:Velocity 1(m/s)","Run 1:Acceleration 1(m/s^2)","Run 2:Time(s)","Run 2:Position(m)","Run 2:Velocity(m/s)","Run 2:Acceleration(m/s^2)","Run 2:Position 1(m)","Run 2:Velocity 1(m/s)","Run 2:Acceleration 1(m/s^2)","Run 3:Time(s)","Run 3:Position(m)","Run 3:Velocity(m/s)","Run 3:Acceleration(m/s^2)","Run 3:Position 1(m)","Run 3:Velocity 1(m/s)","Run 3:Acceleration 1(m/s^2)","Run 4:Time(s)","Run 4:Position(m)","Run 4:Velocity(m/s)","Run 4:Acceleration(m/s^2)","Run 4:Position 1(m)","Run 4:Velocity 1(m/s)","Run 4:Acceleration 1(m/s^2)","Run 5:Time(s)","Run 5:Position(m)","Run 5:Velocity(m/s)","Run 5:Acceleration(m/s^2)","Run 5:Position 1(m)","Run 5:Velocity 1(m/s)","Run 5:Acceleration 1(m/s^2)","Run 6:Time(s)","Run 6:Position(m)","Run 6:Velocity(m/s)","Run 6:Acceleration(m/s^2)","Run 6:Position 1(m)","Run 6:Velocity 1(m/s)","Run 6:Acceleration 1(m/s^2)","Run 7:Time(s)","Run 7:Position(m)","Run 7:Velocity(m/s)","Run 7:Acceleration(m/s^2)","Run 7:Position 1(m)","Run 7:Velocity 1(m/s)","Run 7:Acceleration 1(m/s^2)","Run 8:Time(s)","Run 8:Position(m)","Run 8:Velocity(m/s)","Run 8:Acceleration(m/s^2)","Run 8:Position 1(m)","Run 8:Velocity 1(m/s)","Run 8:Acceleration 1(m/s^2)","Run 9:Time(s)","Run 9:Position(m)","Run 9:Velocity(m/s)","Run 9:Acceleration(m/s^2)","Run 9:Position 1(m)","Run 9:Velocity 1(m/s)","Run 9:Acceleration 1(m/s^2)","Run 10:Time(s)","Run 10:Position(m)","Run 10:Velocity(m/s)","Run 10:Acceleration(m/s^2)","Run 10:Position 1(m)","Run 10:Velocity 1(m/s)","Run 10:Acceleration 1(m/s^2)","Run 11:Time(s)","Run 11:Position(m)","Run 11:Velocity(m/s)","Run 11:Acceleration(m/s^2)","Run 11:Position 1(m)","Run 11:Velocity 1(m/s)","Run 11:Acceleration 1(m/s^2)","Run 12:Time(s)","Run 12:Position(m)","Run 12:Velocity(m/s)","Run 12:Acceleration(m/s^2)","Run 12:Position 1(m)","Run 12:Velocity 1(m/s)","Run 12:Acceleration 1(m/s^2)"
0,0.26719699999999996,-0.002477222222221292,0.018113364197523022,0.27165600000000001,0.0013338888888888196,0.017594629629628718,0,0.17904600000000001,-0.0030488888888890388,0.12055814814814909,0.27560049999999997,-0.0043827777777774891,0.14465283950616961,0,0.26685400000000004,-0.012957777777778215,0.0032817901234579497,0.31178699999999998,-0.14291666666666628,-0.17997972222222428,0,0.28486149999999999,-0.097564444444443954,0.21557126543209371,0.1802465,-0.0097183333333334763,1.057424537037039,0,0.26016549999999999,0.13091166666666673,-0.068113024691356674,0.29360799999999998,0.13205500000000051,-0.24509679012346156,0,0.266511,0.0083844444444446265,-0.036851327160498354,0.27234199999999997,-0.00076222222222193606,-0.0068282407407382452,0,0.258965,0.076031666666666858,-0.039127407407410685,0.26908350000000003,0.098326666666666243,-0.0010904012345652747,0,0.2375275,0.069933888888888684,0.27480228395062034,0.24318699999999999,0.088036666666666916,0.29682203703703286,0,0.26771149999999999,0.00076222222222218272,0.007315216049382337,0.27319949999999998,-0.006288333333333008,0.064344259259255951,0,0.26616800000000002,0.036967777777777773,-0.11841969135802549,0.25862200000000002,-0.060977777777778387,0.22148907407408056,0,0.3682105,-0.061930555555555371,-0.54002385802469177,0.18710649999999998,0.01333888888888897,0.47627243827160637,0,0.37421299999999996,0.081176666666666966,-0.62497987654321152,0.1781885,-0.013720000000000244,0.15936796296296674
0.049999999999999996,0.26702550000000003,-0.0013815277777772591,0.010390570987647245,0.27165600000000001,0.0026677777777776393,0.0067806018518515006,0.049999999999999996,0.178703,0.0024772222222221251,0.1084261111111119,0.275086,0.0029536111111111742,0.13530503086419593,0.049999999999999996,0.26616800000000002,-0.012481388888889305,-0.0046315586419731795,0.304927,-0.15106291666666638,-0.19477953703703907,0.049999999999999996,0.27971650000000003,-0.088655972222222088,0.26177040123456502,0.17784549999999999,0.041017083333333315,1.0831495370370383,0.049999999999999996,0.26668249999999999,0.12948250000000019,-0.12641243827160495,0.30046800000000001,0.12262250000000029,-0.33196895061728854,0.049999999999999996,0.26702550000000003,0.0063359722222220633,-0.029700200617285951,0.27234199999999997,-0.0013815277777772591,0.000317592592592132,0.049999999999999996,0.26290950000000002,0.073459166666666686,-0.032410324074076485,0.2738855,0.099612916666666398,-0.044245941358022393,0.049999999999999996,0.24061449999999998,0.082129444444444435,0.30543938271605153,0.24696000000000001,0.10318583333333331,0.27921152777777541,0.049999999999999996,0.26771149999999999,0.0013815277777777062,0.00062459876543206666,0.27268500000000001,-0.0022866666666665481,0.045145787037034708,0.049999999999999996,0.26822600000000002,0.03134638888888882,-0.12207729938271628,0.25519199999999997,-0.050783055555555824,0.24275189814815379,0.049999999999999996,0.365981,-0.086274027777777554,-0.60712058641975453,0.18710649999999998,0.03368069444444461,0.56384330246913639,0.049999999999999996,0.37918649999999998,0.054022500000000195,-0.73352243827160624,0.17698799999999998,-0.0040016666666667063,0.12146328703704017
0.099999999999999992,0.26702550000000003,-0.00074316666666653574,-0.0021119907407461357,0.27199899999999999,0.0022294999999998844,-0.0033347222222220481,0.099999999999999992,0.178703,0.011776333333333269,0.043319629629630256,0.27560049999999997,0.010461500000000032,0.11010935185185224,0.099999999999999992,0.26565349999999999,-0.012862500000000313,-0.01368824074073737,0.29720950000000002,-0.16246766666666648,-0.19419199074074281,0.099999999999999992,0.27525749999999999,-0.073687833333333216,0.31322569444444354,0.18179000000000001,0.10089916666666666,1.0626489351851858,0.099999999999999992,0.27354250000000002,0.12216516666666678,-0.21386685185185317,0.30664200000000003,0.10524383333333327,-0.46041398148148455,0.099999999999999992,0.26719699999999996,0.004630499999999889,-0.016625972222221796,0.27217050000000004,-0.0011433333333329039,0.0075428240740699889,0.099999999999999992,0.26616800000000002,0.073344833333333123,-0.042938518518518681,0.27920200000000001,0.09741199999999979,-0.11453976851851637,0.099999999999999992,0.24490200000000001,0.099813000000000054,0.32048268518518624,0.25296249999999998,0.11839216666666656,0.23333527777777777,0.099999999999999992,0.26788299999999998,0.0012576666666666014,-0.0081462499999995792,0.27302799999999999,-0.00080033333333329193,0.022294999999998847,0.099999999999999992,0.269598,0.024467333333333268,-0.11700111111111067,0.25296249999999998,-0.037215499999999936,0.26509453703704056,0.099999999999999992,0.36100750000000004,-0.11959266666666661,-0.67861597222222425,0.18899299999999999,0.065627333333333551,0.65971921296296221,0.099999999999999992,0.38141599999999998,0.013605666666666849,-0.86512222222222335,0.17784549999999999,0.0010290000000001314,0.094070925925927792
0.14999999999999999,0.26702550000000003,-0.0012386111111111393,-0.017695200617287431,0.2718275,0.0024772222222220939,-0.014058765432098039,0.14999999999999999,0.180418,0.011242777777777734,-0.086935679012345043,0.27628649999999999,0.015244444444444611,0.06446070987654437,0.14999999999999999,0.26496749999999997,-0.014577499999999957,-0.0090513888888861787,0.28863450000000002,-0.17292916666666655,-0.14618257716049629,0.14999999999999999,0.27217050000000004,-0.055356388888888636,0.33146609567901025,0.18847849999999999,0.15349249999999995,0.95084575617284084,0.14999999999999999,0.27920200000000001,0.10871194444444442,-0.313453302469137,0.31161549999999999,0.076793888888888787,-0.5882555864197534,0.14999999999999999,0.26736850000000001,0.0048591666666667234,-0.0067170833333331592,0.27217050000000004,-0.00019055555555554568,0.0071193672839449289,0.14999999999999999,0.27028399999999997,0.072029999999999997,-0.10222246913580046,0.28400399999999998,0.088513055555555456,-0.19204294753086151,0.14999999999999999,0.25056149999999999,0.11785861111111111,0.26993253086419894,0.25913649999999999,0.12776750000000001,0.16210984567901393,0.14999999999999999,0.26788299999999998,0.00028583333333331856,-0.011396280864196943,0.27268500000000001,-0.00085749999999995552,0.013264783950616596,0.14999999999999999,0.27062700000000001,0.018483888888888949,-0.092324166666666874,0.25159049999999999,-0.024676944444444307,0.29236515432098847,0.14999999999999999,0.3541475,-0.15587444444444454,-0.71403813271605043,0.19345200000000001,0.10204250000000011,0.71047050925925725,0.14999999999999999,0.3809015,-0.034204722222222116,-0.96321598765432226,0.177674,-0.0020008333333331528,0.20589527777777794
0.19999999999999998,0.26702550000000003,-0.0037158333333335417,-0.010962237654322589,0.27234199999999997,0.0010480555555555013,-0.027058888888887491,0.19999999999999998,0.180418,0,-0.15465700617283881,0.27731549999999999,0.016578333333333556,0.02332188271604976,0.19999999999999998,0.26411000000000001,-0.014768055555555467,0.01767932098765421,0.27971650000000003,-0.17931277777777785,-0.046680817901237098,0.19999999999999998,0.26994100000000004,-0.039254444444444543,0.32350510802468813,0.19825399999999999,0.19112722222222236,0.91342276234568043,0.19999999999999998,0.28451850000000001,0.090895000000000017,-0.41750722222222336,0.31453100000000001,0.04192222222222227,-0.63898570987654291,0.19999999999999998,0.26771149999999999,0.0046686111111109924,-0.0087496759259256627,0.27217050000000004,0.00038111111111072143,-0.0064312500000027585,0.19999999999999998,0.27371400000000001,0.063931388888889121,-0.18046669753086411,0.28811999999999999,0.076889166666666856,-0.25262902777777674,0.19999999999999998,0.25707849999999999,0.12938722222222246,0.16214160493827259,0.26582499999999998,0.13500861111111126,0.072739290123458131,0.19999999999999998,0.26788299999999998,-0.00019055555555554568,-0.0081568364197526656,0.2728565,0.00047638888888886432,0.0055155246913577219,0.19999999999999998,0.27131300000000003,0.01476805555555547,-0.058299413580247726,0.25039,-0.0090513888888888224,0.33266765432098727,0.19999999999999998,0.34540100000000001,-0.19398555555555555,-0.68599470679012386,0.19928300000000002,0.13967722222222209,0.69950297839506081,0.19999999999999998,0.37798599999999999,-0.08594055555555552,-0.9966267283950625,0.17681650000000002,0.012290833333333437,0.5120968827160487
0.24999999999999997,0.266511,-0.0036205555555557686,0.018039259259259765,0.27199899999999999,-0.0015244444444443654,-0.016218395061727557,0.24999999999999997,0.180418,-0.011433333333333295,-0.081970648148147585,0.27800150000000001,0.016197222222222463,0.0084797222222209659,0.24999999999999997,0.26342399999999999,-0.013243611111111256,0.05833117283950609,0.27045550000000002,-0.17921750000000025,0.08771907407407338,0.24999999999999997,0.26822600000000002,-0.023247777777778051,0.30718614197530753,0.20682900000000001,0.23857555555555574,0.96691064814814787,0.24999999999999997,0.28863450000000002,0.0659322222222221,-0.49323188271605062,0.31556000000000001,0.010480555555555568,-0.63405243827160518,0.24999999999999997,0.26788299999999998,0.0038111111111110677,-0.0091360802469115654,0.27234199999999997,-0.0012386111111114477,-0.012703703703702071,0.24999999999999997,0.27680100000000002,0.052593333333333353,-0.23500793209876747,0.29172150000000002,0.063359722222222234,-0.3104150000000005,0.24999999999999997,0.26376700000000003,0.13405583333333351,0.042949104938270762,0.2728565,0.13624722222222249,-0.041636388888890034,0.24999999999999997,0.26788299999999998,-0.00085749999999995552,0.00099512345679007223,0.2728565,-0.00047638888888886411,0.0018737962962960951,0.24999999999999997,0.27199899999999999,0.013434166666666554,-0.039212098765431962,0.25039,0.011052222222222205,0.32312929012345704,0.24999999999999997,0.33459650000000002,-0.22771388888888899,-0.5862653395061731,0.20751499999999998,0.17435833333333331,0.6298496296296302,0.24999999999999997,0.3723265,-0.13700944444444441,-0.95371996913580259,0.17801700000000001,0.047353055555555572,0.86322725308641957
0.29999999999999999,0.266511,-0.00085750000000007901,0.02890092592592702,0.27199899999999999,-0.00076222222222218272,-0.00063518518518515359,0.29999999999999999,0.178703,-0.011814444444444386,0.064047839506173154,0.27885900000000002,0.016864166666666781,0.0075692901234538324,0.29999999999999999,0.26273799999999997,-0.0098136111111110959,0.11581543209876655,0.26136599999999999,-0.16997555555555566,0.21553950617284004,0.29999999999999999,0.26754,-0.0070505555555557759,0.25677361111111258,0.22140650000000001,0.29707611111111115,0.84696651234567832,0.29999999999999999,0.29120699999999999,0.038778055555555364,-0.5097890432098765,0.31556000000000001,-0.020484722222222269,-0.63163873456790154,0.29999999999999999,0.26805449999999997,0.0035252777777779964,-0.0066165123456775879,0.27199899999999999,-0.0020961111111111258,0.0017467592592616506,0.29999999999999999,0.27903050000000001,0.039349722222222029,-0.26619552469135838,0.29463699999999998,0.046114444444444402,-0.36597253086419684,0.29999999999999999,0.27062700000000001,0.13386527777777787,-0.081250771604939945,0.27971650000000003,0.13110222222222215,-0.16059598765432284,0.29999999999999999,0.26771149999999999,0,0.0074104938271601084,0.27268500000000001,0.00066694444444440981,-0.0013762345679016281,0.29999999999999999,0.27268500000000001,0.011814444444444386,-0.041339969135801659,0.25176199999999999,0.026296666666666784,0.25645601851851912,0.29999999999999999,0.32224849999999999,-0.2533436111111112,-0.46294413580246863,0.21694750000000002,0.20370388888888893,0.53106774691358061,0.29999999999999999,0.36409449999999999,-0.18360027777777768,-0.85723533950617392,0.18076100000000001,0.10147083333333345,1.1365580246913578
0.34999999999999998,0.266511,0.00066694444444437902,0.014344598765432969,0.27199899999999999,-0.0010480555555555013,0.0055578703703700813,0.34999999999999998,0.178703,-0.0010480555555555013,0.13296543209876568,0.27971650000000003,0.017149999999999822,0.0048697530864173786,0.34999999999999998,0.2622235,-0.0018102777777776842,0.17165879629629666,0.25330550000000002,-0.1559697222222223,0.3160046296296295,0.34999999999999998,0.26771149999999999,0.0047638888888888896,0.16350725308642147,0.23787050000000001,0.33089972222222225,0.5604979938271607,0.34999999999999998,0.29240749999999999,0.013148333333333241,-0.48401111111111034,0.31367349999999999,-0.053546111111111121,-0.60496095679012363,0.34999999999999998,0.26822600000000002,0.0033347222222224505,-0.0068811728395074788,0.27199899999999999,-0.00066694444444444082,0.010215895061729459,0.34999999999999998,0.28074549999999998,0.02553444444444436,-0.28424537037036801,0.2965235,0.025153333333333545,-0.38979197530864212,0.34999999999999998,0.27748700000000004,0.12605249999999998,-0.20341805555555745,0.28623349999999997,0.11966888888888881,-0.27000663580246886,0.34999999999999998,0.26788299999999998,0.00076222222222218283,-0.0020114197530863337,0.27302799999999999,-0.00019055555555557658,-0.010162962962963365,0.34999999999999998,0.27319949999999998,0.0098136111111111288,-0.059231018518517947,0.25330550000000002,0.035919722222222401,0.19971280864197413,0.34999999999999998,0.30904300000000001,-0.27325666666666659,-0.34268240740740796,0.22809499999999999,0.22771388888888891,0.42192175925925923,0.34999999999999998,0.35363300000000003,-0.22304527777777783,-0.74576033950617482,0.18727800000000003,0.17226222222222229,1.1688995370370359
0.39999999999999997,0.26668249999999999,0.00028583333333331856,0.0023290123456799366,0.2718275,-9.5277777777772854e-05,0.0074634259259255429,0.39999999999999997,0.178703,0.0074316666666668077,0.085432407407406638,0.28057399999999999,0.017435833333333112,-0.0023819444444443962,0.39999999999999997,0.26239499999999999,0.0092419444444444918,0.19156126543209825,0.24575949999999999,-0.13948666666666687,0.43065555555555596,0.39999999999999997,0.26839750000000001,0.0090513888888889161,0.071564197530864349,0.2546775,0.35557666666666682,0.20055972222222165,0.39999999999999997,0.29240749999999999,-0.0099088888888889323,-0.44383564814814752,0.31007200000000001,-0.083368055555555598,-0.53207345679012363,0.39999999999999997,0.26839750000000001,0.0030488888888888545,-0.010745216049384767,0.27199899999999999,-0.00028583333333331856,0.0058225308641982922,0.39999999999999997,0.28160299999999999,0.011052222222222484,-0.29911929012345539,0.29703800000000002,0.0057166666666667726,-0.3847634259259291,0.39999999999999997,0.28348950000000001,0.11223722222222206,-0.3003896604938277,0.29189300000000001,0.10290000000000009,-0.35771512345678985,0.39999999999999997,0.26788299999999998,-9.5277777777772854e-05,-0.014027006172838904,0.27268500000000001,-0.0011433333333333668,-0.0038640432098774242,0.39999999999999997,0.27371400000000001,0.006478888888888955,-0.095701234567902013,0.25536350000000002,0.044494722222222172,0.17599922839505963,0.39999999999999997,0.29480850000000003,-0.28850111111111132,-0.20156543209876585,0.23992850000000002,0.24610249999999997,0.30854120370370386,0.39999999999999997,0.34162799999999999,-0.25763111111111137,-0.63799058641975293,0.19876850000000001,0.22942888888888882,0.96426404320987535
0.44999999999999996,0.266511,0.00019055555555557653,0.0023290123456799535,0.27199899999999999,0.00047638888888886427,-0.0044992283950614966,0.44999999999999996,0.17973200000000003,0.010766388888888841,-0.023554783950618701,0.2814315,0.017721666666666615,-0.026518981481480842,0.44999999999999996,0.2632525,0.018960277777777788,0.18155709876543116,0.23889949999999999,-0.11366638888888898,0.5503350308641991,0.44999999999999996,0.26874049999999999,0.0098136111111111288,0.011697993827158968,0.27457150000000002,0.35376638888888889,-0.20431790123456969,0.44999999999999996,0.29137849999999998,-0.03144166666666668,-0.39545570987654277,0.30509849999999999,-0.10804500000000011,-0.43256111111110984,0.44999999999999996,0.268569,0.0020961111111110335,-0.012862500000000845,0.27199899999999999,-0.00019055555555551489,0.001587962962964028,0.44999999999999996,0.28194600000000003,-0.0049544444444442502,-0.299013425925928,0.29703800000000002,-0.01286250000000029,-0.38079351851852133,0.44999999999999996,0.28880600000000001,0.09508722222222217,-0.37894089506172773,0.2965235,0.084225555555555554,-0.44552947530864234,0.44999999999999996,0.26788299999999998,-0.0012386111111110472,-0.017202932098765125,0.2728565,-0.0010480555555557791,0.0096865740740746022,0.44999999999999996,0.2738855,0.0015244444444443346,-0.1622368827160505,0.25776450000000001,0.05249805555555534,0.17663441358024692,0.44999999999999996,0.27988799999999997,-0.29574222222222224,-0.021384567901233914,0.25296249999999998,0.25848861111111116,0.1956370370370373,0.44999999999999996,0.32773649999999999,-0.28783416666666667,-0.51058302469135608,0.21111650000000001,0.26820694444444432,0.72495802469135817
0.49999999999999994,0.26668249999999999,0.00038111111111118384,0.0055049382716058524,0.27199899999999999,-0.00095277777777772854,-0.0090513888888884026,0.49999999999999994,0.18058949999999999,-0.00047638888888897318,-0.037243024691358491,0.2824605,0.015625555555555396,-0.0650429629629619,0.49999999999999994,0.26445299999999999,0.026106111111111024,0.19066141975308593,0.23409749999999999,-0.081557777777777785,0.61374768518518674,0.49999999999999994,0.26925500000000002,0.010956944444444278,-0.060554320987656514,0.29120699999999999,0.32794611111111099,-0.46887253086419883,0.49999999999999994,0.28914899999999999,-0.050020833333333369,-0.33585416666666595,0.29892449999999998,-0.12548083333333318,-0.3480814814814801,0.49999999999999994,0.268569,0.001714999999999911,-0.015509104938271406,0.27199899999999999,-0.00066694444444431744,0.00555787037037164,0.49999999999999994,0.28108850000000002,-0.02038944444444447,-0.26894799382716444,0.29583749999999998,-0.032489722222222579,-0.36814274691357934,0.49999999999999994,0.29309350000000001,0.074793055555555502,-0.46019166666666561,0.3006395,0.0588816666666667,-0.533290895061729,0.49999999999999994,0.26771149999999999,-0.0018102777777777147,-0.020643518518518974,0.27251349999999996,0.00019055555555554568,0.016408950617286221,0.49999999999999994,0.274057,-0.0080986111111112768,-0.26296666666666585,0.26050849999999998,0.062311666666666654,0.18166296296296458,0.49999999999999994,0.26462450000000004,-0.29031138888888891,0.15101527777777762,0.26599650000000002,0.26515805555555561,0.087973148148147842,0.49999999999999994,0.312473,-0.30955749999999993,-0.3648080246913567,0.22552249999999999,0.30212583333333332,0.46956064814814874
0.54999999999999993,0.266511,0.0011433333333335514,0.002805401234567208,0.2718275,-0.0012386111111110465,0.0012174382716049778,0.54999999999999993,0.17887450000000002,0.002000833333333276,0.039709660493827147,0.28314649999999997,0.010480555555555568,-0.088417777777775861,0.54999999999999993,0.26565349999999999,0.036872499999999898,0.21733919753086497,0.23083899999999999,-0.050020833333333244,0.62968024691358127,0.54999999999999993,0.27011249999999998,0.0060977777777774288,-0.16991203703703706,0.3071565,0.30117305555555535,-0.61824691358024575,0.54999999999999993,0.28623349999999997,-0.0652652777777777,-0.27117114197530795,0.29257900000000003,-0.14177333333333317,-0.27884629629629715,0.54999999999999993,0.26874049999999999,0.0010480555555555009,-0.026095524691356911,0.2718275,0.00066694444444471794,0.0053461419753082782,0.54999999999999993,0.27971650000000003,-0.032203888888889254,-0.22903719135802736,0.29377949999999997,-0.051259444444444531,-0.32495015432098473,0.54999999999999993,0.2965235,0.049258611111111177,-0.53736666666666566,0.30269750000000001,0.02801166666666657,-0.56430910493827147,0.54999999999999993,0.26771149999999999,-0.0026677777777777633,-0.034141203703704659,0.2728565,0.0017150000000001879,0.004340432098766253,0.54999999999999993,0.27337099999999998,-0.02448638888888888,-0.36957191358024466,0.26411000000000001,0.070600833333333432,0.1920905864197536,0.54999999999999993,0.25056149999999999,-0.27725833333333344,0.26317839506172863,0.27954499999999999,0.2683974999999999,-0.039487345679011458,0.54999999999999993,0.2965235,-0.3244208333333331,-0.21289290123456886,0.24215800000000001,0.31756083333333329,0.18923225308642019
0.59999999999999998,0.26685400000000004,0.0010480555555555323,-0.0064577160493844545,0.2718275,-0.00057166666666663701,0.0092101851851851702,0.59999999999999998,0.18058949999999999,0.0078127777777776668,0.04317141975308722,0.28348950000000001,0.0054308333333334844,-0.083272777777777099,0.59999999999999998,0.26805449999999997,0.049163333333333413,0.21829197530864267,0.22912399999999999,-0.018579166666666539,0.63465586419753117,0.59999999999999998,0.27028399999999997,-0.0071458333333335178,-0.25788518518518283,0.32156249999999997,0.26715888888888889,-0.76148117283950312,0.59999999999999998,0.2824605,-0.0767938888888888,-0.20908179012345704,0.28469,-0.15539805555555555,-0.17266450617284165,0.59999999999999998,0.26874049999999999,-0.00076222222222218272,-0.036417283950616004,0.27217050000000004,0.00019055555555563819,0.00037052469135607103,0.59999999999999998,0.27782999999999997,-0.042684444444444858,-0.19637808641975188,0.29052099999999997,-0.066218055555555461,-0.25693240740740558,0.59999999999999998,0.29823850000000002,0.019150833333333422,-0.57156080246913621,0.30321199999999998,0.00028583333333334941,-0.54747669753086303,0.59999999999999998,0.26754,-0.005240277777777907,-0.046739043209876395,0.2728565,0.00038111111111118384,-0.0024878086419761383,0.59999999999999998,0.2718275,-0.046114444444444312,-0.45383981481481306,0.26754,0.079842777777777776,0.23221311728395042,0.59999999999999998,0.237013,-0.26353833333333337,0.35697407407407516,0.293265,0.26229972222222236,-0.18415077160493656,0.59999999999999998,0.27971650000000003,-0.33118555555555557,-0.052879166666670092,0.25810749999999999,0.31622694444444444,0.0053461419753094335
0.64999999999999991,0.26668249999999999,-0.00028583333333350353,-0.002911265432097999,0.2718275,-0.00047638888888883337,0.017732253086419764,0.64999999999999991,0.17990349999999999,0.0096611666666667415,-0.015085648148147607,0.283661,0.0012576666666667313,-0.059231018518518752,0.64999999999999991,0.27062700000000001,0.06040611111111116,0.18293333333333262,0.2289525,0.013243611111111242,0.63190339506172732,0.64999999999999991,0.26942649999999996,-0.022199722222222218,-0.29657854938271333,0.33425349999999998,0.22552250000000026,-0.90048086419752893,0.64999999999999991,0.27851599999999999,-0.086321666666666616,-0.14095817901234656,0.27662950000000003,-0.16044777777777786,-0.036999537037039364,0.64999999999999991,0.26874049999999999,-0.0037158333333331718,-0.026413117283950762,0.2718275,0.00019055555555554568,0.003916975308640179,0.64999999999999991,0.27542899999999998,-0.052116944444444591,-0.15710246913579909,0.28691949999999999,-0.076126944444444372,-0.19770138888888814,0.64999999999999991,0.29841000000000001,-0.010575833333333312,-0.54742376543210003,0.30269750000000001,-0.026487222222222089,-0.52159290123456747,0.64999999999999991,0.26719699999999996,-0.0080986111111111241,-0.045204012345677232,0.2728565,-9.5277777777742049e-05,0.016779475308640768,0.64999999999999991,0.26891199999999998,-0.071648888888888609,-0.49835570987654348,0.2718275,0.093943888888888938,0.27138287037036984,0.64999999999999991,0.22380749999999999,-0.24267249999999993,0.46977237654321052,0.3061275,0.24829388888888915,-0.30012500000000059,0.64999999999999991,0.26308100000000001,-0.32975638888888925,0.10882839506172708,0.27371400000000001,0.31289222222222229,-0.077757253086419467
0.69999999999999996,0.26668249999999999,0.00076222222222239869,0.0012703703703717431,0.27165600000000001,0.0015244444444444582,0.016673611111111333,0.69999999999999996,0.18179000000000001,0.0076222222222222377,-0.10571069444444538,0.28348950000000001,-0.00057166666666659083,-0.031695740740741184,0.69999999999999996,0.27422849999999999,0.068599999999999883,0.11893842592592567,0.23032450000000002,0.046400277777777769,0.58834027777777587,0.69999999999999996,0.26805449999999997,-0.037825277777777611,-0.30541820987654161,0.3445435,0.1745488888888892,-0.99115354938271727,0.69999999999999996,0.27371400000000001,-0.092419444444444485,-0.045945061728395707,0.26839750000000001,-0.1588280555555559,0.099247685185184911,0.69999999999999996,0.26822600000000002,-0.0041922222222221294,-0.0022760802469160421,0.27217050000000004,0.00047638888888880258,0.0077280864197515889,0.69999999999999996,0.27251349999999996,-0.059072222222222248,-0.10279413580246506,0.28297499999999998,-0.085845277777777659,-0.13772932098765397,0.69999999999999996,0.29703800000000002,-0.037253611111111223,-0.48379938271605011,0.3006395,-0.053355555555555455,-0.4649555555555564,0.69999999999999996,0.26668249999999999,-0.010099444444444201,-0.036470216049382463,0.27268500000000001,0.0020961111111110335,0.034935185185184424,0.69999999999999996,0.26462450000000004,-0.097088055555555344,-0.5099478395061765,0.27697250000000001,0.10814027777777774,0.28932685185185114,0.69999999999999996,0.21248850000000002,-0.21494666666666654,0.56679691358024542,0.31813250000000004,0.23133444444444454,-0.39741419753086699,0.69999999999999996,0.24644549999999998,-0.32041916666666687,0.273076697530866,0.28932049999999998,0.30908111111111114,-0.15869043209876585
0.74999999999999989,0.26685400000000004,0.00028583333333341093,-0.0020643518518519348,0.27199899999999999,0.0027630555555556904,-0.010057098765432608,0.74999999999999989,0.1809325,-0.0047638888888889919,-0.18591870370370564,0.28348950000000001,-0.00057166666666663712,-0.012767222222222943,0.74999999999999989,0.27765849999999997,0.072601666666666662,0.043933641975309322,0.2337545,0.075459999999999819,0.48094104938271526,0.74999999999999989,0.26565349999999999,-0.053355555555555441,-0.29160293209876442,0.35157500000000003,0.12414694444444456,-1.0303233024691394,0.74999999999999989,0.26891199999999998,-0.091085555555555642,0.052508641975309495,0.26050849999999998,-0.15072944444444464,0.23761219135802761,0.74999999999999989,0.26822600000000002,-0.0028583333333335854,0.0039169753086402076,0.2718275,0.0013338888888886037,0.0062459876543217363,0.74999999999999989,0.26942649999999996,-0.06316916666666629,-0.032870833333330997,0.278173,-0.09146666666666646,-0.050444290123458087,0.74999999999999989,0.29446549999999999,-0.059072222222222338,-0.41043549382715966,0.29703800000000002,-0.074030833333333323,-0.38746296296296406,0.74999999999999989,0.26616800000000002,-0.011623888888888842,-0.030277160493828916,0.27302799999999999,0.005049722222222084,0.025301543209877722,0.74999999999999989,0.25930800000000004,-0.12395638888888923,-0.48708117283950864,0.28263199999999999,0.12290833333333323,0.29885462962963,0.74999999999999989,0.20271300000000003,-0.19055555555555581,0.73353302469135695,0.32945150000000001,0.20942055555555536,-0.50391358024691546,0.74999999999999989,0.2306675,-0.30241166666666669,0.44372978395061941,0.304927,0.29898166666666681,-0.27095941358024961
0.79999999999999993,0.26668249999999999,0.0002858333333334111,-0.001852623456790525,0.27217050000000004,9.5277777777772813e-05,-0.026995370370372074,,,,,,,,0.79999999999999993,0.28160299999999999,0.073268611111111104,-0.037528858024690442,0.23838499999999999,0.094610833333333158,0.36565493827160678,0.79999999999999993,0.26273799999999997,-0.068409444444444176,-0.24729876543209831,0.35706300000000002,0.071648888888888637,-1.0566834876543225,0.79999999999999993,0.26445299999999999,-0.085654722222222146,0.12608425925926084,0.25296249999999998,-0.13434166666666647,0.35946188271605101,0.79999999999999993,0.26805449999999997,-0.0032394444444446761,-0.0009527777777762744,0.27234199999999997,0.0018102777777778674,-0.0068811728395048316,0.79999999999999993,0.26599650000000002,-0.062788055555555181,0.043616049382713844,0.27354250000000002,-0.0910855555555556,0.041975154320985482,0.79999999999999993,0.2910355,-0.077937222222222116,-0.33897716049382659,0.29309350000000001,-0.091085555555555642,-0.32166836419753103,0.79999999999999993,0.265482,-0.012576666666666842,-0.034723456790123307,0.27337099999999998,0.0049544444444445859,0.010004166666667836,0.79999999999999993,0.25210499999999997,-0.14796638888888911,-0.41906342592592366,0.28914899999999999,0.13920083333333327,0.28043425925926135,0.79999999999999993,0.19207999999999997,-0.14215444444444456,0.89217052469135949,0.33939849999999999,0.18055138888888875,-0.59998533950617239,0.79999999999999993,0.21591849999999999,-0.27659138888888879,0.64434243827160542,0.31950450000000002,0.28221277777777742,-0.3915387345679035
0.84999999999999998,0.26685400000000004,0.0005716666666668223,-0.0087867283950641192,0.27199899999999999,-0.0023819444444445992,-0.001799691358025625,,,,,,,,0.84999999999999998,0.28520449999999997,0.068885833333333465,-0.11930895061728358,0.24335849999999998,0.1094741666666668,0.28747422839506442,0.84999999999999998,0.25862200000000002,-0.079461666666666417,-0.17737546296296491,0.35894949999999998,0.016006666666666548,-1.033446296296296,0.84999999999999998,0.26033699999999999,-0.078508888888888698,0.19838950617283987,0.24696000000000001,-0.11376166666666655,0.45458086419752952,0.84999999999999998,0.26788299999999998,-0.003334722222222173,-0.0014820987654299107,0.27217050000000004,-0.00057166666666663777,-0.00089984567901343784,0.84999999999999998,0.26290950000000002,-0.057452500000000073,0.097024537037034175,0.26891199999999998,-0.086512222222222435,0.1232788580246917,0.84999999999999998,0.28657650000000001,-0.093848611111111133,-0.24798688271605032,0.2879485,-0.10690166666666663,-0.24015293209876551,0.84999999999999998,0.26496749999999997,-0.014577499999999924,-0.048327006172837639,0.27354250000000002,0.0045733333333334977,0.020484722222220347,0.84999999999999998,0.24421599999999999,-0.16606916666666649,-0.33791851851851723,0.29669499999999999,0.15263500000000021,0.22670817901234788,0.84999999999999998,0.188307,-0.090228055555555395,0.85527685185185265,0.34763050000000001,0.14815694444444438,-0.67139074074074057,0.84999999999999998,0.2028845,-0.24276777777777778,0.93261064814814787,0.33339599999999997,0.25915555555555514,-0.5026432098765401
0.89999999999999991,0.26685400000000004,-0.00095277777777803688,-0.0077810185185207418,0.27165600000000001,-9.527777777786539e-05,0.023607716049382586,,,,,,,,0.89999999999999991,0.28863450000000002,0.060787222222222291,-0.19097901234567985,0.24918950000000001,0.12452805555555585,0.18981450617283943,0.89999999999999991,0.25450600000000001,-0.084987777777777773,-0.12301419753086702,0.35826350000000001,-0.03277555555555562,-0.98644259259259248,0.89999999999999991,0.25639250000000002,-0.066599166666666529,0.2813341049382701,0.2413005,-0.08813194444444461,0.53789598765432023,0.89999999999999991,0.26771149999999999,-0.0034299999999998845,-0.0011115740740734613,0.27199899999999999,0.0017149999999997263,0.0059813271604941742,0.89999999999999991,0.26033699999999999,-0.052402777777777819,0.13794104938271504,0.26479599999999998,-0.078699444444444364,0.20045385802469282,0.89999999999999991,0.2814315,-0.10366222222222228,-0.14519274691358142,0.28211750000000002,-0.1163341666666667,-0.13518858024691435,0.89999999999999991,0.26411000000000001,-0.018007499999999781,-0.052826234567900976,0.27371400000000001,0.0061930555555553893,0.046527314814812072,0.89999999999999991,0.23546950000000003,-0.18169472222222219,-0.25079228395061909,0.30458400000000002,0.16216277777777807,0.16191929012345643,0.89999999999999991,0.18419100000000002,-0.055642222222222211,0.7841890432098757,0.354319,0.11271361111111096,-0.72649305555555499,0.89999999999999991,0.19070799999999999,-0.18788777777777776,1.2611601851851857,0.34557249999999995,0.23152500000000012,-0.60527854938271053
0.94999999999999996,0.26668249999999999,-0.0010480555555558407,0.0076222222222238345,0.27199899999999999,0.0020961111111109719,0.011962654320987977,,,,,,,,0.94999999999999996,0.29137849999999998,0.049734999999999883,-0.25942021604938198,0.25622100000000003,0.13091166666666665,0.055366975308641105,0.94999999999999996,0.25021850000000001,-0.090895000000000101,-0.077916049382718219,0.35569099999999998,-0.081271944444444591,-0.95309537037037007,0.94999999999999996,0.25347700000000001,-0.050020833333333382,0.35485679012345511,0.23804199999999998,-0.058214722222222286,0.59860910493827291,0.94999999999999996,0.26754,-0.0034299999999999158,-0.00026466049382777029,0.27251349999999996,0.0012386111111112321,-0.0069870370370359427,0.94999999999999996,0.25759300000000002,-0.045066388888888885,0.19865416666666522,0.26085150000000001,-0.06659916666666657,0.27540570987654306,0.94999999999999996,0.27594350000000001,-0.10852138888888907,-0.044039506172839908,0.276115,-0.12071694444444458,-0.021808024691357925,0.94999999999999996,0.26308100000000001,-0.02029416666666661,-0.04965030864197615,0.274057,0.0099088888888885628,0.062248148148148302,0.94999999999999996,0.2258655,-0.19312805555555576,-0.11750925925926088,0.31298750000000003,0.16911805555555567,0.090513888888886826,0.94999999999999996,0.182476,-0.017626388888888966,0.78080138888888884,0.35894949999999998,0.075555277777777749,-0.77746666666666531,0.94999999999999996,0.182476,-0.10432916666666664,1.3170035493827168,0.35671999999999998,0.1992258333333338,-0.71627716049382506
0.99999999999999989,0.26668249999999999,9.5277777777772854e-05,0.017044135802472861,0.27199899999999999,0.0020008333333332317,-0.016832407407406092,,,,,,,,0.99999999999999989,0.29377949999999997,0.034776388888889086,-0.32367978395061597,0.26273799999999997,0.12824388888888899,-0.046103858024691337,0.99999999999999989,0.24541650000000001,-0.095277777777778072,0.011750925925926073,0.35020299999999999,-0.12957777777777779,-0.88491882716049286,0.99999999999999989,0.25124750000000001,-0.030012500000000105,0.40323672839506103,0.235984,-0.03401416666666663,0.73914382716049565,0.99999999999999989,0.26736850000000001,-0.0034300000000001018,-5.2932098764854416e-05,0.27217050000000004,-1.0119220276531375e-18,-0.0043404320987658921,0.99999999999999989,0.25553500000000001,-0.032203888888889184,0.25010416666666657,0.257936,-0.050020833333333403,0.32685570987654317,0.99999999999999989,0.27011249999999998,-0.10375750000000013,-0.015509104938270591,0.2697695,-0.11833500000000004,0.089508179012346964,0.99999999999999989,0.26205200000000001,-0.022199722222222201,-0.055578703703703963,0.27474299999999996,0.013243611111110989,0.063200925925928589,0.99999999999999989,0.21574699999999999,-0.19427138888888909,0.046474382716049728,0.32173400000000002,0.17092833333333338,0.025301543209873791,0.99999999999999989,0.18179000000000001,0.027154166666666629,0.69886250000000116,0.36203649999999998,0.034966944444444599,-0.82436450617283963,0.99999999999999989,0.1809325,-0.034299999999999914,0.93864490740740791,0.36580950000000001,0.15978083333333382,-0.82309413580247304
1.0499999999999998,0.26668249999999999,0.0014291666666669629,0.011115740740742662,0.27234199999999997,-0.00076222222222218283,-0.026042592592591132,,,,,,,,1.0499999999999998,0.29498000000000002,0.016673611111111299,-0.37232438271604956,0.26908350000000003,0.1232894444444446,-0.095542438271606467,1.0499999999999998,0.24027149999999997,-0.091276111111111211,0.12920725308642225,0.3424855,-0.17226222222222212,-0.76312206790123349,1.0499999999999998,0.25039,-0.008003333333333475,0.41461712962962954,0.23306849999999998,0.01657833333333348,0.83823271604938265,1.0499999999999998,0.26719699999999996,-0.0034299999999998533,5.2932098767083515e-05,0.27234199999999997,0.0012386111111108928,-0.0068811728395038905,1.0499999999999998,0.25433449999999996,-0.018102777777777922,0.26598379629629898,0.25587799999999999,-0.033061388888888849,0.35686820987654344,1.0499999999999998,0.26633950000000001,-0.11090333333333335,0.02239027777777905,0.26411000000000001,-0.11128444444444434,0.19103194444444491,1.0499999999999998,0.26102300000000001,-0.026391944444444315,-0.050656018518519398,0.27542899999999998,0.01591138888888902,0.068388271604940001,1.0499999999999998,0.206486,-0.19293750000000012,0.29731959876543385,0.33013750000000003,0.17083305555555528,-0.025725000000001261,1.0499999999999998,0.18590599999999999,0.059643888888888934,0.51328256172839559,0.36255100000000001,-0.0080986111111111241,-0.84431990740740781,1.0499999999999998,0.18110400000000001,-0.0051449999999999795,0.4339373456790116,0.37284100000000003,0.11614361111111109,-0.91064382716049985
1.0999999999999999,0.26685400000000004,0.0020008333333335982,-0.0087867283950631824,0.2718275,-0.0020961111111110009,-0.006881172839505692,,,,,,,,1.0999999999999999,0.29549449999999999,-0.0029536111111109872,-0.40620092592592655,0.27491450000000001,0.11938305555555544,-0.15202098765432268,1.0999999999999999,0.235984,-0.080604999999999843,0.21977407407407512,0.33271000000000001,-0.20789611111111098,-0.5970740740740732,1.0999999999999999,0.25056149999999999,0.012290833333333244,0.40148996913580265,0.23769900000000002,0.065074722222222256,0.66498595679012151,1.0999999999999999,0.26702550000000003,-0.003429999999999666,0.00037052469135646237,0.27251349999999996,-0.00076222222222187361,-0.0056108024691332373,1.0999999999999999,0.25381999999999999,-0.0050497222222220806,0.26683070987654561,0.25450600000000001,-0.013815277777777732,0.37137160493827087,1.0999999999999999,0.25827899999999998,-0.10518666666666661,0.12804274691358056,0.25845050000000003,-0.099184166666666698,0.28922098765432069,1.0999999999999999,0.25930800000000004,-0.028773888888888918,-0.020548240740742713,0.27628649999999999,0.019531944444444532,0.081451913580246851,1.0999999999999999,0.19516699999999998,-0.16568805555555557,0.57500138888889085,0.33888399999999996,0.16864166666666655,-0.084956018518517459,1.0999999999999999,0.18916450000000001,0.068504722222222286,0.50306666666666577,0.36117899999999997,-0.050401944444444458,-0.84013827160493681,1.0999999999999999,0.181447,-0.0011433333333333822,0.12502561728395015,0.37764300000000001,0.067647222222221762,-0.97082762345679086
1.1499999999999999,0.26702550000000003,9.5277777777803699e-05,-0.019161419753088937,0.27199899999999999,-0.00095277777777772767,0.00762222222222234,,,,,,,,1.1499999999999999,0.29480850000000003,-0.024962777777777667,-0.41620509259259419,0.28126000000000001,0.11052222222222213,-0.24518148148148211,1.1499999999999999,0.232211,-0.068028333333333288,0.28763302469135715,0.32121949999999999,-0.23257305555555538,-0.41863996913580309,1.1499999999999999,0.25159049999999999,0.032489722222222149,0.37274783950617313,0.2413005,0.083939722222222027,0.46130324074074064,1.1499999999999999,0.26685400000000004,-0.0034300000000001287,0.0018526234567873825,0.27217050000000004,-0.00095277777777738821,0.020378858024688626,1.1499999999999999,0.25381999999999999,0.0080033333333335288,0.27185925925925986,0.25450600000000001,0.0053355555555554294,0.35988533950617302,1.1499999999999999,0.2557065,-0.095754166666666626,0.20707037037036946,0.25399149999999998,-0.082129444444444422,0.37920555555555563,1.1499999999999999,0.257936,-0.027440000000000197,-0.0063042129629637929,0.27731549999999999,0.024295833333333322,0.088682438271605199,1.1499999999999999,0.18985049999999998,-0.13215027777777758,0.77942515432098836,0.34711600000000004,0.16330611111111112,-0.16901219135802426,1.1499999999999999,0.19139400000000001,0.099851111111111016,0.66715617283950523,0.35757749999999999,-0.093467499999999745,-0.80679104938271617,1.1499999999999999,0.18127550000000001,-0.0060977777777778104,0.1251314814814817,0.37970099999999996,0.01695944444444426,-0.98744830246913129
1.2,0.26685400000000004,-0.0015244444444446105,-0.0017467592592596249,0.2718275,-0.00095277777777769688,0.0131271604938274,,,,,,,,1.2,0.29292200000000002,-0.045733333333333466,-0.39990200617284088,0.28640500000000002,0.093467499999999773,-0.31468132716049296,1.2,0.22912399999999999,-0.053069722222222254,0.37094814814814731,0.30904300000000001,-0.24762694444444433,-0.28022253086420051,1.2,0.25381999999999999,0.051449999999999933,0.30806481481481568,0.24593099999999998,0.10242361111111115,0.39545570987654521,1.2,0.26668249999999999,-0.003334722222222418,0.0050814814814818263,0.27217050000000004,0.0027630555555554406,0.020114197530859478,1.2,0.25450600000000001,0.022771388888889115,0.26402530864197399,0.25519199999999997,0.022009166666666719,0.34294706790123614,1.2,0.24901799999999999,-0.088798888888888997,0.35940895061728356,0.25004700000000002,-0.060596666666666514,0.45405154320987501,1.2,0.25673550000000001,-0.028583333333333474,-0.0073205092592582297,0.27868749999999998,0.029536111111111204,0.074750709876544155,1.2,0.181447,-0.086702777777777587,0.91053796296296119,0.355348,0.15387361111111089,-0.30139537037036873,1.2,0.1984255,0.1436788888888888,0.69150493827160575,0.35157500000000003,-0.13167388888888898,-0.75819938271605125,1.2,0.180418,9.5277777777745085e-05,0.38730416666666745,0.37918649999999998,-0.031632222222221958,-0.98676018518518183
1.25,0.26668249999999999,0,0.014450462962964759,0.2718275,0.0002858333333334111,0.016144290123457059,,,,,,,,1.25,0.29017799999999999,-0.065170000000000089,-0.37348888888888943,0.29052099999999997,0.076508055555555551,-0.33871249999999825,1.25,0.22655149999999999,-0.031155833333333372,0.45495138888888897,0.296352,-0.25906027777777813,-0.16641851851852016,1.25,0.25707849999999999,0.063836111111111149,0.2323719135802482,0.25124750000000001,0.12319416666666695,0.3456995370370371,1.25,0.266511,-0.0030488888888888562,0.010268827160495412,0.27268500000000001,0.0025724999999995912,-0.0055049382716059721,1.25,0.25622100000000003,0.035348055555555535,0.23729459876543071,0.25656400000000001,0.040207222222222505,0.30679444444444387,1.25,0.24558799999999997,-0.059262777777777852,0.49089228395061951,0.24781750000000002,-0.03572916666666686,0.50486635802468993,1.25,0.25502049999999998,-0.02869766666666675,-0.0028106944444417198,0.2804025,0.032184833333333614,0.052910925925924369,1.25,0.1802465,-0.027916388888888932,0.76137530864197467,0.36289399999999999,0.13510388888888902,-0.47633595679012108,1.25,0.206486,0.17645444444444458,0.57283117283950746,0.34437199999999996,-0.1684511111111113,-0.71770632716049398,1.25,0.180418,0.026106111111111201,0.77667268518518651,0.376614,-0.081367222222221994,-0.98204922839506237
1.2999999999999998,0.26685400000000004,0.0016197222222224181,0.0021702160493834101,0.2718275,0.001715000000000191,0.00079398148148042901,,,,,,,,1.2999999999999998,0.28640500000000002,-0.083844444444444555,-0.33056095679012354,0.29395100000000002,0.060501388888888973,-0.3687779320987648,1.2999999999999998,0.2258655,-0.0057166666666666971,0.50682484567901265,0.28297499999999998,-0.26515805555555577,-0.026624845679009607,1.2999999999999998,0.26033699999999999,0.072982777777777896,0.18102777777777793,0.25845050000000003,0.14034416666666669,0.24301126543209625,1.2999999999999998,0.26633950000000001,-0.0020961111111110343,0.012174382716050175,0.27251349999999996,0.00095277777777763584,-0.01201558641975113,1.2999999999999998,0.25810749999999999,0.046400277777777749,0.2065939814814817,0.25930800000000004,0.055546944444444357,0.21839783950617087,1.2999999999999998,0.24335849999999998,-0.033442499999999827,0.50767175925926156,0.24644549999999998,-0.0097183333333335006,0.53689027777777842,1.2999999999999998,0.25381999999999999,-0.028345138888888722,-0.0080562654320949934,0.28194600000000003,0.034014166666666658,0.043314336419747933,1.2999999999999998,0.18007499999999999,0.002763055555555503,0.36311419753086449,0.3692395,0.10680638888888917,-0.66244521604938289,1.2999999999999998,0.21643300000000001,0.20103611111111122,0.42700324074073975,0.33476800000000001,-0.20475194444444447,-0.6479947530864183,1.2999999999999998,0.18127550000000001,0.08603583333333352,1.0076683641975301,0.37112600000000001,-0.13157861111111099,-0.94086805555555719
1.3499999999999999,0.26702550000000003,0.0002858333333334111,-0.013074228395062623,0.27217050000000004,0.00028583333333331856,-0.012227314814817191,,,,,,,,1.3499999999999999,0.28160299999999999,-0.098612500000000144,-0.27916388888888738,0.29686649999999998,0.039635555555555646,-0.39169753086419773,1.3499999999999999,0.22603699999999999,0.019913055555555489,0.54969984567901276,0.2697695,-0.26649194444444418,0.20220061728395225,1.3499999999999999,0.2642815,0.082320000000000018,0.11893842592592528,0.26565349999999999,0.14930027777777757,0.099088888888887408,1.3499999999999999,0.26633950000000001,-0.0017149999999999108,0.012544907407407333,0.27268500000000001,0.00057166666666663734,-0.0054520061728378783,1.3499999999999999,0.26085150000000001,0.056690277777777881,0.15985493827160466,0.26256649999999998,0.062311666666666439,0.12343765432098887,1.3499999999999999,0.2423295,-0.0076222222222219792,0.49475632716049328,0.246617,0.020008333333333243,0.52275740740740828,1.3499999999999999,0.25227650000000001,-0.029536111111110753,-0.01576317901234173,0.28383249999999999,0.036014999999999554,0.039974320987646937,1.3499999999999999,0.18213299999999999,0.0025725000000000348,0.060766049382716701,0.37404150000000003,0.067647222222222358,-0.8194947530864215,1.3499999999999999,0.2268945,0.21732861111111093,0.30679444444444404,0.32362049999999998,-0.23495499999999983,-0.54033086419752985,1.3499999999999999,0.18950750000000002,0.14062999999999984,0.96399938271604746,0.36323700000000003,-0.17740722222222213,-0.85988194444444532
1.3999999999999999,0.26685400000000004,-0.00085749999999995476,-0.0089455246913595372,0.2718275,-0.00076222222222245952,-0.0031759259259263304,,,,,,,,1.3999999999999999,0.27645799999999998,-0.11128444444444431,-0.23062515432098651,0.29789550000000004,0.01905555555555561,-0.37232438271605089,1.3999999999999999,0.22775199999999998,0.04830583333333336,0.60178503086419843,0.25536350000000002,-0.24791277777777768,0.48178796296296073,1.3999999999999999,0.26874049999999999,0.087274444444444363,0.013497685185185987,0.27371400000000001,0.14996722222222203,-0.044092438271603661,1.3999999999999999,0.26616800000000002,-0.0012386111111110463,0.019637808641974407,0.27251349999999996,0.0010480555555555623,-0.007198765432097882,1.3999999999999999,0.26393850000000002,0.063359722222222192,0.094377932098764605,0.26565349999999999,0.065646388888889087,0.066641512345680928,1.3999999999999999,0.24267250000000001,0.01581611111111118,0.47194259259259091,0.24867499999999998,0.045256944444444412,0.45458086419753219,,,,,,,,1.3999999999999999,0.180418,-0.0045733333333332757,0.022443209876543298,0.37627100000000002,0.02181861111111108,-0.90831481481481691,1.3999999999999999,0.23821349999999999,0.23095333333333332,0.20437083333333539,0.31110100000000002,-0.26010833333333311,-0.40154290123457087,1.3999999999999999,0.19602449999999999,0.18321916666666641,0.85787052469136016,0.3531185,-0.21742388888888875,-0.77185586419753316
1.45,0.26685400000000004,-0.00057166666666672971,-0.0031229938271624519,0.27199899999999999,-9.5277777777834599e-05,0.0076751543209892803,,,,,,,,1.45,0.27045550000000002,-0.12233666666666661,-0.16387777777777876,0.2985815,0.0018102777777775306,-0.33670108024691348,1.45,0.2306675,0.080509722222222316,0.63650848765432222,0.24421599999999999,-0.212755277777778,0.6585282407407399,1.45,0.27337099999999998,0.084511388888889136,-0.10845787037037048,0.28091699999999997,0.14377416666666662,-0.16403657407407085,1.45,0.26616800000000002,0.00019055555555554563,0.026201388888887581,0.2728565,0.00057166666666682317,-0.02011419753086565,1.45,0.26736850000000001,0.066027499999999961,0.027577623456789654,0.26908350000000003,0.068600000000000202,0.021066975308640639,1.45,0.24387300000000001,0.039444999999999987,0.44775262345678962,0.251419,0.06507472222222227,0.38471049382716199,,,,,,,,1.45,0.1809325,0.00066694444444447421,0.12857206790123418,0.37627100000000002,-0.025820277777777966,-0.93351049382716234,1.45,0.25021850000000001,0.23876611111111132,0.0883436728395076,0.29720950000000002,-0.27601972222222265,-0.24232314814815034,1.45,0.20751499999999998,0.2276186111111114,0.70235601851852192,0.34145650000000005,-0.25486805555555575,-0.67181419753086768
1.4999999999999998,0.26685400000000004,-0.0010480555555558108,0.0014291666666661313,0.2718275,0.00047638888888892607,0.0095807098765448243,,,,,,,,1.4999999999999998,0.26411000000000001,-0.12976833333333349,-0.058331172839505917,0.29806699999999997,-0.014482222222222131,-0.29784891975308442,1.4999999999999998,0.23564099999999999,0.11519083333333346,0.606601851851852,0.23426900000000001,-0.17778833333333344,0.74401358024691477,1.4999999999999998,0.27748700000000004,0.074888333333333348,-0.20331219135802717,0.28829149999999998,0.13243611111111142,-0.25878503086419569,1.4999999999999998,0.26616800000000002,0.001810277777777685,0.023819444444443321,0.27268500000000001,-0.0019055555555557676,-0.016991203703705819,1.4999999999999998,0.27062700000000001,0.065836944444444379,-0.03488225308641997,0.27268500000000001,0.068123611111111051,-0.029165586419755776,1.4999999999999998,0.246617,0.062311666666666675,0.38968611111111101,0.25519199999999997,0.08317750000000014,0.31753966049382748,,,,,,,,1.4999999999999998,0.1809325,0.0029536111111111234,0.38492222222222172,0.37369849999999999,-0.073554444444444575,-0.90963811728395105,1.4999999999999998,0.26239499999999999,0.23971888888888918,-0.024295833333335567,0.28314649999999997,-0.28335611111111136,-0.098030246913576605,1.4999999999999998,0.21952000000000002,0.25610666666666698,0.49814398148148059,0.3273935,-0.28630972222222267,-0.53694320987654243
1.5499999999999998,0.26668249999999999,-0.0003811111111112148,0.0048697530864206025,0.27199899999999999,0.0017150000000001871,-0.0032817901234567189,,,,,,,,1.5499999999999998,0.25707849999999999,-0.12900611111111099,0.063518518518519446,0.29703800000000002,-0.028297499999999785,-0.25190385802469123,1.5499999999999998,0.24250099999999999,0.14396472222222226,0.520481327160493,0.22620850000000001,-0.13758111111111113,0.79551651234567922,1.5499999999999998,0.28091699999999997,0.062692777777777528,-0.26698950617283979,0.294294,0.11728694444444472,-0.33945354938271749,1.5499999999999998,0.26633950000000001,0.0034299999999998199,0.0073575617283951483,0.27251349999999996,-0.0018102777777780534,-0.00047638888888775079,1.5499999999999998,0.274057,0.062883333333333249,-0.10094151234567837,0.27594350000000001,0.065836944444444254,-0.084056172839507656,1.5499999999999998,0.25039,0.079366388888888861,0.31002330246913551,0.25982250000000001,0.098231388888888993,0.22448503086419591,,,,,,,,1.5499999999999998,0.1802465,0.02905972222222214,0.82732870370370326,0.36872500000000002,-0.11757277777777785,-0.86263441358024695,1.5499999999999998,0.27440000000000003,0.23533611111111097,-0.11835617283950957,0.26874049999999999,-0.285833333333333,0.045892129629632343,1.5499999999999998,0.23341149999999999,0.27716305555555554,0.29821944444444187,0.312473,-0.3093669444444444,-0.38248734567900877
1.5999999999999999,0.26685400000000004,-0.00028583333333341077,0.0036523148148156098,0.27217050000000004,9.527777777780374e-05,-0.014979783950618565,,,,,,,,1.5999999999999999,0.25090450000000003,-0.121288611111111,0.15165046296296192,0.29515150000000001,-0.03992138888888886,-0.20055972222222343,1.5999999999999999,0.25039,0.1658786111111111,0.44579413580246902,0.220549,-0.097659722222222259,0.82272361111111036,1.5999999999999999,0.28383249999999999,0.048115277777777778,-0.32161543209876403,0.30012500000000003,0.098898333333333421,-0.42456836419753441,1.5999999999999999,0.26668249999999999,0.0021913888888888049,-0.002540740740739541,0.27251349999999996,-0.0015244444444444567,0.0087867283950647836,1.5999999999999999,0.277144,0.05516583333333331,-0.15678487654320841,0.2793735,0.060596666666666354,-0.15255030864197358,1.5999999999999999,0.2546775,0.093086388888888885,0.22633765432098726,0.2653105,0.10680638888888877,0.10930478395061605,,,,,,,,1.5999999999999999,0.18230449999999998,0.086988611111111044,1.2181793209876548,0.36186499999999999,-0.15949500000000025,-0.81261358024691266,1.5999999999999999,0.28606199999999998,0.22714222222222194,-0.19791311728395111,0.25416300000000003,-0.27906861111111092,0.193625617283949,1.5999999999999999,0.24781750000000002,0.28468999999999989,0.12285540123456738,0.29618050000000001,-0.32499249999999985,-0.21818611111110994
1.6499999999999999,0.26668249999999999,-0.00057166666666682122,0.010956944444446946,0.27199899999999999,-0.0013338888888890033,-0.001587962962962804,,,,,,,,1.6499999999999999,0.2450735,-0.11357111111111119,0.23115447530864075,0.29292200000000002,-0.04859166666666672,-0.14249320987654371,1.6499999999999999,0.258965,0.18798305555555561,0.3691484567901242,0.2162615,-0.054594166666666777,0.82738163580246882,1.6499999999999999,0.28589049999999999,0.03020305555555558,-0.3651785493827156,0.30441250000000003,0.075078888888888543,-0.50830694444444569,1.6499999999999999,0.266511,0.0017150000000000038,0.011803858024692429,0.27234199999999997,-0.00085749999999986217,0.014079938271607716,1.6499999999999999,0.27954499999999999,0.046781388888889032,-0.20362978395061673,0.28228899999999996,0.049830277777777821,-0.20601172839505813,1.6499999999999999,0.25982250000000001,0.10270944444444442,0.12523734567901149,0.2707985,0.10852138888888878,0.0037052469135809771,,,,,,,,1.6499999999999999,0.18796399999999999,0.16521166666666676,1.3061524691358037,0.35277549999999996,-0.19998805555555557,-0.73686774691357904,1.6499999999999999,0.29720950000000002,0.21589944444444423,-0.28350432098765166,0.24061449999999998,-0.26620611111111109,0.33627762345678702,1.6499999999999999,0.26205200000000001,0.2869766666666666,-0.0033347222222204777,0.27954499999999999,-0.3307091666666665,-0.062459876543211688
1.7,0.26668249999999999,0.0010480555555558108,0.01280956790123714,0.2718275,0.00047638888888905032,0.0036523148148146904,,,,,,,,1.7,0.2392425,-0.09956527777777785,0.3271733024691359,0.29017799999999999,-0.054213055555555556,-0.081144907407407457,1.7,0.26925500000000002,0.20656222222222242,0.22316172839506151,0.21506099999999997,-0.011623888888888908,0.76778009259259361,1.7,0.28691949999999999,0.010575833333333347,-0.38762175925926018,0.30784249999999996,0.046876666666666518,-0.56383271604938068,1.7,0.26668249999999999,0.0040016666666667705,0.015667901234567599,0.27234199999999997,0.0010480555555558734,-0.0011115740740729307,1.7,0.28194600000000003,0.035443333333333465,-0.25603256172839745,0.28434700000000002,0.038396944444444671,-0.23073101851851699,1.7,0.26513900000000001,0.10709222222222213,0.00010586419752992825,0.27628649999999999,0.10633000000000004,-0.085008950617282752,,,,,,,,1.7,0.19928300000000002,0.23466916666666693,1.0364634259259269,0.34162799999999999,-0.23495500000000011,-0.6277217592592591,1.7,0.30784249999999996,0.19970222222222236,-0.38338719135802224,0.22723750000000001,-0.24553083333333356,0.47686527777777599,1.7,0.27662950000000003,0.28469000000000022,-0.12952484567901137,0.26290950000000002,-0.33023277777777799,0.07246404320987479
1.7499999999999998,0.26685400000000004,0.0014291666666669638,0.0017467592592586452,0.27217050000000004,0.00038111111111106154,-0.011909722222223813,,,,,,,,1.7499999999999998,0.23478350000000001,-0.07889000000000003,0.38608672839506214,0.28743400000000002,-0.057357222222222164,-0.01016296296296405,1.7499999999999998,0.28023100000000001,0.21266000000000004,0.033241358024689464,0.2155755,0.022771388888888865,0.68774675925925999,1.7499999999999998,0.28691949999999999,-0.009051388888888982,-0.39508518518518621,0.3092145,0.016101944444444603,-0.5667969135802452,1.7499999999999998,0.26702550000000003,0.0044780555555554496,-0.002329012345679463,0.27268500000000001,-0.0010480555555551939,-0.014503395061730665,1.7499999999999998,0.28331800000000001,0.019913055555555337,-0.28292206790123703,0.28606199999999998,0.027249444444444649,-0.258149845679013,1.7499999999999998,0.27096999999999999,0.10242361111111091,-0.11666234567901186,0.28160299999999999,0.099755833333333502,-0.16520108024691441,,,,,,,,1.7499999999999998,0.213003,0.2728755555555557,0.65297037037036854,0.32893699999999998,-0.26258555555555557,-0.51719953703703625,1.7499999999999998,0.31744650000000002,0.1775025000000002,-0.47734166666666705,0.21574699999999999,-0.21761444444444475,0.59728580246913709,1.7499999999999998,0.29086400000000001,0.27468583333333352,-0.26090231481481724,0.24627399999999999,-0.32375388888888906,0.21421620370370489
1.7999999999999998,0.26685400000000004,0.0012386111111111697,-0.0096336419753102528,0.27199899999999999,-0.00181027777777796,-0.0098453703703704053,,,,,,,,1.7999999999999998,0.23152500000000001,-0.05954861111111117,0.40932391975308641,0.28417550000000003,-0.055165833333333518,0.056796141975307607,1.7999999999999998,0.2910355,0.20741972222222205,-0.11962654320987681,0.21729049999999997,0.056118611111111043,0.61597083333333413,1.7999999999999998,0.28606199999999998,-0.029345555555555663,-0.38693364197530827,0.3092145,-0.010766388888888791,-0.54250108024691313,1.7999999999999998,0.26719699999999996,0.0036205555555554902,-0.022549074074072539,0.27217050000000004,-0.002000833333333413,-0.0022760802469160694,1.7999999999999998,0.28383249999999999,0.00571666666666643,-0.28308086419753059,0.28726250000000003,0.012862500000000193,-0.28482762345679274,1.7999999999999998,0.27560049999999997,0.092514722222222082,-0.18118657407407049,0.28640500000000002,0.08956111111111098,-0.23893549382716173,,,,,,,,1.7999999999999998,0.22723750000000001,0.29345555555555541,0.37184799382715888,0.31521700000000002,-0.28573805555555548,-0.41673441358024665,1.7999999999999998,0.32584999999999997,0.14987194444444446,-0.52963858024691435,0.20528549999999998,-0.1845530555555556,0.69409861111111304,1.7999999999999998,0.30441250000000003,0.25753583333333319,-0.3717421296296326,0.23015300000000002,-0.30841416666666654,0.36634305555555574
1.8499999999999999,0.26702550000000003,9.527777777780374e-05,-0.013603549382716741,0.2718275,-0.0014291666666666845,0.0062459876543219323,,,,,,,,1.8499999999999999,0.22860949999999999,-0.037444166666666751,0.41784598765432207,0.28177449999999998,-0.049735000000000147,0.089984567901235282,1.8499999999999999,0.30098249999999999,0.19893999999999998,-0.24147623456789938,0.22123499999999999,0.086798055555555628,0.50184922839506318,1.8499999999999999,0.28400399999999998,-0.04935388888888894,-0.34485262345678902,0.3081855,-0.03782527777777759,-0.51349429012345837,1.8499999999999999,0.26736850000000001,0.0024772222222224009,-0.05060308641975169,0.27234199999999997,-0.00066694444444447172,-0.0037052469135802784,1.8499999999999999,0.28383249999999999,-0.007812777777777927,-0.28874459876543018,0.28743400000000002,-0.0030488888888890371,-0.27879336419753376,1.8499999999999999,0.28005949999999996,0.083844444444444763,-0.23343055555555225,0.29069249999999996,0.075841111111111012,-0.311717129629629,,,,,,,,1.8499999999999999,0.24250099999999999,0.30631805555555536,0.17764012345679248,0.30029649999999997,-0.30536527777777772,-0.29430246913580388,1.8499999999999999,0.33236700000000002,0.12262250000000009,-0.54451250000000095,0.19722499999999998,-0.14834749999999994,0.78757669753086434,1.8499999999999999,0.3167605,0.23609833333333308,-0.45558657407407521,0.2155755,-0.29126416666666671,0.60723703703703491
1.8999999999999999,0.26685400000000004,-0.00085749999999995671,-0.0031229938271608981,0.2718275,-0.00047638888888889511,0.012439043209877328,,,,,,,,1.8999999999999999,0.22775199999999998,-0.014863333333333187,0.39185632716049484,0.2793735,-0.046209722222222201,0.12116157407407468,1.8999999999999999,0.31110100000000002,0.18512472222222243,-0.38899799382715999,0.22655149999999999,0.10642527777777794,0.38052885802469244,1.8999999999999999,0.28091699999999997,-0.0650747222222222,-0.27635848765432014,0.30544150000000003,-0.063836111111111149,-0.45098148148148548,1.8999999999999999,0.26754,-0.00085749999999989383,-0.090037499999999562,0.27217050000000004,-0.00076222222222221351,-0.037581790123455763,1.8999999999999999,0.28314649999999997,-0.022771388888888865,-0.29721373456789951,0.286748,-0.015625555555555806,-0.25777932098765505,1.8999999999999999,0.28417550000000003,0.070886666666667111,-0.30917638888889071,0.29412250000000001,0.058405277777777848,-0.38042299382716044,,,,,,,,1.8999999999999999,0.25827899999999998,0.30993861111111143,0.028054012345681875,0.28434700000000002,-0.3172750000000002,-0.13349475308642103,1.8999999999999999,0.33802650000000001,0.096230555555555375,-0.56960231481481516,0.19019349999999999,-0.10633000000000002,0.87941388888888883,1.8999999999999999,0.32807950000000002,0.21208833333333307,-0.53646682098765386,0.2001405,-0.25410583333333364,0.96024120370370369
1.9499999999999997,0.26685400000000004,-0.00019055555555554568,0.0074104938271599896,0.2718275,9.527777777780374e-05,0.012174382716050258,,,,,,,,1.9499999999999997,0.22792350000000003,-0.0039063888888888178,0.47236604938271515,0.27697250000000001,-0.03896861111111119,0.16906512345679023,1.9499999999999997,0.320019,0.16044777777777786,-0.54154830246913699,0.23186799999999999,0.12376583333333353,0.27069475308641922,1.9499999999999997,0.27731549999999999,-0.076603333333333287,-0.2102462962962954,0.30149700000000001,-0.083939722222222624,-0.36793101851852045,1.9499999999999997,0.26736850000000001,-0.0062883333333331355,-0.13444753086419783,0.27234199999999997,-0.0029536111111110202,-0.10041219135802321,1.9499999999999997,0.28160299999999999,-0.038587499999999851,-0.28260447530864213,0.28589049999999999,-0.028106944444444643,-0.24200555555555381,1.9499999999999997,0.28743400000000002,0.052402777777777847,-0.37338302469136303,0.29669499999999999,0.037444166666666549,-0.43552530864197486,,,,,,,,1.9499999999999997,0.27371400000000001,0.30774722222222256,-0.091943055555556819,0.26805449999999997,-0.31813250000000021,0.024295833333334935,1.9499999999999997,0.34214249999999996,0.066885000000000139,-0.61353595679012296,0.186249,-0.057833611111111217,0.91646635802469201,1.9499999999999997,0.33819799999999994,0.18293333333333309,-0.62047006172839192,0.18899299999999999,-0.19208000000000022,1.2364938271604975
1.9999999999999998,0.26685400000000004,0.00028583333333331889,0.0094219135802462908,0.2718275,0.00057166666666673036,0.011909722222223256,,,,,,,,1.9999999999999998,0.22638,0.025439166666666541,0.6635038580246907,0.27525749999999999,-0.028011666666666754,0.1913495370370378,1.9999999999999998,0.3273935,0.12919666666666663,-0.66382145061728348,0.23907100000000001,0.13596138888888892,0.123172993827159,1.9999999999999998,0.27319949999999998,-0.085940555555555409,-0.14476929012345618,0.29686649999999998,-0.099660555555555849,-0.29504351851851623,1.9999999999999998,0.26702550000000003,-0.014482222222222086,-0.17388194444444613,0.27217050000000004,-0.011052222222221927,-0.15805524691358067,1.9999999999999998,0.27920200000000001,-0.05240277777777777,-0.23597129629629746,0.28400399999999998,-0.040969444444444413,-0.20193595679012077,1.9999999999999998,0.28949200000000003,0.031632222222221902,-0.40191342592592827,0.29806699999999997,0.012576666666666727,-0.44447083333333093,,,,,,,,1.9999999999999998,0.28914899999999999,0.30145888888888878,-0.22268533950617353,0.25244800000000001,-0.31422611111111093,0.17372314814814907,1.9999999999999998,0.34488650000000004,0.034204722222222206,-0.64508348765432044,0.18453399999999998,-0.011242777777777845,0.88634799382716123,1.9999999999999998,0.34660149999999995,0.14891916666666691,-0.68218888888888518,0.18058949999999999,-0.12100277777777763,1.2955131172839527
2.0499999999999998,0.26685400000000004,0.0012386111111110478,-0.00026466049382772573,0.2718275,0.0019055555555557676,0.001270370370370215,,,,,,,,2.0499999999999998,0.2296385,0.069648055555555574,0.71304830246913598,0.27422849999999999,-0.017626388888888813,0.17324675925925981,2.0499999999999998,0.33305299999999999,0.093562777777777897,-0.77090308641975203,0.2461025,0.13548499999999999,-0.0025936728395073139,2.0499999999999998,0.268569,-0.091466666666666516,-0.071034876543210543,0.29154999999999998,-0.1139522222222223,-0.21029922839505755,2.0499999999999998,0.26599650000000002,-0.024391111111111089,-0.19701327160494106,0.27131300000000003,-0.020961111111111052,-0.17531111111111386,2.0499999999999998,0.27628649999999999,-0.06374083333333351,-0.15678487654320908,0.28160299999999999,-0.049734999999999786,-0.13450046296296245,2.0499999999999998,0.29052099999999997,0.011528611111110795,-0.41085895061728123,0.29772399999999999,-0.0084797222222219391,-0.42075725308641898,,,,,,,,2.0499999999999998,0.30424099999999998,0.28650027777777815,-0.36872500000000169,0.23632700000000001,-0.30250694444444459,0.34951064814814908,2.0499999999999998,0.34557249999999995,0.00085750000000007858,-0.64683024691357882,0.18539149999999999,0.030774722222222259,0.84797222222222335,2.0499999999999998,0.3531185,0.11338055555555586,-0.71823564814814789,0.17681650000000002,-0.050211388888888729,1.0766388888888887
2.0999999999999996,0.26702550000000003,0.0008574999999999243,-0.019849537037037502,0.27217050000000004,0.0006669444444445024,-0.0093689814814830411,,,,,,,,2.0999999999999996,0.2337545,0.10671111111111102,0.56494429012345571,0.27371400000000001,-0.010956944444444424,0.15302669753086337,2.0999999999999996,0.33699750000000001,0.052116944444444709,-0.86612793209876526,0.25279099999999999,0.13148333333333323,-0.053249691358024855,2.0999999999999996,0.26393850000000002,-0.093658055555555494,0.014397530864196128,0.28520449999999997,-0.12224138888888858,-0.096812808641972295,2.0999999999999996,0.26462450000000004,-0.035157500000000223,-0.20034799382716226,0.26994100000000004,-0.029250277777777878,-0.17589336419753324,2.0999999999999996,0.27251349999999996,-0.06850472222222205,-0.068599999999998176,0.27885900000000002,-0.054594166666666555,-0.062248148148149968,2.0999999999999996,0.29069249999999996,-0.0093372222222220108,-0.4128703703703665,0.29720950000000002,-0.028964444444444192,-0.40117237654321175,,,,,,,,2.0999999999999996,0.31813250000000004,0.26372888888888879,-0.49766759259259669,0.221578,-0.27802055555555544,0.50708950617284165,2.0999999999999996,0.34488650000000004,-0.030965277777777484,-0.63481466049382618,0.18762099999999998,0.071934722222222233,0.8289695987654323,2.0999999999999996,0.35792049999999997,0.077365555555555784,-0.75401774691358137,0.17664500000000002,-0.0038111111111112064,0.66413904320987471
2.1499999999999999,0.26702550000000003,-0.00095277777777785094,-0.032023919753087292,0.2718275,0.00028583333333331824,-0.0078868827160510271,,,,,,,,2.1499999999999999,0.24095749999999999,0.13014944444444432,0.32452669753086405,0.27302799999999999,-0.0031441666666668093,0.14196388888888903,2.1499999999999999,0.33854100000000004,0.0050497222222223572,-0.91688981481481735,0.25913649999999999,0.1278627777777778,-0.069235185185184941,2.1499999999999999,0.258965,-0.090418611111111158,0.10676404320987541,0.27903050000000001,-0.12357527777777744,0.018049845679011502,2.1499999999999999,0.26239499999999999,-0.044685277777778053,-0.19521358024691249,0.26839750000000001,-0.037634722222222465,-0.18563287037037135,2.1499999999999999,0.26925500000000002,-0.068981111111110924,-0.0083632716049385925,0.27594350000000001,-0.054975277777777942,-0.0064047839506183998,2.1499999999999999,0.28966350000000002,-0.031060555555555217,-0.38603379629629681,0.29480850000000003,-0.048782222222222275,-0.37454753086420017,,,,,,,,2.1499999999999999,0.33082349999999999,0.23533611111111064,-0.59797391975308622,0.20854400000000001,-0.25105694444444415,0.66218055555555555,2.1499999999999999,0.3424855,-0.062692777777777625,-0.61819398148148219,0.19242299999999998,0.11480972222222234,0.78551234567901229,2.1499999999999999,0.36100750000000004,0.038301666666666748,-0.79017037037037208,0.17784549999999999,0.01295777777777765,0.33146080246913612
2.1999999999999997,0.26702550000000003,-0.0041922222222224026,-0.010851080246914564,0.27217050000000004,0.00038111111111099866,-0.01249197530864333,,,,,,,,2.1999999999999997,0.24764600000000001,0.13500861111111095,0.15382067901234731,0.27337099999999998,0.0046686111111111745,0.10401157407407513,2.1999999999999997,0.33751200000000003,-0.0425891666666669,-0.90434490740741003,0.26513900000000001,0.12976833333333326,-0.1718175925925923,2.1999999999999997,0.2546775,-0.082034166666666741,0.18213935185185162,0.27268500000000001,-0.1202405555555555,0.12878379629629449,2.1999999999999997,0.26016549999999999,-0.054213055555555591,-0.19283163580246696,0.26633950000000001,-0.048496388888889082,-0.18092191358024654,2.1999999999999997,0.26565349999999999,-0.068885833333333327,0.0416575617283945,0.27337099999999998,-0.054498888888888895,0.036152623456790205,2.1999999999999997,0.28743400000000002,-0.049544444444444426,-0.32664398148148482,0.292236,-0.066408611111111335,-0.34157083333333366,,,,,,,,2.1999999999999997,0.34179949999999998,0.20303694444444428,-0.67647222222221792,0.19619600000000001,-0.2152324999999998,0.87554984567900995,2.1999999999999997,0.33854100000000004,-0.092800555555555345,-0.59876790123457058,0.19928300000000002,0.15349250000000006,0.68737623456790065,2.1999999999999997,0.36186499999999999,-0.0028583333333334605,-0.80239768518518517,0.178703,0.014005833333333386,0.32256820987654428
2.25,0.26633950000000001,-0.0027630555555558131,0.023448919753086744,0.27199899999999999,-0.0016197222222224447,-0.0047638888888886172,,,,,,,,2.25,0.25433449999999996,0.1397725000000001,0.094325000000002254,0.27371400000000001,0.0080986111111111831,0.048062345679012609,2.25,0.33408199999999999,-0.086607500000000295,-0.85861157407407462,0.27302799999999999,0.11509555555555549,-0.34485262345678835,2.25,0.25073299999999998,-0.07183944444444447,0.24888672839506196,0.26668249999999999,-0.10985527777777766,0.22580833333333186,2.25,0.25707849999999999,-0.065074722222222145,-0.16779475308641903,0.26342399999999999,-0.057166666666666865,-0.14852746913580112,2.25,0.2622235,-0.065455833333333227,0.099406481481481179,0.27045550000000002,-0.052402777777777798,0.095171913580246292,2.25,0.28451850000000001,-0.063931388888889149,-0.25841450617284134,0.28829149999999998,-0.084987777777777773,-0.26704243827160473,,,,,,,,2.25,0.35123199999999999,0.16768888888888914,-0.74898919753086146,0.18642050000000002,-0.1654022222222222,1.0928361111111082,2.25,0.33322450000000003,-0.1228130555555557,-0.57193132716049844,0.208201,0.18379083333333338,0.57833611111111149,2.25,0.3606645,-0.043256111111111051,-0.78889999999999938,0.17853150000000001,0.029821944444444488,0.63460293209876595
2.2999999999999998,0.26668249999999999,9.5277777777652927e-05,0.023713580246914986,0.2718275,-0.0004763888888889561,0.0095807098765448382,,,,,,,,2.2999999999999998,0.26153750000000003,0.1445363888888892,0.04409243827160398,0.27422849999999999,0.0097183333333333722,-0.01434459876543194,2.2999999999999998,0.32876549999999999,-0.12833916666666698,-0.80218595679012228,0.27731549999999999,0.087941388888889138,-0.38984490740740768,2.2999999999999998,0.247303,-0.057261944444444442,0.31431080246913601,0.26170900000000002,-0.097469166666666732,0.31822777777777705,2.2999999999999998,0.25347700000000001,-0.072315833333333343,-0.11798564814814848,0.26050849999999998,-0.063359722222222331,-0.11173966049382456,2.2999999999999998,0.258965,-0.05888166666666661,0.15524984567901165,0.26788299999999998,-0.045352222222222439,0.16086064814814932,2.2999999999999998,0.28091699999999997,-0.07498361111111132,-0.19256697530864117,0.28331800000000001,-0.095087222222222378,-0.15424413580246918,,,,,,,,2.2999999999999998,0.35877800000000004,0.12776750000000023,-0.81054922839506427,0.178703,-0.09870777777777795,1.1420100308641981,2.2999999999999998,0.32619300000000001,-0.15101527777777832,-0.52371018518518686,0.21780500000000003,0.20961111111111141,0.49253317901234422,2.2999999999999998,0.357406,-0.081462499999999979,-0.77302037037037152,0.1802465,0.075174166666666778,1.000787191358026
2.3499999999999996,0.266511,0.00028583333333328875,0.0093689814814824843,0.27199899999999999,0,0.012333179012347447,,,,,,,,2.3499999999999996,0.26891199999999998,0.14644194444444425,-0.044304166666668032,0.27491450000000001,0.0063836111111112114,-0.070082098765432199,2.3499999999999996,0.32121949999999999,-0.16797472222222221,-0.71505972222221803,0.28108850000000002,0.071744166666666734,-0.34718163580247136,2.3499999999999996,0.24490200000000001,-0.040016666666666728,0.37052469135802402,0.25673550000000001,-0.079938055555555568,0.43457253086419662,2.3499999999999996,0.24970400000000001,-0.076508055555555579,-0.072358179012345314,0.25707849999999999,-0.068504722222222023,-0.072781635802467187,2.3499999999999996,0.25622100000000003,-0.049353888888888947,0.19981867283950563,0.26582499999999998,-0.035538611111111021,0.21283996913580447,2.3499999999999996,0.27697250000000001,-0.083653888888888916,-0.11920308641975079,0.27851599999999999,-0.099088888888889004,-0.060766049382714037,,,,,,,,2.3499999999999996,0.36409449999999999,0.085559444444444244,-0.84998364197530885,0.17664500000000002,-0.035348055555555702,0.8828544753086417,2.3499999999999996,0.31796099999999999,-0.17569222222222247,-0.46151496913579909,0.22912399999999999,0.23419277777777758,0.38529274691357607,2.3499999999999996,0.35260400000000003,-0.12043111111111104,-0.75115941358024718,0.1850485,0.14167805555555563,1.1356052469135778
2.3999999999999999,0.26668249999999999,0.0007622222222221824,-0.002329012345678312,0.2718275,0.00066694444444453276,0.013603549382717801,,,,,,,,2.3999999999999999,0.27645799999999998,0.14186861111111113,-0.16747716049382597,0.27491450000000001,0.0015244444444444567,-0.10110030864197543,2.3999999999999999,0.31178699999999998,-0.20256055555555527,-0.57330756172839259,0.28451850000000001,0.055546944444444309,-0.32590293209876725,2.3999999999999999,0.24318699999999999,-0.019817777777777941,0.41625802469135853,0.25313400000000003,-0.051640555555555682,0.50179629629629507,2.3999999999999999,0.24575949999999999,-0.078794722222222183,-0.038852160493826483,0.25347700000000001,-0.070219722222222003,-0.044410030864198681,2.3999999999999999,0.25399149999999998,-0.038492222222222268,0.23327175925925989,0.2642815,-0.023914722222222073,0.25587376543209894,2.3999999999999999,0.27234199999999997,-0.087750833333333333,-0.033506018518515555,0.27337099999999998,-0.10061333333333315,0.022496141975310066,,,,,,,,2.3999999999999999,0.36735299999999999,0.042303333333333526,-0.87650262345678864,0.17698799999999998,-0.0067647222222223498,0.54657685185185245,2.3999999999999999,0.30852849999999998,-0.19751083333333333,-0.38762175925925546,0.24164350000000001,0.24972305555555516,0.24846327160493734,2.3999999999999999,0.34540100000000001,-0.15901861111111118,-0.68270762345678992,0.19482400000000002,0.20179833333333311,0.99750540123456533
2.4499999999999997,0.26668249999999999,-0.00057166666666663658,-0.002593672839505914,0.27199899999999999,0.0020961111111113709,0.00042345679012358348,,,,,,,,2.4499999999999997,0.28348950000000001,0.12891083333333347,-0.27720540123456772,0.275086,-0.0040969444444443528,-0.12190262345679032,2.4499999999999997,0.30046800000000001,-0.22666583333333301,-0.39746712962963088,0.286748,0.038968611111110885,-0.29700200617283928,2.4499999999999997,0.24284399999999998,0.0022866666666666396,0.44346512345679256,0.25176199999999999,-0.025820277777777997,0.4945975308641985,2.4499999999999997,0.241815,-0.080414444444444289,-0.0025936728395068963,0.25004700000000002,-0.071553611111111151,-0.040704783950619418,2.4499999999999997,0.25227650000000001,-0.025629722222222109,0.25640308641975323,0.2632525,-0.0089561111111110727,0.2739765432098763,2.4499999999999997,0.26788299999999998,-0.085559444444444077,0.030594753086421216,0.26822600000000002,-0.096897499999999873,0.10422330246913501,,,,,,,,2.4499999999999997,0.36838200000000004,-0.002286666666666578,-0.89285864197530918,0.17647350000000001,0.0086702777777777698,0.42239814814814863,2.4499999999999997,0.29806699999999997,-0.21532777777777756,-0.29610216049382559,0.25433449999999996,0.25906027777777746,0.10787561728395401,2.4499999999999997,0.33631149999999999,-0.1900791666666666,-0.58982237654320968,0.20614299999999999,0.24429222222222194,0.76688024691358081
2.5,0.266511,9.5277777777772745e-05,0.0048168209876540951,0.27217050000000004,0.0011433333333335514,-0.019002623456793263,,,,,,,,2.5,0.28949200000000003,0.11185611111111106,-0.34368811728395054,0.27457150000000002,-0.011147499999999972,-0.13201265432098863,2.5,0.28880600000000001,-0.2415291666666666,-0.23438333333333713,0.28829149999999998,0.024772222222222102,-0.24925725308641766,2.5,0.24335849999999998,0.025534444444444675,0.44563533950617512,0.25073299999999998,-0.0025724999999999581,0.48268780864197747,2.5,0.23769900000000002,-0.080128611111111178,0.047268364197529333,0.24644549999999998,-0.074602500000000127,-0.031600462962963614,2.5,0.251419,-0.012195555555555508,0.26439583333333222,0.26342399999999999,0.0053355555555556775,0.2548151234567898,2.5,0.26393850000000002,-0.084320833333332998,0.091096141975305731,0.26359549999999998,-0.090323333333333353,0.18722083333333248,,,,,,,,2.5,0.36718149999999999,-0.047829444444444487,-0.88714197530864292,0.17784549999999999,0.024200555555555486,0.55038796296296344,2.5,0.286748,-0.22752333333333311,-0.19632515432098988,0.26788299999999998,0.26020361111111118,-0.027577623456784706,2.5,0.32619300000000001,-0.21647111111111106,-0.51598209876543444,0.21969150000000001,0.27506694444444429,0.57007870370370828
2.5499999999999998,0.26668249999999999,0.00076222222222218576,-0.0012174382716048755,0.27217050000000004,-0.00085750000000023611,-0.01916141975308961,,,,,,,,2.5499999999999998,0.29463699999999998,0.094134444444444576,-0.39508518518518576,0.2738855,-0.016959444444444579,-0.14630432098765433,2.5499999999999998,0.276115,-0.25077111111111144,-0.070929012345680706,0.28914899999999999,0.012957777777777832,-0.18007499999999774,2.5499999999999998,0.24541650000000001,0.048305833333333714,0.41408780864197503,0.251419,0.021628055555555668,0.47178379629629835,2.5499999999999998,0.23358299999999999,-0.076412777777777982,0.10263533950617393,0.24250099999999999,-0.075936388888888998,-0.00084691358024585833,2.5499999999999998,0.25107600000000002,0.00085749999999995476,0.2679422839506162,0.26393850000000002,0.016864166666666774,0.22459089506172716,2.5499999999999998,0.25930800000000004,-0.079080555555555695,0.1928316358024659,0.258965,-0.078508888888888892,0.27487638888888927,,,,,,,,2.5499999999999998,0.36358000000000001,-0.092610000000000012,-0.84627839506173119,0.17835999999999999,0.053546111111111162,0.8805783950617303,2.5499999999999998,0.275086,-0.23428805555555585,-0.10522901234568045,0.28057399999999999,0.25543972222222272,-0.14466342592592404,2.5499999999999998,0.3147025,-0.24171972222222263,-0.43748379629629802,0.23358299999999999,0.30212583333333382,0.36030879629630003
2.5999999999999996,0.26668249999999999,0,-0.0069341049382712324,0.27199899999999999,-0.0014291666666669627,-0.0059813271604934491,,,,,,,,2.5999999999999996,0.29909600000000003,0.072601666666666675,-0.44420617283950697,0.27302799999999999,-0.025629722222222127,-0.16001373456790058,2.5999999999999996,0.26290950000000002,-0.24467333333333333,0.025724999999999498,0.28932049999999998,0.0066694444444446556,-0.10956944444444298,2.5999999999999996,0.24833200000000002,0.067837777777777844,0.35919722222221911,0.25279099999999999,0.046495555555555734,0.41985740740740757,2.5999999999999996,0.2296385,-0.065265277777777603,0.080192129629630335,0.238728,-0.074888333333333279,0.037211265432100092,2.5999999999999996,0.251419,0.015339722222222012,0.25656188271604941,0.26513900000000001,0.027344722222222072,0.19733086419752996,2.5999999999999996,0.25553500000000001,-0.064503055555555786,0.28122824074074032,0.25553500000000001,-0.061835277777777781,0.34411157407407439,,,,,,,,2.5999999999999996,0.35774900000000004,-0.13367472222222235,-0.77730787037037252,0.181447,0.11623888888888884,1.124330709876544,2.5999999999999996,0.2632525,-0.23809916666666656,-0.011062808641975267,0.29360799999999998,0.24572138888888917,-0.25878503086419924,2.5999999999999996,0.30184,-0.26220444444444452,-0.32383858024691259,0.25056149999999999,0.31479777777777801,0.096759876543209611
2.6499999999999999,0.26668249999999999,-0.00076222222222218196,0.00063518518518526623,0.27199899999999999,-0.0013338888888889428,0.0068282407407423938,,,,,,,,2.6499999999999999,0.30201149999999999,0.048591666666666589,-0.47136033950617245,0.27131300000000003,-0.034014166666666602,-0.15165046296296408,2.6499999999999999,0.25227650000000001,-0.24657888888888913,0.10162962962962825,0.28966350000000002,0.0038111111111113435,-0.070135030864197895,2.6499999999999999,0.25227650000000001,0.084987777777777607,0.28615092592592484,0.25622100000000003,0.067456666666666748,0.29705493827160456,2.6499999999999999,0.22792350000000003,-0.067971166666666624,0.042239814814812697,0.234955,-0.071934722222222108,0.072411111111110912,2.6499999999999999,0.25279099999999999,0.026677777777777661,0.23798271604938534,0.26668249999999999,0.036967777777777655,0.16059598765432276,2.6499999999999999,0.25279099999999999,-0.047734166666666682,0.31155833333333383,0.25279099999999999,-0.043923055555555472,0.40524814814814797,,,,,,,,2.6499999999999999,0.3500315,-0.17045194444444475,-0.7002387345679022,0.18985049999999998,0.18245694444444446,1.0479496913580275,2.6499999999999999,0.25107600000000002,-0.23667000000000005,0.10517608024691137,0.30544150000000003,0.2291430555555557,-0.3652844135802491,2.6499999999999999,0.28811999999999999,-0.27487638888888893,-0.19404907407407487,0.26599650000000002,0.30831888888888909,-0.102794135802469
2.6999999999999997,0.266511,0,0.010004166666666751,0.2718275,-0.00038111111111112199,0.013444753086420486,,,,,,,,2.6999999999999997,0.303898,0.024962777777777941,-0.48581080246913672,0.269598,-0.041731666666666757,-0.12285540123456973,2.6999999999999997,0.23804199999999998,-0.24219611111111158,0.31039382716049696,0.28983500000000001,-0.00019055555555542539,-0.036364351851853355,2.6999999999999997,0.25707849999999999,0.096706944444444498,0.20484722222222215,0.26016549999999999,0.076126944444444566,0.17255864197530815,2.6999999999999997,0.22243550000000001,-0.064979444444444728,0.05912515432098675,0.23152500000000001,-0.068028333333333302,0.1086695987654306,2.6999999999999997,0.25399149999999998,0.039063888888889085,0.2158570987654348,0.26891199999999998,0.044494722222222456,0.10258240740740859,2.6999999999999997,0.25090450000000003,-0.032489722222222316,0.32055679012345711,0.25090450000000003,-0.021151666666666683,0.45426327160493818,,,,,,,,2.6999999999999997,0.34059899999999999,-0.20389444444444479,-0.61687067901234427,0.20082649999999999,0.22857138888888939,0.79641635802469224,2.6999999999999997,0.2392425,-0.22771388888888935,0.2255436728395076,0.31658900000000001,0.20942055555555564,-0.47437746913580564,2.6999999999999997,0.274057,-0.28049777777777812,-0.079080555555555043,0.28126000000000001,0.30069666666666711,-0.22797854938271897
2.7499999999999996,0.26668249999999999,0.00095277777777775846,0.0075163580246924719,0.27199899999999999,0.00019055555555554549,0.014185802469135747,,,,,,,,2.7499999999999996,0.30458400000000002,-9.5277777777803591e-05,-0.49237438271605072,0.26702550000000003,-0.046876666666666851,-0.08045679012345737,2.7499999999999996,0.2268945,-0.21608999999999981,0.53715493827160865,0.28949200000000003,-0.001048055555555469,0.012968364197528698,2.7499999999999996,0.26205200000000001,0.10518666666666658,0.12523734567901076,0.26393850000000002,0.081367222222222299,0.10480555555555378,2.7499999999999996,0.2210635,-0.056976111111111283,-0.012650771604936531,0.22792350000000003,-0.060310833333333459,0.12719583333333159,2.7499999999999996,0.25673550000000001,0.050020833333333632,0.16228981481481361,0.27131300000000003,0.047829444444444542,0.034352932098763611,2.7499999999999996,0.24953249999999999,-0.01695944444444461,0.34532901234567998,0.25056149999999999,0.0037158333333332321,0.45696280864197519,,,,,,,,2.7499999999999996,0.32945150000000001,-0.23266833333333328,-0.52323379629629241,0.21334600000000001,0.25915555555555558,0.56748503086419355,2.7499999999999996,0.22809499999999999,-0.21323166666666651,0.33410740740740996,0.32670749999999998,0.18226638888888871,-0.58701697530864283,2.7499999999999996,0.259994,-0.28249861111111119,0.032129783950620494,0.296352,0.28583333333333327,-0.34442916666667106
2.7999999999999998,0.26668249999999999,0.00066694444444453276,0.0046050925925949365,0.2718275,0.00085749999999995476,0.015085648148148029,,,,,,,,2.7999999999999998,0.303898,-0.025153333333333489,-0.47808271604938241,0.26479599999999998,-0.049449166666666815,-0.041710493827159828,2.7999999999999998,0.21643300000000001,-0.18493416666666648,0.69589830246913564,0.28949200000000003,0.0022866666666665468,0.041975154320985669,2.7999999999999998,0.26771149999999999,0.11014111111111086,0.028318672839505957,0.26822600000000002,0.086226388888888783,0.046633179012344012,2.7999999999999998,0.21763349999999998,-0.064979444444444381,-0.099300617283948678,0.22552249999999999,-0.052879166666666914,0.10242361111111131,2.7999999999999998,0.25930800000000004,0.05516583333333331,0.10877546296295999,0.2738855,0.047162499999999864,-0.018685030864199193,2.7999999999999998,0.24901799999999999,0.0020008333333333982,0.36718996913580365,0.251419,0.026296666666666704,0.41953981481481462,,,,,,,,2.7999999999999998,0.31710349999999998,-0.25610666666666648,-0.42785015432098555,0.2268945,0.28268916666666644,0.39032129629629447,2.7999999999999998,0.21780500000000003,-0.19484305555555548,0.45659228395061663,0.33511099999999999,0.14891916666666657,-0.66202175925925721,2.7999999999999998,0.24558799999999997,-0.2787827777777776,0.16964737654321205,0.31007200000000001,0.26582499999999976,-0.44695864197531043
2.8499999999999996,0.26668249999999999,0.0013338888888892199,0.0020114197530878741,0.27199899999999999,0.002763055555555441,-0.001640895061726885,,,,,,,,2.8499999999999996,0.30201149999999999,-0.048877500000000053,-0.44023626543209676,0.26205200000000001,-0.050878333333333407,-0.0030700617283940892,2.8499999999999996,0.20802950000000001,-0.14567972222222214,0.8089612654320969,0.28983500000000001,0.0043827777777775785,0.051714660493827079,2.8499999999999996,0.27337099999999998,0.10833083333333317,-0.075110648148146122,0.27268500000000001,0.087846111111110903,-0.039593209876542725,2.8499999999999996,0.21437500000000001,-0.070314999999999891,-0.11401574074074046,0.22294999999999998,-0.050973611111111171,0.092948765432100358,2.8499999999999996,0.2622235,0.059834444444444225,0.070187962962962411,0.276115,0.044304166666666561,-0.042345679012346267,2.8499999999999996,0.24970400000000001,0.021437500000000095,0.3556507716049378,0.25330550000000002,0.046019166666666562,0.36539027777777805,,,,,,,,2.8499999999999996,0.30372650000000001,-0.27573388888888867,-0.32277993827160473,0.24198649999999999,0.29745722222222204,0.24047052469135979,2.8499999999999996,0.20837249999999999,-0.16902277777777788,0.59490385802469081,0.34162799999999999,0.11385694444444455,-0.6918225308641951,2.8499999999999996,0.2316965,-0.26572972222222196,0.31484012345678941,0.323106,0.24105277777777742,-0.54731790123456581
2.8999999999999999,0.26685400000000004,0.0012386111111114474,-0.0058225308641987978,0.27234199999999997,0.00066694444444453385,-0.017520524691355004,,,,,,,,2.8999999999999999,0.29892449999999998,-0.070219722222222017,-0.37793518518518471,0.25965099999999997,-0.050401944444444478,0.049597376543210621,2.8999999999999999,0.2011695,-0.095849444444444418,0.77762546296296087,0.2900065,0.0060024999999998751,0.081833024691359682,2.8999999999999999,0.27868749999999998,0.10232833333333337,-0.17282330246913327,0.27731549999999999,0.083082222222222182,-0.14027006172839299,2.8999999999999999,0.21094499999999999,-0.081176666666666675,-0.024878086419753326,0.22020599999999999,-0.045161666666666628,0.11200432098765528,2.8999999999999999,0.2653105,0.063073888888888818,0.017202932098767412,0.278173,0.043160833333333183,-0.068864660493827043,2.8999999999999999,0.25124750000000001,0.039159166666666606,0.31018209876543185,0.25604949999999999,0.063836111111111093,0.29075601851852068,,,,,,,,2.8999999999999999,0.28932049999999998,-0.289739722222222,-0.19044969135802717,0.256907,0.30565111111111115,0.11369814814815216,2.8999999999999999,0.20048349999999998,-0.13548499999999994,0.72035293209876539,0.34643000000000002,0.079461666666666861,-0.7082844135802463,2.8999999999999999,0.218834,-0.24724583333333325,0.46744336419752802,0.33442499999999997,0.21046861111111115,-0.63502638888888496
2.9499999999999997,0.26685400000000004,0.00038111111111121453,-0.0063518518518542446,0.27199899999999999,-0.00047638888888849737,-0.0079398148148138985,,,,,,,,2.9499999999999997,0.29480850000000003,-0.087369722222222237,-0.29880169753086566,0.256907,-0.04706722222222217,0.12327885802469125,2.9499999999999997,0.19979750000000002,-0.06669444444444457,0.73146867283950512,0.29017799999999999,0.011909722222222266,0.11772098765432309,2.9499999999999997,0.28383249999999999,0.090799722222222476,-0.26211975308642016,0.28126000000000001,0.072220555555555746,-0.21183425925925936,2.9499999999999997,0.20562849999999999,-0.078127777777777754,0.15858456790123518,0.21849099999999999,-0.040207222222222241,0.13952901234568019,2.9499999999999997,0.26874049999999999,0.062121111111111259,-0.044833487654319569,0.28057399999999999,0.039063888888888725,-0.12391404320987494,2.9499999999999997,0.25381999999999999,0.052688611111111172,0.25370354938271644,0.259994,0.07555527777777811,0.20675277777777837,,,,,,,,2.9499999999999997,0.27440000000000003,-0.29545638888888909,-0.043721913580248996,0.27268500000000001,0.30908111111111164,-0.017520524691357474,2.9499999999999997,0.19413800000000001,-0.08937055555555562,0.70992530864197645,0.34968850000000001,0.043065555555555697,-0.72061759259259428,2.9499999999999997,0.20665749999999999,-0.22018694444444467,0.64730663580246894,0.34420050000000002,0.17750250000000034,-0.71871203703703801
2.9999999999999996,0.26685400000000004,0.00019055555555557636,0.00026466049382505447,0.27217050000000004,0.00038111111111139808,-0.0047638888888918438,,,,,,,,2.9999999999999996,0.2900065,-0.10004166666666674,-0.21739212962962928,0.2546775,-0.0381111111111112,0.19711913580246823,2.9999999999999996,0.19448100000000001,-0.036015000000000262,0.8998986111111108,0.2910355,0.020580000000000192,0.10348225308641945,2.9999999999999996,0.2879485,0.074983611111111098,-0.32674984567901383,0.28451850000000001,0.060596666666666688,-0.25539737654321204,2.9999999999999996,0.20237000000000002,-0.060977777777777679,0.24692824074074046,0.21591849999999999,-0.03048888888888877,0.15609675925926011,2.9999999999999996,0.27165600000000001,0.05792888888888905,-0.096230555555556194,0.28228899999999996,0.030584166666666707,-0.17658148148147845,2.9999999999999996,0.25656400000000001,0.064312499999999967,0.19648395061728374,0.26376700000000003,0.083177500000000085,0.1421226851851824,,,,,,,,2.9999999999999996,0.25947950000000003,-0.29383666666666669,0.10088858024691311,0.28811999999999999,0.30498416666666672,-0.16652438271605183,2.9999999999999996,0.19276599999999999,-0.062692777777777778,0.65244104938271663,0.35071750000000002,0.0068600000000001056,-0.72035293209876627,2.9999999999999996,0.19653900000000002,-0.18455305555555557,0.85157160493827211,0.35243249999999998,0.1387244444444444,-0.79699861111111325
3.0499999999999998,0.26685400000000004,0.00047638888888883326,0.0035993827160470857,0.27217050000000004,-0.00076222222222236747,-0.0040757716049411126,,,,,,,,3.0499999999999998,0.28469,-0.109283611111111,-0.13211851851851825,0.25296249999999998,-0.025915555555555705,0.24486388888888944,3.0499999999999998,0.19430949999999997,0.026010833333333139,1.0180430555555569,0.29257900000000003,0.023628888888888849,0.058595833333331737,3.0499999999999998,0.29137849999999998,0.057357222222222108,-0.37348888888888837,0.28743400000000002,0.046400277777777589,-0.2899091049382731,3.0499999999999998,0.19945450000000001,-0.043446666666666689,0.1530266975308637,0.2155755,-0.022771388888888727,0.14249320987654254,3.0499999999999998,0.27457150000000002,0.052116944444444452,-0.1387879629629645,0.283661,0.020770555555555854,-0.21532777777777648,3.0499999999999998,0.26033699999999999,0.073173333333333312,0.12433750000000064,0.26822600000000002,0.090609166666666449,0.063836111111109775,,,,,,,,3.0499999999999998,0.24473050000000002,-0.2847852777777779,0.23745339506172738,0.30355500000000002,0.29231222222222225,-0.31346388888888987,3.0499999999999998,0.18744949999999999,-0.029917222222222133,0.67446080246913498,0.35037450000000003,-0.029345555555555555,-0.70722577160493849,3.0499999999999998,0.18744949999999999,-0.13367472222222229,1.0006813271604937,0.35826350000000001,0.096039999999999889,-0.8362212962962966
3.0999999999999996,0.26685400000000004,0.0012386111111109223,-0.0064577160493851102,0.27199899999999999,-0.00028583333333341077,-0.00015879629629725063,,,,,,,,3.0999999999999996,0.27885900000000002,-0.11338055555555554,-0.044886419753087388,0.25210499999999997,-0.013053055555555517,0.2792168209876556,3.0999999999999996,0.19773949999999998,0.078127777777777838,0.92154783950617503,0.29343649999999999,0.025248611111111017,0.023131327160493265,3.0999999999999996,0.29377949999999997,0.037348888888888994,-0.41064722222222111,0.28914899999999999,0.031632222222221916,-0.32140370370370186,3.0999999999999996,0.19894000000000001,-0.041922222222222194,0.00058225308641963547,0.21386050000000001,-0.018388611111111071,0.1653069444444428,3.0999999999999996,0.27697250000000001,0.043923055555555472,-0.1760521604938281,0.28451850000000001,0.0079080555555557566,-0.22850787037037193,3.0999999999999996,0.26411000000000001,0.077079722222222341,0.047585956790123639,0.27319949999999998,0.09060916666666663,-0.030277160493826807,,,,,,,,3.0999999999999996,0.23083899999999999,-0.27077944444444463,0.39100941358024688,0.31761800000000001,0.27258972222222222,-0.43997160493827209,3.0999999999999996,0.18916450000000001,0.010575833333333284,0.60771342592592481,0.347802,-0.065169999999999909,-0.66509182098765551,3.0999999999999996,0.18264749999999999,-0.07403083333333331,0.9341456790123458,0.36203649999999998,0.052879166666666484,-0.8285461419753064
3.1499999999999999,0.26702550000000003,0.00095277777777732532,-0.033082561728394945,0.27217050000000004,-0.00038111111111121501,-0.0025407407407416326,,,,,,,,3.1499999999999999,0.27319949999999998,-0.11347583333333339,0.036840740740739571,0.25159049999999999,0.001524444444444489,0.31658688271605046,3.1499999999999999,0.2028845,0.11785861111111129,0.79932762345679109,0.29498000000000002,0.027439999999999961,-0.041498765432098982,3.1499999999999999,0.29515150000000001,0.016101944444444561,-0.43901882716049467,0.29069249999999996,0.014863333333333423,-0.35887962962962655,3.1499999999999999,0.19619600000000001,-0.055737499999999975,0.068017746913579369,0.21334600000000001,-0.0072411111111112146,0.20558827160493756,3.1499999999999999,0.27903050000000001,0.034109444444444338,-0.20532361111111117,0.28434700000000002,-0.0031441666666665959,-0.21903302469136129,3.1499999999999999,0.26822600000000002,0.076984444444444425,-0.014873919753086421,0.27748700000000004,0.08603583333333327,-0.098983024691357946,,,,,,,,3.1499999999999999,0.21729049999999997,-0.24705527777777783,0.56880833333333369,0.33099500000000004,0.24781750000000002,-0.55340509259259374,3.1499999999999999,0.18967899999999999,0.032108611111110984,0.54355972222222293,0.34368600000000005,-0.097183333333333358,-0.59696820987654731,3.1499999999999999,0.1809325,-0.03115583333333331,0.6812361111111116,0.36340849999999997,0.012386111111111328,-0.79874537037036875
3.1999999999999997,0.26719699999999996,-0.0034300000000002319,-0.033082561728391836,0.27199899999999999,-0.00095277777777803992,0.0023819444444451617,,,,,,,,3.1999999999999997,0.26736850000000001,-0.10966472222222236,0.1157095679012342,0.25210499999999997,0.019055555555555707,0.34130617283950704,3.1999999999999997,0.20940150000000002,0.15568388888888915,0.69621589506172799,0.2965235,0.022866666666666573,-0.13529444444444486,3.1999999999999997,0.29549449999999999,-0.0071458333333334042,-0.45061095679012525,0.29086400000000001,-0.006002499999999765,-0.36263780864197565,3.1999999999999997,0.19190850000000001,-0.044399444444444554,0.30626512345678991,0.21317449999999999,0.0035252777777777075,0.22617885802469276,3.1999999999999997,0.2804025,0.023343055555555492,-0.23237191358024692,0.28417550000000003,-0.013720000000000267,-0.21151666666666899,3.1999999999999997,0.2718275,0.075174166666666778,-0.072516975308642276,0.28177449999999998,0.080414444444444386,-0.16138996913580264,,,,,,,,3.1999999999999997,0.20579999999999998,-0.21504194444444469,0.75618796296296631,0.34265700000000004,0.21675694444444435,-0.65408194444444756,3.1999999999999997,0.19242299999999998,0.054689444444444575,0.65492885802469292,0.33785500000000002,-0.1245280555555562,-0.53053842592592793,3.1999999999999997,0.180418,-0.007812777777777738,0.45865663580247057,0.36323700000000003,-0.026773055555555442,-0.769897376543212
3.2499999999999996,0.266511,-0.0046686111111109907,0.0083103395061751625,0.27199899999999999,-0.00019055555555560783,0.0068811728395085188,,,,,,,,3.2499999999999996,0.26205200000000001,-0.10156611111111123,0.18430956790123496,0.25347700000000001,0.037063055555555696,0.33622469135802291,3.2499999999999996,0.21849099999999999,0.19036499999999987,0.54795308641975105,0.2975525,0.012386111111111021,-0.20384151234567849,3.2499999999999996,0.29446549999999999,-0.030679444444444481,-0.42705617283950653,0.28983500000000001,-0.022676111111111039,-0.33786558641975489,3.2499999999999996,0.19087950000000001,-0.016197222222222311,0.40397777777777749,0.21368899999999999,0.015530277777777912,0.2405234567901241,3.2499999999999996,0.2814315,0.011052222222222172,-0.25968487654320954,0.28297499999999998,-0.024105277777778034,-0.20452962962962781,3.2499999999999996,0.27577200000000002,0.071458333333333318,-0.15794938271605025,0.285719,0.07050555555555553,-0.2306251543209881,,,,,,,,3.2499999999999996,0.19499549999999999,-0.1675936111111109,0.86581033950617536,0.35277549999999996,0.18226638888888846,-0.7466601851851844,3.2499999999999996,0.19413800000000001,0.094134444444444507,0.82288240740740559,0.33116649999999997,-0.14939555555555589,-0.47437746913579765,3.2499999999999996,0.180418,0.0083844444444445883,0.38185216049382759,0.3606645,-0.064503055555555688,-0.74163163580246838
3.2999999999999998,0.266511,-0.0019055555555554861,0.038375771604938318,0.27199899999999999,9.5277777777834165e-05,0.0054520061728419167,,,,,,,,3.2999999999999998,0.25707849999999999,-0.090323333333333436,0.23316589506172958,0.25587799999999999,0.053831944444444363,0.3034597222222199,3.2999999999999998,0.22912399999999999,0.21170722222222219,0.37788225308641926,0.29772399999999999,0.0010480555555555003,-0.24306419753086303,3.2999999999999998,0.292236,-0.050687777777777859,-0.38301666666666662,0.28863450000000002,-0.039445000000000091,-0.31087021604938414,3.2999999999999998,0.191051,0.0020008333333332269,0.3857691358024688,0.21471800000000002,0.027440000000000044,0.2498395061728387,3.2999999999999998,0.28160299999999999,-0.0032394444444444285,-0.27159459876543257,0.28177449999999998,-0.034395277777777726,-0.19071435185184868,3.2999999999999998,0.2793735,0.059834444444444447,-0.24740462962963058,0.2889775,0.05707138888888872,-0.29292623456790107,,,,,,,,3.2999999999999998,0.189336,-0.12319416666666642,0.86141697530864125,0.36117899999999997,0.14148750000000002,-0.82335879629629305,3.2999999999999998,0.2011695,0.14653722222222201,0.82108271604938154,0.32293449999999996,-0.1733102777777776,-0.39275617283950121,3.2999999999999998,0.18161850000000002,0.019531944444444577,0.5342966049382708,0.35671999999999998,-0.10051805555555537,-0.71701820987654097
3.3499999999999996,0.26633950000000001,0.00095277777777775814,0.03488225308641988,0.27199899999999999,0.00066694444444471794,-0.0007410493827151608,,,,,,,,3.3499999999999996,0.25296249999999998,-0.077365555555555479,0.26381358024691448,0.258965,0.067933055555555344,0.25545030864197488,3.3499999999999996,0.23992850000000002,0.22590361111111099,0.23930601851851929,0.29772399999999999,-0.01181444444444441,-0.27657021604938142,3.3499999999999996,0.28932049999999998,-0.068600000000000119,-0.3386066358024678,0.28589049999999999,-0.055261111111111261,-0.25428580246913551,3.3499999999999996,0.191051,0.020198888888888756,0.38513395061728423,0.2162615,0.041922222222222187,0.23607716049382677,3.3499999999999996,0.28108850000000002,-0.017150000000000148,-0.25814984567901306,0.27954499999999999,-0.044399444444444248,-0.15180925925925767,3.3499999999999996,0.28194600000000003,0.044113611111111013,-0.28959151234568048,0.29154999999999998,0.040493055555555525,-0.33897716049382626,,,,,,,,3.3499999999999996,0.18281900000000001,-0.081557777777777687,0.82441743827160285,0.36701,0.098231388888889062,-0.86649845679012294,3.3499999999999996,0.20974449999999997,0.18283805555555546,0.68060092592592702,0.313502,-0.18998388888888848,-0.28731543209876559,3.3499999999999996,0.18110400000000001,0.055356388888888906,0.82071219135802365,0.35071750000000002,-0.13758111111111074,-0.66424490740740949
3.3999999999999999,0.26668249999999999,0.0024772222222222162,0.009898302469137428,0.27217050000000004,-0.00047638888888873969,-1.0076574991080278e-15,,,,,,,,3.3999999999999999,0.249361,-0.064026666666666607,0.29192052469135771,0.26273799999999997,0.079938055555555373,0.19696033950617564,3.3999999999999999,0.25176199999999999,0.23609833333333333,0.092048919753089306,0.29669499999999999,-0.027535277777777607,-0.29213225308642027,3.3999999999999999,0.28537599999999996,-0.085368888888888828,-0.27561743827160284,0.28280349999999999,-0.065170000000000006,-0.18891466049382646,3.3999999999999999,0.19293749999999998,0.039826111111111014,0.40233688271605095,0.21917700000000001,0.051831111111111113,0.2164922839506177,3.3999999999999999,0.27988799999999997,-0.030488888888889121,-0.21358101851851707,0.277144,-0.050401944444444173,-0.094801388888890392,3.3999999999999999,0.283661,0.029440833333333066,-0.3016600308641979,0.29309350000000001,0.022199722222222176,-0.36200262345678969,,,,,,,,3.3999999999999999,0.18076100000000001,-0.035443333333333361,0.67472546296296165,0.37095450000000002,0.054784722222222144,-0.90185709876543341,3.3999999999999999,0.21969150000000001,0.21294583333333339,0.54239521604938457,0.30372650000000001,-0.20160777777777769,-0.18992037037037482,3.3999999999999999,0.18642050000000002,0.10766388888888888,0.99485879629629703,0.34265700000000004,-0.16845111111111119,-0.57928888888889474
3.4499999999999997,0.26668249999999999,0.0017150000000002834,-0.012544907407406694,0.2718275,0.00028583333333341077,0.0064047839506160319,,,,,,,,3.4499999999999997,0.24644549999999998,-0.048496388888888908,0.3219859567901236,0.26719699999999996,0.087274444444444765,0.1432871913580267,3.4499999999999997,0.26393850000000002,0.23695583333333381,-0.082785802469136527,0.29480850000000003,-0.041064722222222343,-0.30414783950617397,3.4499999999999997,0.28057399999999999,-0.097373888888888829,-0.18864999999999729,0.2793735,-0.073935555555555629,-0.12100277777777714,3.4499999999999997,0.19516699999999998,0.058405277777777938,0.46929598765432234,0.221578,0.060025000000000127,0.26836574074074038,3.4499999999999997,0.27782999999999997,-0.039444999999999904,-0.14910972222222038,0.27440000000000003,-0.05373666666666671,-0.037211265432101598,3.4499999999999997,0.28486149999999999,0.014958611111110917,-0.32267407407407267,0.29377949999999997,0.003525277777777724,-0.36591959876543134,,,,,,,,3.4499999999999997,0.1802465,-0.0096230555555556017,0.46040339506172917,0.37266949999999999,0.0080033333333331177,-0.92842901234567943,3.4499999999999997,0.231182,0.23695583333333362,0.40127824074074048,0.29309350000000001,-0.20761027777777827,-0.11676820987654417,3.4499999999999997,0.19190850000000001,0.16140055555555585,1.018995833333334,0.33373900000000001,-0.19551000000000077,-0.48914552469135897
3.4999999999999996,0.26685400000000004,0.00076222222222245898,-0.023078395061731215,0.27217050000000004,0.0014291666666667758,-0.007410493827163067,,,,,,,,3.4999999999999996,0.24438750000000001,-0.030679444444444409,0.3317783950617279,0.27148450000000002,0.093276944444444565,0.10348225308641829,3.4999999999999996,0.27594350000000001,0.22714222222222211,-0.24369938271605252,0.29275049999999997,-0.057357222222222316,-0.32198595679012088,3.4999999999999996,0.27542899999999998,-0.104424444444444,-0.095118981481479362,0.27525749999999999,-0.07841361111111099,-0.030541820987654025,3.4999999999999996,0.1984255,0.084606666666666719,0.57997700617283787,0.22483650000000002,0.075459999999999916,0.38179922839506003,3.4999999999999996,0.27577200000000002,-0.044589999999999901,-0.096495216049382201,0.27165600000000001,-0.054022500000000216,0.019637808641974949,3.4999999999999996,0.28537599999999996,-0.0030488888888888532,-0.33601296296296074,0.29343649999999999,-0.01495861111111098,-0.35480385802469,,,,,,,,3.4999999999999996,0.180418,0.0052402777777778228,0.3640140432098769,0.37181199999999998,-0.039826111111111111,-0.91763086419752649,3.4999999999999996,0.24370149999999999,0.25362944444444435,0.25709120370370092,0.28297499999999998,-0.21237416666666667,-0.060289660493823762,3.4999999999999996,0.20237000000000002,0.21723333333333328,0.87083888888888428,0.32293449999999996,-0.21799555555555569,-0.38666898148147499
3.5499999999999998,0.26685400000000004,-0.0017150000000001871,-0.011115740740743727,0.27217050000000004,-0.00076222222222249074,-0.014715123456792085,,,,,,,,3.5499999999999998,0.24353,-0.014863333333333445,0.32929058641975317,0.27645799999999998,0.099184166666666559,0.036893672839505974,3.5499999999999998,0.28691949999999999,0.21027805555555545,-0.3613145061728405,0.28914899999999999,-0.074983611111110751,-0.30520648148147961,3.5499999999999998,0.26994100000000004,-0.10661583333333285,-0.0044992283950642019,0.27131300000000003,-0.077746666666666728,0.07294043209876537,3.5499999999999998,0.203399,0.11633416666666647,0.69161080246913509,0.22878099999999998,0.098231388888888715,0.49210972222222171,3.5499999999999998,0.27337099999999998,-0.048686944444444415,-0.05129120370370302,0.26891199999999998,-0.051831111111111133,0.076010493827161643,3.5499999999999998,0.28451850000000001,-0.020484722222222137,-0.31573996913580132,0.292236,-0.032299166666666546,-0.33347222222222178,,,,,,,,3.5499999999999998,0.18110400000000001,0.014196388888888934,0.50730123456790066,0.36855349999999998,-0.085083055555555134,-0.87544398148147806,3.5499999999999998,0.256907,0.26210916666666645,0.12248487654320946,0.2718275,-0.21542305555555533,0.026624845679013423,3.5499999999999998,0.21471800000000002,0.25162861111111068,0.64317793209876262,0.31161549999999999,-0.23343055555555517,-0.2961021604938231
3.5999999999999996,0.266511,-0.0010480555555558394,0.013497685185185923,0.27199899999999999,-0.0012386111111113848,-0.0016938271604922713,,,,,,,,3.5999999999999996,0.24284399999999998,0.0016197222222222453,0.32955524691358157,0.28177449999999998,0.097945555555555688,-0.046844907407406683,3.5999999999999996,0.29703800000000002,0.19017444444444428,-0.45754506172839499,0.28503300000000004,-0.088513055555555345,-0.27016543209876687,3.5999999999999996,0.26462450000000004,-0.10471027777777768,0.08178009259258745,0.26719699999999996,-0.070600833333333321,0.16599506172839634,3.5999999999999996,0.20974449999999997,0.15530277777777771,0.76402191358024896,0.23426900000000001,0.12891083333333325,0.51555864197530921,3.5999999999999996,0.2707985,-0.050116111111110882,-0.002381944444444594,0.26633950000000001,-0.046495555555555457,0.13127160493827114,3.5999999999999996,0.28314649999999997,-0.03477638888888876,-0.28641558641975334,0.29017799999999999,-0.048782222222222005,-0.29901342592592745,,,,,,,,3.5999999999999996,0.1802465,0.052116944444444396,0.73924969135802387,0.36323700000000003,-0.12824388888888838,-0.81054922839506405,3.5999999999999996,0.27011249999999998,0.26487222222222212,0.0026466049382733634,0.26102300000000001,-0.21027805555555545,0.12703703703703556,3.5999999999999996,0.22775199999999998,0.27878277777777732,0.45114027777777993,0.2996105,-0.24753166666666629,-0.20590586419753218
3.6499999999999999,0.26668249999999999,0.00085749999999995476,0.016091358024694635,0.27199899999999999,-0.00095277777777775846,0.011856790123459469,,,,,,,,3.6499999999999999,0.24353,0.020198888888889082,0.28990910493827166,0.28640500000000002,0.092991111111111205,-0.1079285493827164,3.6499999999999999,0.3061275,0.16511638888888869,-0.554940123456788,0.2804025,-0.10318583333333327,-0.20691157407407687,3.6499999999999999,0.25930800000000004,-0.098612500000000214,0.16694783950616868,0.26411000000000001,-0.059643888888888684,0.22856080246913635,3.6499999999999999,0.218834,0.19636750000000017,0.74766589506173153,0.24198649999999999,0.15406416666666659,0.44410030864197741,3.6499999999999999,0.26822600000000002,-0.04878222222222222,0.04266327160493754,0.26411000000000001,-0.037920555555555679,0.17218811728394956,3.6499999999999999,0.28108850000000002,-0.049068055555555441,-0.25116280864197799,0.28726250000000003,-0.062788055555555597,-0.24920432098765785,,,,,,,,3.6499999999999999,0.18607750000000001,0.096611666666666651,0.83585077160493915,0.35551950000000004,-0.16664083333333329,-0.73199799382716657,3.6499999999999999,0.28348950000000001,0.26344305555555553,-0.13561203703703353,0.25073299999999998,-0.20217944444444449,0.22120324074073905,3.6499999999999999,0.24284399999999998,0.2974572222222221,0.25142746913580855,0.28657650000000001,-0.255058611111111,-0.098083179012350377
3.6999999999999997,0.26668249999999999,0.0013338888888891614,0.0040228395061745583,0.2718275,0.0007622222222224323,0.011592129629629896,,,,,,,,3.6999999999999997,0.24524500000000002,0.031918055555555616,0.22342638888888758,0.2910355,0.087179166666666738,-0.16917098765432223,3.6999999999999997,0.31384499999999999,0.13396055555555578,-0.63211512345678988,0.27440000000000003,-0.11014111111111125,-0.13624722222222507,3.6999999999999997,0.25450600000000001,-0.087179166666667127,0.23602422839506174,0.2611945,-0.047067222222222101,0.27434706790123381,3.6999999999999997,0.229467,0.23457388888888941,0.62507515432098859,0.2498755,0.17445361111111132,0.33156666666666917,3.6999999999999997,0.26582499999999998,-0.045066388888888843,0.074369598765432546,0.26256649999999998,-0.028773888888889043,0.20288873456790246,3.6999999999999997,0.278173,-0.061263611111111484,-0.18880879629629752,0.28383249999999999,-0.074697777777778154,-0.17779891975308801,,,,,,,,3.6999999999999997,0.19036500000000001,0.13710472222222239,0.88872993827160662,0.34643000000000002,-0.20132194444444487,-0.65042962962963424,3.6999999999999997,0.29686649999999998,0.2527719444444449,-0.29663148148148044,0.24061449999999998,-0.18884055555555576,0.32119197530864307,3.6999999999999997,0.25810749999999999,0.3032691666666672,0.071828858024694478,0.2738855,-0.25696416666666705,-0.00037052469136066431
3.7499999999999996,0.26685400000000004,0.0011433333333335819,-0.0077810185185206411,0.27217050000000004,0.00095277777777775857,-0.0033347222222236718,,,,,,,,3.7499999999999996,0.24678849999999999,0.041350555555555439,0.17308796296296214,0.295323,0.076984444444444342,-0.24385817901234583,3.7499999999999996,0.31967600000000002,0.099374722222222198,-0.66059259259259295,0.26925500000000002,-0.11519083333333359,-0.1132217592592603,3.7499999999999996,0.25056149999999999,-0.073935555555555713,0.28609799382716228,0.25930800000000004,-0.032108611111111081,0.31425787037036845,3.7499999999999996,0.24267250000000001,0.26344305555555564,0.40122530864197287,0.25965099999999997,0.18855472222222239,0.17933395061728455,3.7499999999999996,0.26376700000000003,-0.041445833333333099,0.10575833333333164,0.2611945,-0.018388611111111113,0.24227021604938501,3.7499999999999996,0.27474299999999996,-0.068695277777777883,-0.11121033950616993,0.27954499999999999,-0.081081388888889064,-0.09379567901234441,,,,,,,,3.7499999999999996,0.19945450000000001,0.1836955555555555,0.92668225308642038,0.33528250000000004,-0.23247777777777814,-0.55070555555555534,3.7499999999999996,0.3092145,0.23228722222222234,-0.43039089506172895,0.23152500000000001,-0.16873694444444431,0.385028086419754,3.7499999999999996,0.27337099999999998,0.30288805555555576,-0.075534104938272548,0.26068000000000002,-0.25458222222222238,0.088872993827160671
3.7999999999999998,0.26685400000000004,-0.00028583333333350201,-0.0050285493827181378,0.27199899999999999,-0.00038111111111127492,-0.0056637345679007535,,,,,,,,3.7999999999999998,0.249361,0.049830277777777654,0.11597422839506344,0.29892449999999998,0.062502222222222251,-0.31356975308641838,3.7999999999999998,0.32362049999999998,0.066884999999999986,-0.6658328703703692,0.26239499999999999,-0.11452388888888911,-0.19293749999999951,3.7999999999999998,0.2471315,-0.059739166666666767,0.35030462962963022,0.257936,-0.015720833333333472,0.35162793209876403,3.7999999999999998,0.25656400000000001,0.2756386111111111,0.14498101851851847,0.26908350000000003,0.19398555555555574,-0.019002623456789814,3.7999999999999998,0.26153750000000003,-0.034966944444444606,0.14312839506172553,0.26050849999999998,-0.0039063888888887189,0.2657191358024707,3.7999999999999998,0.27114149999999998,-0.072125277777777538,-0.036999537037035631,0.27560049999999997,-0.083939722222222291,-0.010533487654319974,,,,,,,,3.7999999999999998,0.208201,0.2363841666666667,0.82102978395062054,0.32293449999999996,-0.25753583333333357,-0.42906759259259108,3.7999999999999998,0.32019049999999999,0.20789611111111131,-0.52831527777777698,0.223636,-0.14720416666666661,0.39106234567901083,3.7999999999999998,0.28863450000000002,0.29564694444444456,-0.21749799382716026,0.24816049999999998,-0.24619777777777796,0.15699660493827186
3.8499999999999996,0.26668249999999999,0.00066694444444435159,5.4864243935008139e-16,0.27199899999999999,0.00038111111111128001,-0.0060342592592588879,,,,,,,,3.8499999999999996,0.25210499999999997,0.052307500000000173,0.072940432098767563,0.30166850000000001,0.045066388888889121,-0.37031296296296379,3.8499999999999996,0.3263645,0.034014166666666908,-0.68340632716049476,0.25913649999999999,-0.13415111111111136,-0.24777515432098596,3.8499999999999996,0.24421599999999999,-0.038778055555555746,0.40609506172839627,0.25759300000000002,0.0036205555555554043,0.37317129629629681,3.8499999999999996,0.27062700000000001,0.27678194444444476,-0.10464675925926054,0.2793735,0.18941222222222254,-0.28673317901234785,3.8499999999999996,0.26016549999999999,-0.026296666666666944,0.16541280864197547,0.26085150000000001,0.0098136111111114203,0.25624429012345556,3.8499999999999996,0.26736850000000001,-0.071648888888888776,0.024031172839504757,0.27096999999999999,-0.082224722222222379,0.073310956790125309,,,,,,,,3.8499999999999996,0.223636,0.27735361111111173,0.50232561728395109,0.3092145,-0.27544805555555579,-0.30293040123456549,3.8499999999999996,0.33013750000000003,0.17950333333333371,-0.62004660493827313,0.21694750000000002,-0.12748166666666691,0.36883086419753092,3.8499999999999996,0.30321199999999998,0.28145055555555593,-0.36067932098765537,0.2364985,-0.24238666666666697,0.29091481481481768
3.8999999999999995,0.26702550000000003,9.5277777777772745e-05,-0.00047638888888740211,0.27217050000000004,-0.00095277777777775846,-0.0052932098765451213,,,,,,,,3.8999999999999995,0.25450600000000001,0.055642222222222489,0.052191049382715092,0.30355500000000002,0.024867499999999942,-0.41054135802469238,3.8999999999999995,0.32722200000000001,-0.0019055555555554879,-0.68488842592592736,0.24953249999999999,-0.15997138888888873,0.05081481481481679,3.8999999999999995,0.24318699999999999,-0.016197222222222321,0.40794768518518648,0.25827899999999998,0.023152499999999878,0.3614733024691365,3.8999999999999995,0.28469,0.26668249999999988,-0.41234104938271798,0.28863450000000002,0.16988027777777778,-0.6573108024691392,3.8999999999999995,0.258965,-0.018102777777777915,0.1801808641975331,0.26153750000000003,0.022580833333333269,0.22691990740740386,3.8999999999999995,0.26393850000000002,-0.069457500000000089,0.080562654320986277,0.26719699999999996,-0.076126944444444344,0.14603966049382927,,,,,,,,3.8999999999999995,0.23769900000000002,0.28440416666666679,0.21135787037036477,0.29515150000000001,-0.28716722222222213,-0.18277453703703431,3.8999999999999995,0.33836949999999999,0.14587027777777792,-0.70584953703703857,0.21145949999999999,-0.11604833333333338,0.44923472222222394,3.8999999999999995,0.31710349999999998,0.25944138888888901,-0.49835570987654482,0.2231215,-0.22247361111111097,0.51010663580247229
3.9499999999999997,0.26668249999999999,-0.00019055555555545287,0.010692283950618628,0.2718275,-0.00085750000000023232,0.0064577160493818975,,,,,,,,3.9499999999999997,0.25759300000000002,0.05916750000000004,0.0020114197530833131,0.30424099999999998,0.0027630555555555342,-0.4244624999999993,3.9499999999999997,0.32619300000000001,-0.037539444444444479,-0.62825108024691467,0.23992850000000002,-0.13033999999999993,0.36766635802469039,3.9499999999999997,0.24284399999999998,0.0025724999999999728,0.39323256172839693,0.259994,0.041064722222222162,0.32066265432098867,3.9499999999999997,0.29772399999999999,0.24095749999999985,-0.84712530864197388,0.29738100000000001,0.12586194444444423,-1.0829378086419768,3.9499999999999997,0.25827899999999998,-0.0083844444444444357,0.19309629629629943,0.2632525,0.032489722222221906,0.19235524691357953,3.9499999999999997,0.26033699999999999,-0.064503055555555716,0.15090941358024804,0.2632525,-0.067170833333333138,0.20844660493827163,,,,,,,,3.9499999999999997,0.25193350000000003,0.28964444444444409,0.077651388888885217,0.2804025,-0.29469416666666653,-0.043033796296295723,3.9499999999999997,0.34488650000000004,0.10823555555555571,-0.77487299382716224,0.204428,-0.087941388888888763,0.62221682098765474,3.9499999999999997,0.32945150000000001,0.23038166666666671,-0.61147160493827168,0.21334600000000001,-0.18569638888888862,0.62629259259259207
3.9999999999999996,0.26685400000000004,0.0019055555555557637,0.0079398148148144623,0.27199899999999999,0.00047638888888877114,0.0053461419753099955,,,,,,,,3.9999999999999996,0.26068000000000002,0.057452499999999761,-0.073416820987655951,0.30372650000000001,-0.018007499999999857,-0.42324506172839516,3.9999999999999996,0.323106,-0.06631333333333346,-0.53752546296296344,0.23666999999999999,-0.10166138888888897,0.32405030864197432,3.9999999999999996,0.24335849999999998,0.022390277777777929,0.3838106481481498,0.26256649999999998,0.055261111111111087,0.26942438271605101,3.9999999999999996,0.30938599999999999,0.19427138888888904,-1.4661132716049361,0.30166850000000001,0.06335972222222197,-1.4773878086419738,3.9999999999999996,0.25810749999999999,0.0017150000000003109,0.19330802469135952,0.26479599999999998,0.041445833333333258,0.16006666666666838,3.9999999999999996,0.25724999999999998,-0.054594166666666548,0.2217854938271627,0.26033699999999999,-0.054784722222222117,0.26058472222222057,,,,,,,,3.9999999999999996,0.26668249999999999,0.29126416666666627,-0.019373148148146644,0.2653105,-0.29326499999999983,0.12529027777777574,3.9999999999999996,0.34934550000000003,0.067075555555555458,-0.8152072530864215,0.20202700000000001,-0.047734166666666626,0.69113441358024585,3.9999999999999996,0.340256,0.19741555555555565,-0.70537314814814767,0.20494250000000003,-0.15349249999999998,0.62565740740740516
4.0499999999999998,0.26702550000000003,0.0014291666666666851,-0.0092631172839517818,0.27199899999999999,0,-0.00089984567901043222,,,,,,,,4.0499999999999998,0.26359549999999998,0.050687777777777526,-0.12666651234567719,0.30252600000000002,-0.039730833333333375,-0.41160000000000146,4.0499999999999998,0.31933299999999998,-0.089846944444444451,-0.46389691358024826,0.23135349999999999,-0.096611666666666665,0.24560493827160443,4.0499999999999998,0.2450735,0.041826944444444653,0.35565077160493885,0.265482,0.068600000000000147,0.20220061728395225,4.0499999999999998,0.32036200000000004,0.087750833333333444,-1.8948103395061742,0.30561299999999997,-0.030774722222222248,-1.6104061728395054,4.0499999999999998,0.25845050000000003,0.011623888888889182,0.17795771604938057,0.26736850000000001,0.049925555555555556,0.10305879629629811,4.0499999999999998,0.2546775,-0.040588333333333081,0.26206682098765444,0.25776450000000001,-0.04116000000000003,0.30965277777777611,,,,,,,,4.0499999999999998,0.28126000000000001,0.2888822222222221,-0.12640185185184691,0.25056149999999999,-0.28106944444444448,0.27334135802468734,4.0499999999999998,0.35157500000000003,0.025629722222222068,-0.82912839506172897,0.2001405,-0.014386944444444487,0.6773720679012345,4.0499999999999998,0.34934550000000003,0.16016194444444462,-0.79805725308642084,0.19825399999999999,-0.12471861111111116,0.63682608024691267
4.0999999999999996,0.26702550000000003,0.00038111111111112248,-0.017996913580247614,0.27199899999999999,-0.00047638888888877433,0.0050814814814827865,,,,,,,,4.0999999999999996,0.26582499999999998,0.042017500000000124,-0.12915432098765234,0.29978199999999999,-0.061263611111111234,-0.36269074074074181,4.0999999999999996,0.31418800000000002,-0.11271361111111146,-0.38778055555555674,0.2268945,-0.090132777777777964,0.37867623456790228,4.0999999999999996,0.24764600000000001,0.0589769444444447,0.3051006172839496,0.269598,0.077556111111111395,0.10125910493827073,4.0999999999999996,0.3188185,-0.030393611111111284,-1.6397305555555608,0.2996105,-0.1360566666666668,-1.0366222222222243,4.0999999999999996,0.25930800000000004,0.02048472222222222,0.14307546296295931,0.27011249999999998,0.052212222222222361,0.039010956790124236,4.0999999999999996,0.25330550000000002,-0.027439999999999867,0.28271033950617114,0.25604949999999999,-0.024010000000000194,0.35580956790123586,,,,,,,,4.0999999999999996,0.29583749999999998,0.27983083333333375,-0.25947314814814626,0.237013,-0.26325250000000056,0.37592376543209927,4.0999999999999996,0.35191800000000001,-0.01610194444444463,-0.82949891975308621,0.200655,0.018674444444444518,0.66826774691358093,4.0999999999999996,0.35654850000000005,0.11709638888888885,-0.87597330246913951,0.19225150000000002,-0.092705277777777859,0.69256358024691478
4.1499999999999995,0.26702550000000003,-0.00047638888888889463,-0.0231313271604946,0.2718275,0.00085750000000023611,0.0054520061728383223,,,,,,,,4.1499999999999995,0.26754,0.03734888888888907,-0.11936188271605043,0.29600900000000002,-0.075936388888889025,-0.31203472222222106,4.1499999999999995,0.30784249999999996,-0.13034000000000032,-0.28413950617283518,0.22123499999999999,-0.063931388888888885,0.61422407407407686,4.1499999999999995,0.25107600000000002,0.073268611111111118,0.23311296296296038,0.27371400000000001,0.077556111111111173,0.02133163580246536,4.1499999999999995,0.31418800000000002,-0.092133611111111388,-1.0324935185185173,0.28640500000000002,-0.14234500000000019,-0.30568287037036757,4.1499999999999995,0.26068000000000002,0.025820277777777428,0.10771682098765313,0.27268500000000001,0.052116944444444584,0.0038640432098750836,4.1499999999999995,0.25193350000000003,-0.013720000000000116,0.31801604938271444,0.25519199999999997,-0.0036205555555554915,0.36247901234568142,,,,,,,,4.1499999999999995,0.30955749999999999,0.26306194444444486,-0.39561450617284516,0.22432199999999999,-0.24429222222222249,0.48575787037037738,4.1499999999999995,0.3500315,-0.0585005555555555,-0.80271527777777552,0.20202700000000001,0.050401944444444451,0.67652515432098603,4.1499999999999995,0.36117899999999997,0.070791388888888765,-0.91752500000000159,0.18865000000000001,-0.054308333333333375,0.73025123456790231
4.1999999999999993,0.26702550000000003,-0.0020008333333333479,-0.022813734567902588,0.27217050000000004,0.00085749999999995086,-0.0060342592592619801,,,,,,,,4.1999999999999993,0.269598,0.032013333333333206,-0.13751759259259386,0.292236,-0.090609166666666574,-0.28657438271604624,4.1999999999999993,0.300811,-0.14091583333333288,-0.18293333333332895,0.21969150000000001,-0.020865833333333143,0.71860617283950423,4.1999999999999993,0.25519199999999997,0.082605833333333142,0.15228564814814657,0.27731549999999999,0.076984444444444147,-0.014609259259261797,4.1999999999999993,0.30835699999999999,-0.12271777777777755,-0.57711867283950213,0.28469,-0.12948249999999983,-0.20183009259258886,4.1999999999999993,0.26188049999999996,0.030679444444444304,0.080403858024692812,0.27525749999999999,0.052307499999999875,-0.025460339506174143,4.1999999999999993,0.25159049999999999,0.0055261111111109288,0.3263793209876536,0.25587799999999999,0.013624722222222399,0.33807731481481412,,,,,,,,4.1999999999999993,0.32241999999999998,0.23952833333333279,-0.51624675925926244,0.21214550000000001,-0.21647111111111053,0.61787638888889129,4.1999999999999993,0.34591550000000004,-0.097754999999999634,-0.74703070987654041,0.20511399999999999,0.090513888888888547,0.60781929012345348,4.1999999999999993,0.36358000000000001,0.024581666666666644,-0.93631589506172519,0.18693500000000002,-0.017435833333333307,0.72559320987653997
4.25,0.26685400000000004,-0.0037158333333335274,-0.0049226851851865384,0.27199899999999999,-0.00057166666666691023,-0.0034405864197537793,,,,,,,,4.25,0.27096999999999999,0.023057222222222104,-0.14423996913580212,0.28709099999999999,-0.10642527777777742,-0.22649645061728477,4.25,0.29360799999999998,-0.14729944444444404,-0.10226481481481704,0.21969150000000001,0.014768055555555512,0.6861058641975285,4.25,0.25947950000000003,0.088131944444444318,0.076063425925926742,0.28126000000000001,0.077556111111110715,-0.07474012345678778,4.25,0.30166850000000001,-0.1406299999999997,-0.32156250000000131,0.27628649999999999,-0.15739888888888842,-0.23766512345679033,4.25,0.26376700000000003,0.03449055555555558,0.042610339506173968,0.27800150000000001,0.05040194444444434,-0.067806018518517683,4.25,0.2526195,0.022199722222222232,0.27683487654321026,0.25656400000000001,0.030203055555555566,0.30631805555555452,,,,,,,,4.25,0.33373900000000001,0.21018277777777727,-0.61025416666666132,0.20219849999999998,-0.17940805555555506,0.69690401234567323,4.25,0.34008450000000001,-0.13319833333333306,-0.68573533950617538,0.2118025,0.11709638888888847,0.43933641975308929,4.25,0.36375150000000001,-0.023533611111111147,-0.93308703703703377,0.18693500000000002,0.019055555555555295,0.69965648148147885
4.2999999999999998,0.266511,-0.0028583333333335914,0.019002623456790657,0.27199899999999999,-9.2084904516435514e-17,0.0073046296296308136,,,,,,,,4.2999999999999998,0.2718275,0.015530277777777704,-0.11533904320987615,0.28126000000000001,-0.11547666666666682,-0.12724876543210245,4.2999999999999998,0.28606199999999998,-0.15158694444444454,-0.016197222222226346,0.22140650000000001,0.046400277777777797,0.64968858024691523,4.2999999999999998,0.26411000000000001,0.090418611111111102,-0.0024348765432082148,0.28537599999999996,0.071934722222222316,-0.17472885802468774,4.2999999999999998,0.29377949999999997,-0.14815694444444458,-0.22998996913580658,0.26771149999999999,-0.16616444444444445,-0.091307870370375077,4.2999999999999998,0.265482,0.035252777777777765,-0.00068811728395021569,0.2804025,0.046114444444444437,-0.12073811728394923,4.2999999999999998,0.25416300000000003,0.032775555555555572,0.2313662037037045,0.258965,0.044875833333333393,0.25994953703703816,,,,,,,,4.2999999999999998,0.3435145,0.17797888888888902,-0.68864660493826602,0.19448100000000001,-0.14491750000000023,0.73983194444444089,4.2999999999999998,0.33253850000000001,-0.16645027777777813,-0.61766466049383306,0.21763349999999998,0.12900611111111135,0.3623731481481543,4.2999999999999998,0.36117899999999997,-0.070410277777777669,-0.89285864197531029,0.18899299999999999,0.052212222222222014,0.67467253086420076
4.3499999999999996,0.266511,-0.00076222222222230762,0.023554783950618715,0.27199899999999999,0.00057166666666663907,0.0094748456790137731,,,,,,,,4.3499999999999996,0.27234199999999997,0.011242777777777777,-0.07992746913580237,0.27525749999999999,-0.11852555555555581,-0.034988117283951341,4.3499999999999996,0.278173,-0.14987194444444471,0.083262191358024137,0.2241505,0.07898527777777796,0.61612962962963025,4.3499999999999996,0.26874049999999999,0.087846111111111222,-0.078445370370369846,0.28880600000000001,0.059167500000000262,-0.25899675925925919,4.3499999999999996,0.28726250000000003,-0.16130527777777814,-0.19182592592592673,0.25930800000000004,-0.16826055555555589,0.11301003086419585,4.3499999999999996,0.26736850000000001,0.034014166666666686,-0.038216975308642098,0.28280349999999999,0.037825277777777978,-0.16604799382716093,4.3499999999999996,0.25587799999999999,0.042970277777777725,0.22231481481481652,0.2611945,0.056309166666666945,0.20897592592592495,,,,,,,,4.3499999999999996,0.35174649999999996,0.14110638888888946,-0.75819938271604892,0.18762099999999998,-0.10785444444444477,0.80949058641975602,4.3499999999999996,0.3232775,-0.19570055555555602,-0.53143827160493984,0.2241505,0.14844277777777834,0.37274783950617402,4.3499999999999996,0.35654850000000005,-0.11376166666666672,-0.82886373456790452,0.19207999999999997,0.086321666666666796,0.65334089506173221
4.3999999999999995,0.266511,9.5277777777741642e-05,0.014820987654321736,0.27199899999999999,0.0019055555555555551,-0.0050814814814796874,,,,,,,,4.3999999999999995,0.2728565,0.0090513888888888675,-0.069711574074074675,0.26925500000000002,-0.11738222222222248,0.033717746913583264,4.3999999999999995,0.2707985,-0.14215444444444461,0.16334845679012652,0.22929550000000001,0.11071277777777781,0.54504182098765097,4.3999999999999995,0.27302799999999999,0.081843611111111284,-0.14180509259259474,0.29137849999999998,0.043637222222222334,-0.29880169753086633,4.3999999999999995,0.27765849999999997,-0.17273861111111141,-0.060766049382710692,0.25039,-0.15596972222222255,0.35041049382716399,4.3999999999999995,0.26891199999999998,0.031441666666666687,-0.07373441358024789,0.28417550000000003,0.028773888888888949,-0.19632515432099054,4.3999999999999995,0.25827899999999998,0.055546944444444711,0.20241234567901226,0.26462450000000004,0.066313333333333294,0.1458279320987616,,,,,,,,4.3999999999999995,0.35774900000000004,0.1011850000000004,-0.80874953703704133,0.18316199999999999,-0.062121111111111023,0.83987361111111525,4.3999999999999995,0.31281600000000004,-0.22056805555555603,-0.42229228395061202,0.23238250000000002,0.16892750000000034,0.34771095679011738,4.3999999999999995,0.34968850000000001,-0.15387361111111145,-0.74930679012345547,0.19773949999999998,0.11795388888888919,0.62629259259259107
4.4499999999999993,0.266511,0.00085749999999995086,0.0026466049382720715,0.27234199999999997,0.00057166666666691023,-0.027048302469135171,,,,,,,,4.4499999999999993,0.27337099999999998,0.0049544444444442962,-0.071246604938271021,0.26359549999999998,-0.11576249999999987,0.11189845679012779,4.4499999999999993,0.26393850000000002,-0.13262666666666642,0.22602006172839653,0.23581249999999998,0.1328172222222217,0.48311126543209526,4.4499999999999993,0.27697250000000001,0.073744999999999783,-0.20495308641975482,0.29309350000000001,0.028583333333333308,-0.31907469135802574,4.4499999999999993,0.26925500000000002,-0.16997555555555499,0.12174382716049775,0.24301550000000002,-0.12948249999999972,0.51270030864197624,4.4499999999999993,0.27062700000000001,0.026582499999999957,-0.10501728395061873,0.285719,0.018579166666666355,-0.22739629629629651,4.4499999999999993,0.26153750000000003,0.065741666666666629,0.13571790123456492,0.26805449999999997,0.071267777777777333,0.073893209876541896,,,,,,,,4.4499999999999993,0.36186499999999999,0.060215555555555522,-0.85596496913580344,0.18161850000000002,-0.019627222222222022,0.79747499999999771,4.4499999999999993,0.30098249999999999,-0.2393377777777774,-0.28488055555554803,0.2413005,0.18531527777777726,0.28281620370369703,4.4499999999999993,0.34094200000000002,-0.18893583333333294,-0.66128070987653864,0.2039135,0.14853805555555519,0.60967191358024231
4.5,0.26668249999999999,9.5277777777772894e-05,-0.0038111111111106244,0.27217050000000004,-0.0026677777777776262,-0.016250154320989852,,,,,,,,4.5,0.27337099999999998,0.00076222222222221362,-0.050285493827158766,0.25742149999999997,-0.1084261111111106,0.22522608024691326,4.5,0.25742149999999997,-0.11995472222222203,0.29059722222221995,0.24250099999999999,0.15520749999999953,0.46781388888889214,4.5,0.28057399999999999,0.061739999999999795,-0.27180632716049291,0.294294,0.012386111111110982,-0.34511728395061708,4.5,0.26033699999999999,-0.15873277777777725,0.27641141975308181,0.2375275,-0.10156611111111104,0.61073055555555311,4.5,0.27165600000000001,0.019913055555555271,-0.11740339506172853,0.28623349999999997,0.0049544444444443309,-0.23623595679012047,4.5,0.26513900000000001,0.070124444444444128,0.044939351851852279,0.2718275,0.07364972222222195,0.002434876543213651,,,,,,,,4.5,0.36392300000000005,0.015816111111111135,-0.89968688271604946,0.18161850000000002,0.016101944444444374,0.77482006172839235,4.5,0.28846299999999997,-0.24886555555555476,-0.14704537037037282,0.25107600000000002,0.19751083333333266,0.20230648148148356,4.5,0.330652,-0.21999638888888842,-0.56780262345679422,0.21265999999999999,0.17845527777777737,0.59506265432099026
4.5499999999999998,0.266511,-0.00047638888888886741,0.0067223765432101656,0.2718275,-0.001715000000000191,0.0068811728395047648,,,,,,,,4.5499999999999998,0.27337099999999998,-0.0015244444444443399,-0.0017467592592582482,0.25227650000000001,-0.091752499999999834,0.31235231481481163,4.5499999999999998,0.25176199999999999,-0.10337638888888891,0.34649351851851634,0.25073299999999998,0.18493416666666684,0.35099274691358801,4.5499999999999998,0.28331800000000001,0.045828611111111028,-0.32161543209876514,0.29446549999999999,-0.0063836111111112226,-0.36025586419753103,4.5499999999999998,0.25313400000000003,-0.14024888888888906,0.38005246913579754,0.23272549999999997,-0.069457500000000033,0.70934305555555621,4.5499999999999998,0.27251349999999996,0.014672777777777627,-0.12513148148147971,0.28606199999999998,-0.0062883333333331728,-0.22083271604938171,4.5499999999999998,0.26874049999999999,0.069552777777777922,-0.037264197530862651,0.27560049999999997,0.071744166666666859,-0.071246604938267621,,,,,,,,4.5499999999999998,0.36358000000000001,-0.031060555555555844,-0.91112021604938553,0.1829905,0.05526111111111115,0.78916466049382894,4.5499999999999998,0.27594350000000001,-0.25334361111111126,-0.01910848765432906,0.2611945,0.20560944444444454,0.11851496913580779,4.5499999999999998,0.3188185,-0.2469600000000006,-0.44822901234568646,0.22174950000000002,0.20770555555555589,0.5688612654321058
4.5999999999999996,0.266511,0.0010480555555555345,0.012809567901235474,0.27199899999999999,-0.00066694444444450251,0.0094219135802475571,,,,,,,,4.5999999999999996,0.27302799999999999,0.00019055555555566689,0.052561574074074142,0.24833200000000002,-0.074983611111111237,0.35845617283950409,4.5999999999999996,0.24696000000000001,-0.084035000000000248,0.37502391975308652,0.26188049999999996,0.19770138888888958,0.10485848765432233,4.5999999999999996,0.28520449999999997,0.028488055555555416,-0.3456466049382711,0.29360799999999998,-0.024486388888888915,-0.35559783950617313,4.5999999999999996,0.2461025,-0.11823972222222263,0.43134367283950664,0.23015300000000002,-0.029345555555555469,0.7725439814814824,4.5999999999999996,0.27319949999999998,0.0080033333333333709,-0.14143456790123263,0.28554750000000001,-0.016483055555555452,-0.21104027777777931,4.5999999999999996,0.27217050000000004,0.066122777777777822,-0.10888132716049485,0.27920200000000001,0.065551111111111518,-0.12777808641975394,,,,,,,,4.5999999999999996,0.36083599999999999,-0.077937222222222366,-0.86792762345679153,0.18693500000000002,0.097183333333333455,0.7653452160493841,4.5999999999999996,0.26290950000000002,-0.25162861111111173,0.12132037037036845,0.2718275,0.20932527777777801,0.034564660493827802,4.5999999999999996,0.30561299999999997,-0.26601555555555628,-0.30425370370370292,0.23306849999999998,0.2409575000000006,0.43330216049382858
4.6499999999999995,0.26668249999999999,0.0015244444444444914,0.0060342592592615013,0.2718275,-0.00038111111111112199,0.0042875000000008401,,,,,,,,4.6499999999999995,0.27319949999999998,0.005621388888889009,0.070240895061726996,0.24473050000000002,-0.056404444444444694,0.40503641975308713,4.6499999999999995,0.24335849999999998,-0.064407777777777994,0.37221851851852222,0.27148450000000002,0.19103194444444485,-0.068970524691364887,4.6499999999999995,0.28623349999999997,0.0099088888888889427,-0.33955941358024549,0.2920645,-0.042970277777777836,-0.3286024691358021,4.6499999999999995,0.2413005,-0.094801388888889074,0.45135200617284393,0.22981000000000001,0.010956944444444325,0.77174999999999916,4.6499999999999995,0.27337099999999998,0.00019055555555563789,-0.1502742283950598,0.28451850000000001,-0.027821111111111223,-0.19103194444444535,4.6499999999999995,0.27560049999999997,0.057833611111111072,-0.1595373456790139,0.28211750000000002,0.058691111111111131,-0.17785185185185545,,,,,,,,4.6499999999999995,0.35551950000000004,-0.11947833333333353,-0.7891117283950605,0.19293749999999998,0.13491333333333344,0.68599999999999806,4.6499999999999995,0.25039,-0.24114805555555605,0.2568794753086483,0.28228899999999996,0.20875361111111124,-0.046686111111114918,4.6499999999999995,0.29189300000000001,-0.27716305555555598,-0.16123117283949712,0.24678849999999999,0.25591611111111173,0.20728209876542336
4.6999999999999993,0.26668249999999999,0.0016197222222225341,-0.0017467592592576436,0.27199899999999999,-0.00085749999999995086,0.0077280864197537087,,,,,,,,4.6999999999999993,0.27371400000000001,0.0090513888888888224,0.052349845679010021,0.24250099999999999,-0.034204722222222247,0.44039506172839565,4.6999999999999993,0.24061449999999998,-0.04640027777777752,0.35586250000000219,0.28074549999999998,0.185410555555555,-0.13979367283950997,4.6999999999999993,0.28606199999999998,-0.0062883333333331416,-0.31341095679012243,0.28914899999999999,-0.058309999999999952,-0.28159876543209678,4.6999999999999993,0.23718449999999999,-0.07860416666666635,0.56632052469135885,0.23135349999999999,0.04954444444444419,0.72919259259259006,4.6999999999999993,0.27319949999999998,-0.0074316666666663844,-0.14783935185185024,0.28263199999999999,-0.036586666666666698,-0.15265617283950472,4.6999999999999993,0.27800150000000001,0.048210555555555479,-0.17557577160493945,0.28520449999999997,0.048686944444444297,-0.23808858024691495,,,,,,,,4.6999999999999993,0.34865950000000001,-0.15596972222222213,-0.71992947530863682,0.20082649999999999,0.16502111111111076,0.61215972222221804,4.6999999999999993,0.2385565,-0.22466499999999953,0.36734876543210304,0.29275049999999997,0.20560944444444396,-0.14386944444444591,4.6999999999999993,0.27765849999999997,-0.28183166666666593,-0.022972530864190457,0.25930800000000004,0.25724999999999915,0.052455709876535313
4.75,0.26685400000000004,0.0013338888888892158,-0.0092101851851862301,0.27165600000000001,9.527777777780374e-05,0.016567746913580837,,,,,,,,4.75,0.27422849999999999,0.010385277777777488,0.03943441358024731,0.2413005,-0.011338055555555504,0.45124614197530871,4.75,0.238728,-0.028964444444444109,0.33638348765431919,0.29017799999999999,0.176073333333333,-0.17875169753085973,4.75,0.28554750000000001,-0.021056388888888819,-0.28810941358024783,0.28606199999999998,-0.070124444444444337,-0.24666358024691246,4.75,0.23238250000000002,-0.042970277777777621,0.75470586419752683,0.234955,0.084034999999999749,0.67064969135802543,4.75,0.27268500000000001,-0.01562555555555525,-0.12322592592592711,0.28074549999999998,-0.042874999999999865,-0.11443919753086358,4.75,0.28023100000000001,0.040969444444444079,-0.20272993827160368,0.28726250000000003,0.033633055555555381,-0.2742941358024687,,,,,,,,4.75,0.33991299999999997,-0.19093666666666617,-0.6573108024691362,0.20940150000000002,0.19436666666666613,0.56145077160494095,4.75,0.22775199999999998,-0.20332277777777732,0.45431620370369963,0.30321199999999998,0.19493833333333299,-0.24952191358024109,4.75,0.26342399999999999,-0.27925916666666578,0.11099861111110472,0.27234199999999997,0.25820277777777673,-0.044357098765423819
4.7999999999999998,0.26685400000000004,0.00038111111111121453,-0.010004166666668828,0.27199899999999999,0.0013338888888889458,0.015773765432100125,,,,,,,,4.7999999999999998,0.27474299999999996,0.011719166666666661,0.046103858024694321,0.2413005,0.012386111111111216,0.42912052469135942,4.7999999999999998,0.23769900000000002,-0.011909722222222113,0.3002308641975277,0.29823850000000002,0.16826055555555589,-0.2288783950617248,4.7999999999999998,0.28400399999999998,-0.035824444444444589,-0.24756342592592709,0.28228899999999996,-0.083463333333333181,-0.19955401234568038,4.7999999999999998,0.232211,0.0051449999999998467,0.7904350308641982,0.239757,0.11709638888888903,0.59268070987654731,4.7999999999999998,0.27148450000000002,-0.0207705555555555,-0.078815895061731464,0.27834449999999999,-0.048210555555555479,-0.072252314814816629,4.7999999999999998,0.28228899999999996,0.029917222222222234,-0.26116697530863958,0.28846299999999997,0.019627222222222036,-0.28054012345678908,,,,,,,,4.7999999999999998,0.32945150000000001,-0.2226641666666668,-0.57606003086420532,0.22020599999999999,0.22304527777777808,0.4747479938271682,4.7999999999999998,0.21814799999999998,-0.17921750000000017,0.53445540123456381,0.312473,0.17893166666666707,-0.32627345679011871,4.7999999999999998,0.24953249999999999,-0.27097000000000043,0.24735169753085554,0.28537599999999996,0.2534388888888896,-0.13889382716048312
4.8499999999999996,0.26685400000000004,9.5277777777803442e-05,-0.0060871913580263469,0.2718275,0.0019055555555558326,0.0087867283950618189,,,,,,,,4.8499999999999996,0.27525749999999999,0.015244444444444651,0.04769182098765614,0.24267250000000001,0.033251944444444598,0.37401820987654338,4.8499999999999996,0.23769900000000002,0.0018102777777775369,0.25153333333333122,0.3071565,0.1562555555555559,-0.33564243827160717,4.8499999999999996,0.28177449999999998,-0.046686111111111123,-0.19050262345678989,0.27748700000000004,-0.091943055555555556,-0.11745632716049614,4.8499999999999996,0.23358299999999999,0.042493888888888935,0.69351635802469402,0.24678849999999999,0.14606083333333364,0.45982114197530904,4.8499999999999996,0.27045550000000002,-0.022771388888888969,-0.045204012345681548,0.27577200000000002,-0.050401944444444617,-0.025301543209877892,4.8499999999999996,0.28348950000000001,0.013910555555555733,-0.30192469135802502,0.28914899999999999,0.0064788888888889116,-0.29583749999999859,,,,,,,,4.8499999999999996,0.31744650000000002,-0.24962777777777853,-0.47056635802469399,0.23203950000000001,0.24448277777777846,0.33855370370370474,4.8499999999999996,0.20957300000000001,-0.14977666666666703,0.6095131172839513,0.321048,0.16216277777777821,-0.39794351851851922,4.8499999999999996,0.235984,-0.25458222222222288,0.38153456790123502,0.29789550000000004,0.24410166666666763,-0.22866666666666954
4.8999999999999995,0.26685400000000004,-9.527777777780374e-05,-0.0030171296296309883,0.27217050000000004,0.0025725000000001805,-0.0060871913580276488,,,,,,,,4.8999999999999995,0.27628649999999999,0.018293333333333498,0.017202932098765448,0.24490200000000001,0.048972777777777858,0.32786141975308403,4.8999999999999995,0.23804199999999998,0.012386111111110871,0.21559243827160543,0.31435950000000001,0.13462750000000001,-0.4446296296296342,4.8999999999999995,0.27920200000000001,-0.05449888888888893,-0.13645895061728253,0.2728565,-0.095182500000000336,-0.030277160493825686,4.8999999999999995,0.23666999999999999,0.074602500000000183,0.56711450617283887,0.25484899999999999,0.16454472222222236,0.29731959876542696,4.8999999999999995,0.26925500000000002,-0.024867500000000261,-0.019161419753086835,0.27319949999999998,-0.050116111111111306,0.012703703703705266,4.8999999999999995,0.283661,-0.0023819444444445424,-0.30261280864197532,0.28932049999999998,-0.010004166666666628,-0.30525941358024505,,,,,,,,4.8999999999999995,0.30424099999999998,-0.27039833333333396,-0.34617592592591734,0.2450735,0.25686888888888931,0.1956370370370292,4.8999999999999995,0.20305599999999999,-0.11700111111111132,0.65873996913580657,0.32893699999999998,0.14005833333333376,-0.48099398148148692,4.8999999999999995,0.22380749999999999,-0.23171555555555598,0.49406820987655126,0.30990050000000002,0.23085805555555572,-0.32542654320988745
4.9499999999999993,0.26685400000000004,-0.00019055555555563789,0.00021172839506043736,0.27217050000000004,0.0014291666666664024,-0.021808024691359826,,,,,,,,4.9499999999999993,0.27731549999999999,0.017150000000000141,-0.019373148148148913,0.24747450000000001,0.065169999999999742,0.29218518518518194,4.9499999999999993,0.23889949999999999,0.022676111111110966,0.19007916666666788,0.32070499999999996,0.10975999999999964,-0.52206929012345593,4.9499999999999993,0.27628649999999999,-0.060406111111110945,-0.080033333333331125,0.26788299999999998,-0.095182499999999726,0.063836111111113855,4.9499999999999993,0.2413005,0.099184166666666448,0.43129074074073759,0.26359549999999998,0.17454888888888823,0.15445586419752769,4.9499999999999993,0.26788299999999998,-0.025058055555555694,0.01201558641975504,0.2707985,-0.049544444444444356,0.058119444444446798,4.9499999999999993,0.28314649999999997,-0.016959444444444256,-0.2852510802469117,0.28811999999999999,-0.025820277777777467,-0.28223395061728179,,,,,,,,4.9499999999999993,0.29017799999999999,-0.28488055555555475,-0.20717623456789233,0.257936,0.26287138888888822,0.071299537037030292,4.9499999999999993,0.197911,-0.084034999999999846,0.70034459876543298,0.33528250000000004,0.11309472222222199,-0.5466297839506209,4.9499999999999993,0.21265999999999999,-0.2043708333333327,0.59125154320988027,0.32121949999999999,0.21199305555555467,-0.42901466049383014
5,0.26685400000000004,-0.00047638888888913732,0.0074104938271605178,0.27234199999999997,-0.00019055555555563789,-0.024666358024690513,,,,,,,,5,0.27800150000000001,0.01543500000000011,-0.042610339506174426,0.251419,0.080223888888888512,0.22226188271605052,5,0.24027149999999997,0.032775555555555516,0.14487515432098982,0.3253355,0.082891666666666683,-0.60167916666666288,5,0.27302799999999999,-0.06307388888888861,-0.016038425925926018,0.26308100000000001,-0.089084722222221871,0.1605959876543184,5,0.24678849999999999,0.11814444444444415,0.29017376543210027,0.27251349999999996,0.17864583333333284,0.035464506172845446,5,0.26668249999999999,-0.023628888888888797,0.042451543209877936,0.26805449999999997,-0.044971111111110872,0.11353935185185167,5,0.28194600000000003,-0.030774722222222078,-0.26370771604938248,0.28657650000000001,-0.038778055555555219,-0.24496975308642158,,,,,,,,5,0.27542899999999998,-0.29154999999999903,-0.059919135802474661,0.27148450000000002,0.26449111111111029,-0.053779012345673442,5,0.19430949999999997,-0.045352222222222051,0.70743749999999894,0.340256,0.084701944444443969,-0.59897962962962692,5,0.20322750000000001,-0.17302444444444398,0.69616296296295754,0.33133799999999997,0.18750666666666618,-0.52550987654320169
5.0499999999999998,0.26668249999999999,0.0010480555555554729,0.0043933641975322799,0.27217050000000004,-0.002000833333333328,-0.0098453703703700549,,,,,,,,5.0499999999999998,0.27885900000000002,0.013053055555555486,-0.068229475308643664,0.25587799999999999,0.088036666666666694,0.14074645061728805,5.0499999999999998,0.24250099999999999,0.037253611111111321,0.10009459876543352,0.32928000000000002,0.050306666666666812,-0.68467669753086524,5.0499999999999998,0.2697695,-0.061454166666666504,0.038164043209874383,0.25879350000000001,-0.078604166666666878,0.244916820987652,5.0499999999999998,0.25347700000000001,0.12862500000000024,0.14386944444444746,0.28160299999999999,0.17816944444444482,-0.08532654320986964,5.0499999999999998,0.265482,-0.020961111111111073,0.07394614197530909,0.26616800000000002,-0.037444166666666577,0.15461466049382533,5.0499999999999998,0.28005949999999996,-0.043827777777777709,-0.22930185185185323,0.28417550000000003,-0.049925555555555667,-0.20707037037037371,,,,,,,,5.0499999999999998,0.26068000000000002,-0.29012083333333366,0.075957561728385331,0.28486149999999999,0.25667833333333373,-0.16017253086418973,5.0499999999999998,0.1936235,-0.010861666666666455,0.67107314814814867,0.34385749999999998,0.053450833333333392,-0.64968858024691045,5.0499999999999998,0.19516699999999998,-0.13567555555555577,0.80525601851851603,0.34008450000000001,0.15920916666666718,-0.61554737654320557
5.0999999999999996,0.26702550000000003,0.0013338888888889792,-0.021278703703704247,0.27199899999999999,-0.0013338888888890391,0.0083103395061740627,,,,,,,,5.0999999999999996,0.2793735,0.0091466666666664646,-0.10205308641975246,0.26033699999999999,0.092705277777778081,0.08437376543209997,5.0999999999999996,0.2440445,0.038349305555555706,0.093954475308641414,0.330652,0.012004999999999995,-0.71918842592592924,5.0999999999999996,0.26685400000000004,-0.058405277777777792,0.079345216049379996,0.25502049999999998,-0.063455000000000164,0.30663564814814959,5.0999999999999996,0.259994,0.13119750000000022,0.021808024691357345,0.29052099999999997,0.17188111111111173,-0.23581250000000031,5.0999999999999996,0.26445299999999999,-0.015720833333333236,0.094430864197530648,0.2642815,-0.028773888888889012,0.18028672839506055,5.0999999999999996,0.27748700000000004,-0.054784722222222082,-0.1731408950617315,0.28160299999999999,-0.060215555555555744,-0.15270910493827181,,,,,,,,5.0999999999999996,0.24627399999999999,-0.28373722222222297,0.21024629629629596,0.29720950000000002,0.2461977777777784,-0.2283490740740752,5.0999999999999996,0.19345200000000001,0.019817777777777865,0.66408611111111115,0.345744,0.019341388888889199,-0.6868998456790133,5.0999999999999996,0.189336,-0.09165722222222239,0.86729243827160774,0.34745900000000002,0.12605250000000034,-0.70007993827160853
5.1499999999999995,0.26702550000000003,-0.002000833333333544,-0.030594753086420845,0.27199899999999999,9.5277777777961302e-05,0.0060342592592602141,,,,,,,,5.1499999999999995,0.27988799999999997,0.0028583333333334678,-0.13688240740740618,0.26513900000000001,0.096325833333333485,0.031018209876540876,5.1499999999999995,0.24627399999999999,0.047353055555555613,0.07638101851851721,0.33030900000000002,-0.023819444444444726,-0.70584953703703723,5.1499999999999995,0.26393850000000002,-0.054403611111111395,0.13487098765432037,0.25244800000000001,-0.047257777777777739,0.35305709876543395,5.1499999999999995,0.26668249999999999,0.13005416666666678,-0.085591203703707208,0.29926750000000002,0.15530277777777812,-0.3958262345679075,5.1499999999999995,0.26393850000000002,-0.010671111111111129,0.09855956790123388,0.2632525,-0.018960277777777906,0.19293750000000029,5.1499999999999995,0.27440000000000003,-0.061740000000000378,-0.10406450617284085,0.27800150000000001,-0.066884999999999986,-0.068494135802467451,,,,,,,,5.1499999999999995,0.23203950000000001,-0.27030305555555595,0.36687237654321864,0.30938599999999999,0.23543138888888912,-0.32156250000000791,5.1499999999999995,0.1953385,0.054594166666666749,0.66900879629629495,0.34591550000000004,-0.017054722222222232,-0.68912299382716213,5.1499999999999995,0.18539149999999999,-0.039921388888888833,0.75835817901234825,0.35294700000000001,0.087655555555555431,-0.75084182098765773
5.1999999999999993,0.26668249999999999,-0.0030488888888890904,-0.01529737654320835,0.27217050000000004,-0.00085749999999995086,0.0042345679012338036,,,,,,,,5.1999999999999993,0.27971650000000003,-0.0050497222222221005,-0.16266033950617334,0.27011249999999998,0.096516388888888652,-0.033770679012346323,5.1999999999999993,0.24901799999999999,0.049925555555555466,0.028001080246913071,0.32825099999999996,-0.059072222222222165,-0.67271404320987116,5.1999999999999993,0.2611945,-0.045828611111111188,0.20294166666666716,0.25021850000000001,-0.028773888888888818,0.40429537037036939,5.1999999999999993,0.27319949999999998,0.12347999999999966,-0.20251820987654467,0.30647049999999998,0.12957777777777743,-0.50862453703703969,5.1999999999999993,0.26342399999999999,-0.0060977777777778434,0.10438209876543207,0.26239499999999999,-0.0093372222222222641,0.19833657407407401,5.1999999999999993,0.27114149999999998,-0.064693611111111229,-0.041604629629627014,0.27457150000000002,-0.066599166666666446,0.0087337962962956168,,,,,,,,5.1999999999999993,0.218834,-0.24772222222222151,0.54250108024691779,0.32121949999999999,0.21551833333333262,-0.43923055555555807,5.1999999999999993,0.19894000000000001,0.088513055555555331,0.63846697530863861,0.34385749999999998,-0.050687777777777658,-0.66673271604938089,5.1999999999999993,0.18642050000000002,-0.0079080555555554825,0.52752129629629485,0.35620549999999995,0.048972777777777754,-0.7619575617283928
5.25,0.26668249999999999,-0.0033347222222221626,0.00031759259259461623,0.2718275,-0.00047638888888901394,0.016303086419754097,,,,,,,,5.25,0.2793735,-0.013338888888889025,-0.18563287037037057,0.27491450000000001,0.093562777777777786,-0.10967530864197257,5.25,0.251419,0.049449166666666565,-0.008257407407404967,0.3243065,-0.091752499999999529,-0.62062885802469037,5.25,0.25913649999999999,-0.032775555555555551,0.2442287037037032,0.249361,-0.0062883333333333879,0.43886003086419662,5.25,0.2793735,0.10956944444444423,-0.31214058641975057,0.31213000000000002,0.1030905555555553,-0.59395108024691112,5.25,0.2632525,-0.00028583333333331824,0.11046929012345753,0.2622235,0.0017149999999999017,0.18822654320987728,5.25,0.26788299999999998,-0.065646388888888713,0.01614429012345793,0.27131300000000003,-0.06459833333333341,0.061295370370367398,,,,,,,,5.25,0.2070005,-0.21628055555555495,0.71744166666665976,0.33116649999999997,0.18998388888888842,-0.53254984567900499,5.25,0.20425650000000001,0.12062166666666634,0.56166250000000206,0.34077050000000003,-0.082605833333333045,-0.65683441358024908,5.25,0.18607750000000001,-0.00038111111111120639,0.53249691358024576,0.35774900000000004,0.011433333333333509,-0.76645679012345624
5.2999999999999998,0.26633950000000001,-0.0029536111111109942,0.015191512345679567,0.27199899999999999,0.0018102777777779984,0.010639351851853497,,,,,,,,5.2999999999999998,0.27851599999999999,-0.024009999999999993,-0.19664274691358055,0.27971650000000003,0.085178333333333564,-0.17875169753086281,5.2999999999999998,0.25399149999999998,0.047924722222222514,-0.021808024691355597,0.31899,-0.121765,-0.55679274691358671,5.2999999999999998,0.257936,-0.01953194444444457,0.24751049382716128,0.24953249999999999,0.01734055555555564,0.42774429012345855,5.2999999999999998,0.28434700000000002,0.090704444444444435,-0.39254444444444259,0.31693199999999999,0.07212527777777783,-0.69880956790123472,5.2999999999999998,0.26342399999999999,0.0051450000000001425,0.1139098765432104,0.26273799999999997,0.0099088888888889479,0.17007083333333559,5.2999999999999998,0.26445299999999999,-0.063455000000000011,0.078021913580246793,0.26805449999999997,-0.060596666666666917,0.11438626543209744,,,,,,,,5.2999999999999998,0.196882,-0.17683555555555586,0.87835524691357569,0.340256,0.16187694444444489,-0.6141182098765382,5.2999999999999998,0.211288,0.1461561111111114,0.45362808641975966,0.33579700000000001,-0.11728694444444486,-0.62814521604938911,5.2999999999999998,0.18487699999999999,0.032394444444444427,0.76375725308642306,0.357406,-0.026963611111111296,-0.7778371913580292
5.3499999999999996,0.26633950000000001,-0.0016197222222221433,0.023819444444443862,0.27217050000000004,0.001333888888889164,-0.0066165123456807641,,,,,,,,5.3499999999999996,0.27697250000000001,-0.034490555555555566,-0.17975740740740867,0.28348950000000001,0.074697777777778016,-0.226972839506174,5.3499999999999996,0.25622100000000003,0.046209722222222603,-0.014556327160495453,0.31195850000000003,-0.14787111111111151,-0.48840447530864789,5.3499999999999996,0.25724999999999998,-0.0074316666666667348,0.23523024691358296,0.25124750000000001,0.038015833333333512,0.38312253086419829,5.3499999999999996,0.28846299999999997,0.069933888888888934,-0.4587624999999988,0.31984750000000001,0.031822777777777762,-0.76190462962963335,5.3499999999999996,0.26376700000000003,0.010861666666666723,0.11899135802469114,0.2632525,0.017435833333333563,0.16901219135802567,5.3499999999999996,0.26136599999999999,-0.057547777777777746,0.13344182098765481,0.26513900000000001,-0.053641388888889113,0.1739348765432106,,,,,,,,5.3499999999999996,0.188307,-0.12052638888888927,0.88168996913580466,0.34763050000000001,0.12805333333333374,-0.67816604938271752,5.3499999999999996,0.21917700000000001,0.16511638888888949,0.35930308641975567,0.32876549999999999,-0.14682305555555611,-0.57124320987654575,5.3499999999999996,0.18813550000000001,0.085845277777777937,0.83484506172840012,0.35517650000000001,-0.067266111111111498,-0.77153827160494093
5.3999999999999995,0.26616800000000002,-9.5277777777772894e-05,0.021543364197529977,0.27217050000000004,0.00028583333333331867,-0.0095807098765470465,,,,,,,,5.3999999999999995,0.27491450000000001,-0.042303333333333464,-0.15652021604938357,0.28726250000000003,0.062216388888889057,-0.26513688271605279,5.3999999999999995,0.25845050000000003,0.046971944444444469,-0.013338888888892749,0.303898,-0.16873694444444509,-0.44410030864197547,5.3999999999999995,0.25724999999999998,0.0036205555555557795,0.22543780864197707,0.25347700000000001,0.055642222222222287,0.33251944444444304,5.3999999999999995,0.29154999999999998,0.044685277777778094,-0.51042422839506185,0.32019049999999999,-0.0097183333333336341,-0.70913132716049621,5.3999999999999995,0.26445299999999999,0.017340555555555508,0.11428040123456867,0.2642815,0.027630555555555717,0.15006249999999846,5.3999999999999995,0.25862200000000002,-0.0494491666666666,0.17705787037037035,0.26256649999999998,-0.043637222222222494,0.23777098765432428,,,,,,,,5.3999999999999995,0.1857345,-0.079652222222222402,0.72045879629630083,0.3531185,0.092514722222222415,-0.70913132716049654,5.3999999999999995,0.22792350000000003,0.18045611111111157,0.29192052469135515,0.321048,-0.17426305555555602,-0.50957731481481261,5.3999999999999995,0.19430949999999997,0.12681472222222259,0.70479089506173009,0.35054599999999997,-0.10537722222222252,-0.73840277777777608
5.4499999999999993,0.26633950000000001,0.0010480555555555039,0.0094748456790118857,0.27217050000000004,-0.00047638888888920666,0.0021172839506152057,,,,,,,,5.4499999999999993,0.27268500000000001,-0.048972777777777969,-0.15175632716049228,0.28983500000000001,0.047257777777777711,-0.28382191358025066,5.4499999999999993,0.26102300000000001,0.046114444444444284,-0.030118364197533772,0.295323,-0.19198472222222263,-0.38492222222221484,5.4499999999999993,0.25759300000000002,0.014672777777777993,0.2198799382716029,0.256907,0.070696111111111001,0.28657438271604679,5.4499999999999993,0.29309350000000001,0.01657833333333358,-0.51074182098765597,0.31847549999999997,-0.043256111111111349,-0.56568533950616973,5.4499999999999993,0.265482,0.023724166666666865,0.082044753086419689,0.26616800000000002,0.034776388888888808,0.089508179012343383,5.4499999999999993,0.25639250000000002,-0.039921388888888958,0.21919182098765436,0.26050849999999998,-0.028488055555555444,0.27508811728395433,,,,,,,,5.4499999999999993,0.18127550000000001,-0.055261111111111066,0.66488009259259562,0.35689149999999997,0.056404444444444785,-0.72236435185185399,5.4499999999999993,0.23718449999999999,0.19484305555555573,0.21643935185184504,0.31127250000000001,-0.19903527777777805,-0.42165709876542418,5.4499999999999993,0.20151250000000001,0.15463583333333361,0.57457793209876107,0.3445435,-0.1411063888888888,-0.69690401234567378
5.4999999999999991,0.26633950000000001,0.00095277777777772377,-0.0030700617283948516,0.27199899999999999,0.00095277777777741542,0.0069341049382737425,,,,,,,,5.4999999999999991,0.27011249999999998,-0.057071388888888692,-0.15117407407407199,0.29189300000000001,0.033537777777777514,-0.29504351851851957,5.4999999999999991,0.2632525,0.042303333333332971,-0.019108487654320518,0.28486149999999999,-0.21475611111111045,-0.1853152777777711,5.4999999999999991,0.25862200000000002,0.026868333333333091,0.19108487654320727,0.26050849999999998,0.085178333333332953,0.22300293209876387,5.4999999999999991,0.29309350000000001,-0.009146666666666527,-0.45511018518518509,0.31538849999999996,-0.066218055555555225,-0.41149413580246402,5.4999999999999991,0.26702550000000003,0.026296666666666701,0.034352932098763077,0.26805449999999997,0.036205555555555331,0.032341512345678815,5.4999999999999991,0.25450600000000001,-0.027725833333333321,0.26010833333333278,0.25982250000000001,-0.014482222222222016,0.28091064814814831,,,,,,,,5.4999999999999991,0.17938900000000002,-0.018388611111110967,0.69695694444444189,0.35877800000000004,0.019817777777778055,-0.72532854938271807,5.4999999999999991,0.24764600000000001,0.20389444444444385,0.11068101851851399,0.300811,-0.21685222222222145,-0.32177422839505487,5.4999999999999991,0.20974449999999997,0.17997972222222172,0.50857160493826659,0.33648300000000003,-0.17645444444444383,-0.62713950617283454
5.5499999999999998,0.266511,-0.00028583333333331401,0.0013233024691357703,0.27234199999999997,0.0011433333333334542,-0.0049226851851824228,,,,,,,,5.5499999999999998,0.26702550000000003,-0.065551111111110907,-0.12126743827160691,0.293265,0.018198055555555235,-0.30944104938271438,5.5499999999999998,0.26496749999999997,0.043160833333333183,0.010798148148152076,0.27268500000000001,-0.21513722222222156,0.099671141975304037,5.5499999999999998,0.26050849999999998,0.034871666666666454,0.14016419753086604,0.26565349999999999,0.094610833333332992,0.13042469135802798,5.5499999999999998,0.29189300000000001,-0.029440833333333225,-0.38164043209876586,0.31161549999999999,-0.082605833333332823,-0.28604506172839606,5.5499999999999998,0.26822600000000002,0.026201388888888687,0.0016408950617269821,0.2697695,0.036872499999999954,-0.0043933641975292684,5.5499999999999998,0.25347700000000001,-0.012767222222222202,0.27778765432098651,0.25913649999999999,-0.0013338888888887181,0.29610216049382548,,,,,,,,5.5499999999999998,0.17938900000000002,0.017816944444444312,0.68891126543209624,0.35877800000000004,-0.015435000000000148,-0.73792638888889195,5.5499999999999998,0.257936,0.20532361111111055,0.013021296296300467,0.28949200000000003,-0.23123916666666575,-0.21411033950617889,5.5499999999999998,0.2193485,0.20637166666666618,0.432349382716053,0.32653599999999999,-0.20465666666666593,-0.5387429012345718
5.5999999999999996,0.26616800000000002,0.00066694444444440938,0.011645061728394543,0.27217050000000004,0.00019055555555560705,-0.01222731481481428,,,,,,,,5.5999999999999996,0.26342399999999999,-0.071077222222222569,-0.054361265432100125,0.29377949999999997,0.0019055555555554597,-0.30737669753086289,5.5999999999999996,0.26754,0.044875833333333615,0.018314506172842492,0.26256649999999998,-0.19865416666666688,0.28482762345678414,5.5999999999999996,0.2622235,0.04011194444444461,0.097024537037040393,0.27028399999999997,0.097564444444444606,0.045151080246918211,5.5999999999999996,0.2900065,-0.046019166666666667,-0.31986867283950821,0.30698500000000001,-0.094325000000000062,-0.16980617283951047,5.5999999999999996,0.269598,0.026201388888888715,-0.02418996913580183,0.2718275,0.035538611111111118,-0.033294290123455181,5.5999999999999996,0.25330550000000002,0.0012386111111110495,0.27011250000000048,0.25947950000000003,0.015244444444444573,0.30166003086419563,,,,,,,,5.5999999999999996,0.18127550000000001,0.053546111111111093,0.64688317901234738,0.357406,-0.053641388888889335,-0.75232391975308965,5.5999999999999996,0.26822600000000002,0.204180277777778,-0.066853240740735509,0.27748700000000004,-0.23971888888888929,-0.080139197530874492,5.5999999999999996,0.2306675,0.22657055555555594,0.29853703703704393,0.31590300000000004,-0.22952416666666686,-0.45622175925926861
5.6499999999999995,0.266511,0.0025724999999998757,-0.0052402777777775071,0.27234199999999997,-0.00047638888888883554,-0.010745216049382755,,,,,,,,5.6499999999999995,0.25965099999999997,-0.07107722222222225,0.01810277777777956,0.29343649999999999,-0.013910555555555549,-0.27704660493827199,5.6499999999999995,0.269598,0.044685277777778004,0.02937731481481486,0.25313400000000003,-0.18331444444444481,0.39831404320987573,5.6499999999999995,0.26445299999999999,0.045256944444444773,0.041392901234568062,0.27542899999999998,0.098421944444444867,-0.030594753086419711,5.6499999999999995,0.28743400000000002,-0.062978611111111193,-0.22750216049382865,0.30201149999999999,-0.10089916666666691,-0.030435956790123616,5.6499999999999995,0.27096999999999999,0.023819444444444379,-0.047850617283948932,0.27337099999999998,0.033061388888889022,-0.052932098765431146,5.6499999999999995,0.2536485,0.014196388888888868,0.25762052469135943,0.26068000000000002,0.030965277777777578,0.26571913580246809,,,,,,,,5.6499999999999995,0.18556300000000001,0.07669861111111119,0.70277947530864393,0.35346149999999998,-0.092514722222222623,-0.73014537037036986,5.6499999999999995,0.27851599999999999,0.19884472222222249,-0.14699243827160449,0.26513900000000001,-0.23981416666666741,0.060236728395060141,5.6499999999999995,0.24250099999999999,0.23638416666666731,0.15752592592592526,0.30355500000000002,-0.25172388888888958,-0.34469382716049624
5.6999999999999993,0.26668249999999999,0.00028583333333331824,-0.024031172839505,0.27217050000000004,-0.0017149999999999171,0.0057166666666656589,,,,,,,,5.6999999999999993,0.25622100000000003,-0.068218888888888871,0.073152160493828833,0.292236,-0.026582500000000175,-0.22681404320987639,5.6999999999999993,0.2718275,0.047543611111111377,0.042292746913577504,0.24387300000000001,-0.16025722222222263,0.51201219135802922,5.6999999999999993,0.26702550000000003,0.04497111111111135,-0.025407407407411684,0.28023100000000001,0.095754166666666793,-0.1229083333333371,5.6999999999999993,0.28331800000000001,-0.071744166666666775,-0.084162037037037132,0.2965235,-0.098707777777777769,0.1318009259259289,5.6999999999999993,0.27199899999999999,0.020865833333333399,-0.062248148148146526,0.275086,0.030870000000000272,-0.083897376543211999,5.6999999999999993,0.2546775,0.027535277777777905,0.23321882716049383,0.26273799999999997,0.043446666666666585,0.19706620370370387,,,,,,,,5.6999999999999993,0.18796399999999999,0.11709638888888906,0.86247561728394928,0.34797349999999999,-0.12786277777777802,-0.68060092592592059,5.6999999999999993,0.28829149999999998,0.18931694444444477,-0.2235322530864243,0.25313400000000003,-0.23152500000000056,0.15884922839506879,5.6999999999999993,0.25450600000000001,0.24048111111111145,0.047691820987645274,0.29034950000000004,-0.26563444444444489,-0.20405324074073392
5.7499999999999991,0.266511,-0.0017149999999999017,-0.010427623456789563,0.27199899999999999,9.5277777777742049e-05,0.020167129629627922,,,,,,,,5.7499999999999991,0.25279099999999999,-0.063645555555555414,0.12274953703703743,0.29069249999999996,-0.036681944444444468,-0.17197638888888653,5.7499999999999991,0.27440000000000003,0.049639722222222127,0.042292746913575936,0.23666999999999999,-0.12919666666666638,0.56409737654321235,5.7499999999999991,0.26908350000000003,0.041541111111110751,-0.072940432098768854,0.28537599999999996,0.085940555555555284,-0.20786435185185251,5.7499999999999991,0.27971650000000003,-0.069552777777777797,0.029589043209876206,0.29172150000000002,-0.086798055555555198,0.27106527777777695,5.7499999999999991,0.27302799999999999,0.017912222222222319,-0.082044753086418148,0.27662950000000003,0.025153333333333156,-0.12200848765432364,5.7499999999999991,0.25656400000000001,0.037825277777777777,0.20013626543209592,0.2653105,0.050020833333333216,0.13518858024691335,,,,,,,,5.7499999999999991,0.1963675,0.17273861111111075,0.84225555555555032,0.34059899999999999,-0.16101944444444391,-0.61639429012345082,5.7499999999999991,0.2975525,0.17654972222222179,-0.30113070987654611,0.24198649999999999,-0.22209249999999958,0.22512021604938856,5.7499999999999991,0.26668249999999999,0.24038583333333244,-0.044886419753092072,0.27662950000000003,-0.27116055555555496,-0.079927469135796667
5.7999999999999998,0.26633950000000001,-0.00076222222222218196,0.0058754629629625714,0.27217050000000004,0.0019055555555553855,0.0058754629629624577,,,,,,,,5.7999999999999998,0.24970400000000001,-0.055928055555555363,0.1704413580246891,0.28846299999999997,-0.044113611111110916,-0.11242777777777718,5.7999999999999998,0.27680100000000002,0.051735833333332905,0.040757716049382074,0.231182,-0.10118499999999973,0.56526188271604705,5.7999999999999998,0.27114149999999998,0.037634722222221854,-0.11740339506172671,0.2889775,0.072411111111111037,-0.24915138888888586,5.7999999999999998,0.27645799999999998,-0.066789722222222292,0.10507021604938131,0.28760550000000001,-0.068981111111111063,0.34876959876542757,5.7999999999999998,0.2738855,0.013053055555555795,-0.107505092592592,0.27765849999999997,0.018102777777777496,-0.14820987654320902,5.7999999999999998,0.25845050000000003,0.047543611111110821,0.16244861111110961,0.26771149999999999,0.055928055555555363,0.090831481481483275,,,,,,,,5.7999999999999998,0.20631450000000001,0.20989694444444398,0.65376435185185378,0.331681,-0.189698055555555,-0.54313626543210147,5.7999999999999998,0.3061275,0.15939972222222179,-0.37984074074073632,0.23083899999999999,-0.20961111111111053,0.31012916666666296,5.7999999999999998,0.27868749999999998,0.2362888888888881,-0.13942314814814061,0.26308100000000001,-0.27239916666666603,0.024560493827155045
5.8499999999999996,0.266511,-0.00066694444444441317,0.013312422839505527,0.27234199999999997,0.0011433333333330917,-0.017255864197527972,,,,,,,,5.8499999999999996,0.2471315,-0.046209722222222367,0.21241651234567724,0.28606199999999998,-0.047067222222222198,-0.068123611111112564,5.8499999999999996,0.27954499999999999,0.054117777777777563,0.029112654320991558,0.22655149999999999,-0.072982777777777799,0.56896712962962881,5.8499999999999996,0.27302799999999999,0.030012500000000001,-0.1603313271604915,0.29240749999999999,0.061168333333333526,-0.28943271604938103,5.8499999999999996,0.2728565,-0.059453333333333587,0.17409367283950652,0.28469,-0.048305833333333652,0.34432330246913506,5.8499999999999996,0.27440000000000003,0.0067647222222224071,-0.12529027777777982,0.27851599999999999,0.0093372222222222138,-0.15355601851851705,5.8499999999999996,0.26136599999999999,0.055451666666666531,0.098983024691359181,0.27096999999999999,0.059834444444444614,0.035041049382718417,,,,,,,,5.8499999999999996,0.21780500000000003,0.23686055555555588,0.46050925925926439,0.32156249999999997,-0.20884888888888889,-0.45706867283951319,5.8499999999999996,0.31367349999999999,0.13796222222222246,-0.44388858024690969,0.2210635,-0.19512888888888921,0.47125447530863784,5.8499999999999996,0.29052099999999997,0.22704694444444493,-0.24338179012344865,0.24918950000000001,-0.26839750000000046,0.13412993827159769
5.8999999999999995,0.26616800000000002,0.0010480555555555055,0.010162962962962529,0.27234199999999997,-0.00095277777777745369,-0.019902469135799895,,,,,,,,5.8999999999999995,0.2450735,-0.035348055555555757,0.26386651234568032,0.28383249999999999,-0.050401944444444575,-0.034088271604938186,5.8999999999999995,0.28228899999999996,0.054975277777778088,0.0084691358024713091,0.22397900000000001,-0.045923888888888868,0.60035586419753117,5.8999999999999995,0.27422849999999999,0.020580000000000064,-0.18224521604938262,0.295323,0.045256944444444717,-0.3532688271604954,5.8999999999999995,0.27028399999999997,-0.047924722222222417,0.20511188271605318,0.28297499999999998,-0.031727500000000158,0.27704660493827465,5.8999999999999995,0.27457150000000002,0,-0.13164212962963273,0.27851599999999999,0.0020008333333333258,-0.14254614197530777,5.8999999999999995,0.2642815,0.057643055555555489,0.030965277777778872,0.2738855,0.059643888888889128,-0.025248611111111933,,,,,,,,5.8999999999999995,0.23032450000000002,0.25391527777777811,0.29927808641975301,0.30990050000000002,-0.23676527777777825,-0.34448209876543362,5.8999999999999995,0.320019,0.11404750000000036,-0.4851756172839517,0.21060199999999998,-0.16578333333333367,0.6886995370370399,5.8999999999999995,0.30166850000000001,0.21151666666666727,-0.33950648148148216,0.23632700000000001,-0.26249027777777839,0.31139953703703765
5.9499999999999993,0.26668249999999999,0.0014291666666665988,-0.010215895061727867,0.27217050000000004,-0.0016197222222218935,-0.0062459876543237425,,,,,,,,5.9499999999999993,0.24335849999999998,-0.019817777777777726,0.31139953703703899,0.28091699999999997,-0.05135472222222226,0.013233024691361081,5.9499999999999993,0.28503300000000004,0.055451666666666899,-0.023713580246916943,0.22174950000000002,-0.014768055555555623,0.65836944444444434,5.9499999999999993,0.275086,0.010861666666666674,-0.18632098765432217,0.29720950000000002,0.024391111111111117,-0.38730416666666917,5.9499999999999993,0.26805449999999997,-0.036205555555555269,0.1800750000000029,0.28177449999999998,-0.020484722222222054,0.20124783950617486,5.9499999999999993,0.27440000000000003,-0.0067647222222224071,-0.12851913580247112,0.27868749999999998,-0.0047638888888887733,-0.13307129629629602,5.9499999999999993,0.26719699999999996,0.057643055555555524,-0.022337345679011522,0.27697250000000001,0.05754777777777776,-0.088079012345681162,,,,,,,,5.9499999999999993,0.24335849999999998,0.26592027777777799,0.16493641975308113,0.2975525,-0.25039000000000045,-0.22596712962962281,5.9499999999999993,0.32516400000000001,0.088227222222222346,-0.49999660493827508,0.20374200000000001,-0.12147916666666665,0.82118858024691843,5.9499999999999993,0.31178699999999998,0.19236583333333365,-0.42049259259259891,0.22226400000000002,-0.24181500000000042,0.5611861111111186
5.9999999999999991,0.266511,-0.0013338888888888107,-0.0066694444444440294,0.27217050000000004,-0.0019055555555557251,0.013338888888884464,,,,,,,,5.9999999999999991,0.24301550000000002,-0.0025724999999999381,0.32780848765432008,0.27851599999999999,-0.048591666666666318,0.05192638888889145,5.9999999999999991,0.2879485,0.053355555555555122,-0.07039969135802647,0.2220925,0.023247777777777649,0.65286450617283698,5.9999999999999991,0.27525749999999999,0.0019055555555554514,-0.18806774691358055,0.29772399999999999,0.0038111111111110625,-0.37068348765432035,5.9999999999999991,0.26685400000000004,-0.028202222222221979,0.1185679012345664,0.28108850000000002,-0.013148333333333198,0.15053888888888745,5.9999999999999991,0.2738855,-0.013148333333333567,-0.1194677469135796,0.27800150000000001,-0.010861666666666631,-0.12894259259259241,5.9999999999999991,0.27011249999999998,0.055356388888888906,-0.071617129629628795,0.27988799999999997,0.05049722222222211,-0.14069351851851863,,,,,,,,5.9999999999999991,0.25724999999999998,0.27030305555555495,0.038005246913576894,0.28469,-0.25886972222222143,-0.11385694444443904,5.9999999999999991,0.32876549999999999,0.063454999999999859,-0.50063179012345682,0.19876850000000001,-0.079556944444444153,0.86475169753086278,5.9999999999999991,0.321048,0.16940388888888847,-0.49443873456790327,0.21111650000000001,-0.20141722222222166,0.71781219135802665
6.0499999999999998,0.26633950000000001,-0.00057166666666663224,0.018420370370369411,0.2718275,0.00057166666666626264,0.015985493827159709,,,,,,,,6.0499999999999998,0.24318699999999999,0.013719999999999927,0.32553240740740724,0.276115,-0.046019166666666271,0.085802932098764551,6.0499999999999998,0.29052099999999997,0.04801999999999975,-0.11173966049382274,0.22449350000000001,0.054213055555555313,0.57219598765432156,6.0499999999999998,0.27525749999999999,-0.0069552777777779256,-0.20362978395061596,0.29738100000000001,-0.013148333333333257,-0.34035339506172813,6.0499999999999998,0.265482,-0.025343888888888919,0.072834567901232661,0.2804025,-0.0060025000000001058,0.11385694444444287,6.0499999999999998,0.27302799999999999,-0.018674444444444532,-0.10935771604938126,0.27765849999999997,-0.017626388888888882,-0.12195555555555437,6.0499999999999998,0.2728565,0.05040194444444443,-0.11581543209876403,0.28211750000000002,0.041445833333333286,-0.15810817901234453,,,,,,,,6.0499999999999998,0.27062700000000001,0.26868333333333283,-0.070929012345672934,0.27148450000000002,-0.26229972222222159,0.0050814814814746246,6.0499999999999998,0.33150950000000001,0.038682777777777753,-0.50835987654320824,0.19568150000000001,-0.035443333333333209,0.88359552469135316,6.0499999999999998,0.32893699999999998,0.14205916666666649,-0.54890586419752718,0.20237000000000002,-0.16282972222222195,0.74009660493826601
6.0999999999999996,0.26633950000000001,0.0020008333333332352,0.018896759259258784,0.27234199999999997,0.00095277777777760765,-0.0053461419753063249,,,,,,,,6.0999999999999996,0.24438750000000001,0.029821944444444564,0.31843950617284139,0.27371400000000001,-0.039730833333333125,0.11173966049382461,6.0999999999999996,0.29275049999999997,0.041922222222222583,-0.1494273148148112,0.22775199999999998,0.079747500000000152,0.48882793209876946,6.0999999999999996,0.27474299999999996,-0.018769722222222267,-0.20976990740740534,0.296352,-0.028773888888889012,-0.33019043209876647,6.0999999999999996,0.2642815,-0.022485555555555595,0.059125154320987507,0.28057399999999999,-0.00085750000000007522,0.067488425925926299,6.0999999999999996,0.27199899999999999,-0.023628888888888932,-0.10231774691357981,0.27628649999999999,-0.02477222222222206,-0.08220354938271536,6.0999999999999996,0.27525749999999999,0.043065555555555697,-0.14662191358024618,0.28383249999999999,0.034871666666666676,-0.1781694444444438,,,,,,,,6.0999999999999996,0.28417550000000003,0.26382416666666714,-0.19013209876542606,0.25810749999999999,-0.25801222222222281,0.11692700617283293,6.0999999999999996,0.33271000000000001,0.01257666666666668,-0.51619382716049478,0.19482400000000002,0.01343416666666653,0.80890833333333312,6.0999999999999996,0.33528250000000004,0.1133805555555558,-0.58156496913580347,0.19516699999999998,-0.12862500000000029,0.76629799382715869
6.1499999999999995,0.26668249999999999,0.002477222222222132,-0.0020643518518508809,0.27199899999999999,-0.0002858333333333487,-0.019637808641972867,,,,,,,,6.1499999999999995,0.2461025,0.046495555555555734,0.29176172839506254,0.27217050000000004,-0.033633055555555562,0.11570956790123223,6.1499999999999995,0.29480850000000003,0.033442500000000389,-0.1929904320987669,0.23238250000000002,0.10432916666666701,0.38365185185185235,6.1499999999999995,0.27337099999999998,-0.030107777777777529,-0.17578749999999901,0.29463699999999998,-0.046114444444444486,-0.31806898148148172,6.1499999999999995,0.2632525,-0.020103611111111138,0.064100771604939433,0.28057399999999999,-0.00028583333333331954,0.039063888888889439,6.1499999999999995,0.2707985,-0.030203055555555611,-0.070346759259259026,0.27491450000000001,-0.026677777777777609,-0.025725000000000432,6.1499999999999995,0.277144,0.035443333333333563,-0.17086481481481655,0.285719,0.025820277777777897,-0.23189552469135899,,,,,,,,6.1499999999999995,0.29738100000000001,0.25067583333333382,-0.32436790123456882,0.24558799999999997,-0.24981833333333384,0.21029922839506399,6.1499999999999995,0.33271000000000001,-0.012862500000000042,-0.524662962962965,0.19773949999999998,0.049449166666666579,0.66509182098765607,6.1499999999999995,0.340256,0.084225555555555401,-0.61581203703704135,0.18916450000000001,-0.088798888888889024,0.83008117283950822
6.1999999999999993,0.26668249999999999,0.0010480555555555931,-0.01423873456789952,0.27234199999999997,-0.0019055555555554588,-0.015032716049380878,,,,,,,,6.1999999999999993,0.24918950000000001,0.060120277777777981,0.24449336419752865,0.27045550000000002,-0.028869166666666762,0.1282015432098754,6.1999999999999993,0.29618050000000001,0.022771388888888949,-0.23771805555555883,0.238728,0.11823972222222236,0.28789768518518127,6.1999999999999993,0.27148450000000002,-0.03696777777777762,-0.12677237654321091,0.29172150000000002,-0.062597500000000056,-0.26847160493827077,6.1999999999999993,0.2622235,-0.016578333333333178,0.081515432098766105,0.2804025,0.0020008333333333245,0.026836574074074197,6.1999999999999993,0.26874049999999999,-0.032203888888888907,-0.011274537037036519,0.27354250000000002,-0.02658249999999987,0.018737962962961222,6.1999999999999993,0.27885900000000002,0.026391944444444353,-0.20018919753086648,0.286748,0.010861666666666644,-0.26963611111111313,,,,,,,,6.1999999999999993,0.30955749999999999,0.23028638888888933,-0.4381719135802537,0.23289700000000002,-0.23705111111111132,0.30425370370371113,6.1999999999999993,0.33150950000000001,-0.039826111111111291,-0.53037962962962959,0.20031199999999999,0.074983611111111168,0.60406111111111116,6.1999999999999993,0.34385749999999998,0.052116944444444098,-0.65148827160493961,0.18607750000000001,-0.044494722222222359,0.87332669753086611
6.2499999999999991,0.26668249999999999,0.00085750000000022841,-0.021437499999999891,0.2718275,-0.0035252777777775458,0.020114197530864127,,,,,,,,6.2499999999999991,0.25227650000000001,0.070314999999999864,0.20775848765431673,0.26908350000000003,-0.020865833333333399,0.137623456790122,6.2499999999999991,0.29720950000000002,0.0094324999999999444,-0.2770466049382726,0.24438750000000001,0.12910138888888853,0.26249027777777406,6.2499999999999991,0.269598,-0.041731666666666577,-0.090672685185186785,0.28811999999999999,-0.074030833333333143,-0.19426080246913516,6.2499999999999991,0.26153750000000003,-0.011814444444444351,0.096071759259257802,0.28074549999999998,0.0040969444444444907,-0.012386111111111977,6.2499999999999991,0.26736850000000001,-0.030012499999999994,0.025725000000000359,0.27217050000000004,-0.024105277777777878,0.048591666666664861,6.2499999999999991,0.27988799999999997,0.015244444444444288,-0.22522608024691237,0.286748,-0.0036205555555557235,-0.26211975308641933,,,,,,,,6.2499999999999991,0.32053350000000003,0.20579999999999954,-0.52958564814815212,0.221578,-0.21770972222222162,0.38592793209876891,6.2499999999999991,0.32876549999999999,-0.067170833333333291,-0.51047716049382352,0.20477099999999998,0.10690166666666646,0.59935015432098471,6.2499999999999991,0.34557249999999995,0.017912222222221955,-0.66450956790122906,0.18470549999999999,0.00047638888888886324,0.87412067901234369
6.2999999999999998,0.26685400000000004,-0.00076222222222218229,-0.029769012345680513,0.27165600000000001,0.00076222222222227097,0.041541111111109821,,,,,,,,6.2999999999999998,0.25622100000000003,0.080128611111110679,0.18298626543209817,0.26839750000000001,-0.013529444444444693,0.11936188271604907,6.2999999999999998,0.29720950000000002,-0.0059072222222223284,-0.2991722222222219,0.251419,0.14272611111111061,0.25386234567901539,6.2999999999999998,0.26736850000000001,-0.046400277777777825,-0.04769182098765639,0.28417550000000003,-0.081653055555555465,-0.12047345679012637,6.2999999999999998,0.26102300000000001,-0.0065741666666667377,0.10141790123456663,0.28108850000000002,0.0011433333333332378,-0.054890586419754528,6.2999999999999998,0.26582499999999998,-0.028583333333333308,0.042822067901234849,0.27114149999999998,-0.021437500000000026,0.068864660493825725,6.2999999999999998,0.2804025,0.0033347222222223478,-0.23888256172839362,0.28623349999999997,-0.015625555555555656,-0.24306419753086206,,,,,,,,6.2999999999999998,0.33030900000000002,0.17693083333333273,-0.60728996913579703,0.21163100000000001,-0.20275111111111055,0.54276574074073503,6.2999999999999998,0.32464949999999998,-0.091752499999999626,-0.4717837962962968,0.21111650000000001,0.13662833333333299,0.57129614197530987,6.2999999999999998,0.34557249999999995,-0.015244444444444226,-0.65773425925925422,0.18607750000000001,0.045638055555555369,0.81997114197530785
6.3499999999999996,0.26668249999999999,-0.0033347222222223356,-0.015609675925926219,0.27199899999999999,0.0032394444444445625,0.016641851851849996,,,,,,,,6.3499999999999996,0.26033699999999999,0.088513055555555373,0.15498518518518936,0.26788299999999998,-0.0087655555555556704,0.096442283950619087,6.3499999999999996,0.2965235,-0.020294166666666755,-0.32188009259259265,0.25827899999999998,0.1605430555555559,0.13042469135803025,6.3499999999999996,0.26479599999999998,-0.047638888888889119,0.0139740740740735,0.27988799999999997,-0.086512222222222587,-0.040016666666669108,6.3499999999999996,0.26085150000000001,-0.00095277777777782059,0.092631172839506379,0.28091699999999997,-0.0031441666666669099,-0.063253858024691453,6.3499999999999996,0.26445299999999999,-0.025820277777777709,0.058278240740740832,0.26994100000000004,-0.017054722222222443,0.083368055555555085,6.3499999999999996,0.28023100000000001,-0.0089561111111111213,-0.24179382716049455,0.28520449999999997,-0.027439999999999885,-0.22697283950617222,,,,,,,,6.3499999999999996,0.33836949999999999,0.14453638888888923,-0.66974984567900808,0.20031199999999999,-0.16940388888888916,0.78879413580246549,6.3499999999999996,0.31950450000000002,-0.11423805555555579,-0.43134367283951086,0.21849099999999999,0.16521166666666684,0.51545277777778353,6.3499999999999996,0.34402899999999997,-0.047924722222221876,-0.64481882716049632,0.18967899999999999,0.082891666666666808,0.75925802469136139
6.3999999999999995,0.26633950000000001,-0.0028583333333332861,0.0067382561728403139,0.27217050000000004,0.0025724999999998739,-0.011528611111113857,,,,,,,,6.3999999999999995,0.26496749999999997,0.097659722222222523,0.086226388888891004,0.26754,-0.0046686111111110358,0.083685648148148897,6.3999999999999995,0.295323,-0.037444166666666674,-0.35014583333333399,0.26822600000000002,0.16321083333333386,-0.12412577160494077,6.3999999999999995,0.26239499999999999,-0.044494722222222338,0.067964814814816241,0.27525749999999999,-0.085750000000000284,0.038587500000001308,6.3999999999999995,0.26102300000000001,0.0029536111111110584,0.079239351851852782,0.28074549999999998,-0.0068600000000001273,-0.038322839506170624,6.3999999999999995,0.2632525,-0.023057222222222198,0.078180709876543145,0.26942649999999996,-0.012481388888889137,0.086808641975311185,6.3999999999999995,0.27954499999999999,-0.02162805555555557,-0.22559660493827194,0.28348950000000001,-0.038778055555555462,-0.2004009259259274,,,,,,,,6.3999999999999995,0.34488650000000004,0.10918833333333378,-0.71415987654321322,0.19345200000000001,-0.11328527777777801,0.84723117283950777,6.3999999999999995,0.31315899999999997,-0.13481805555555598,-0.38979197530864212,0.22775199999999998,0.19017444444444498,0.4149347222222235,6.3999999999999995,0.34077050000000003,-0.080033333333333553,-0.62322253086420065,0.19448100000000001,0.11852555555555583,0.74628966049382794
6.4499999999999993,0.26633950000000001,-0.0013148333333333016,0.0062406944444452174,0.27234199999999997,0.00017149999999971,-0.0069870370370381614,,,,,,,,6.4499999999999993,0.27045550000000002,0.099470000000000211,-0.02715416666667016,0.26736850000000001,-0.00028583333333334951,0.068017746913579077,6.4499999999999993,0.29292200000000002,-0.056880833333333373,-0.34744629629629714,0.27577200000000002,0.14339305555555545,-0.29610216049383337,6.4499999999999993,0.26033699999999999,-0.040207222222222304,0.11073395061728664,0.27114149999999998,-0.081176666666666897,0.092419444444448939,6.4499999999999993,0.2611945,0.0060977777777779006,0.079768672839506172,0.28005949999999996,-0.0073363888888888619,-0.0057695987654286162,6.4499999999999993,0.26205200000000001,-0.01829333333333337,0.10337638888888968,0.26874049999999999,-0.0084797222222220432,0.093213425925928198,6.4499999999999993,0.27800150000000001,-0.032680277777777773,-0.18573873456790066,0.28126000000000001,-0.048401111111111263,-0.15487932098765478,,,,,,,,6.4499999999999993,0.34934550000000003,0.072220555555555468,-0.73866743827161052,0.19036500000000001,-0.078890000000000196,0.79112314814815099,6.4499999999999993,0.30595600000000001,-0.15349250000000017,-0.34098858024690842,0.23787050000000001,0.20741972222222257,0.29520231481480874,6.4499999999999993,0.33596849999999995,-0.11071277777777801,-0.59114567901234161,0.20134099999999999,0.15635083333333338,0.73967314814814478
6.4999999999999991,0.26633950000000001,-0.0016673611111110188,-0.0042504475308630801,0.27199899999999999,0.00066694444444428535,0.019891882716048512,,,,,,,,6.4999999999999991,0.27525749999999999,0.093848611111110661,-0.12327885802469291,0.26754,0.0032394444444442624,0.033558950617282812,6.4999999999999991,0.28949200000000003,-0.073840277777777866,-0.31314629629629526,0.28228899999999996,0.12576666666666614,-0.32161543209876503,6.4999999999999991,0.25827899999999998,-0.033537777777777576,0.15371481481481664,0.26719699999999996,-0.076317499999999691,0.14535154320988045,6.4999999999999991,0.26153750000000003,0.010671111111111084,0.082891666666664782,0.27988799999999997,-0.0055261111111106903,-0.006457716049381809,6.4999999999999991,0.26136599999999999,-0.01219555555555544,0.11830324074074128,0.268569,-0.0040016666666665068,0.11359228395061582,6.4999999999999991,0.276115,-0.040397777777777664,-0.13984660493827042,0.27851599999999999,-0.054975277777777783,-0.093160493827158589,,,,,,,,6.4999999999999991,0.3520895,0.035157499999999682,-0.75544691358024618,0.18522,-0.038873333333333211,0.79742206790123371,6.4999999999999991,0.29772399999999999,-0.1696897222222217,-0.27604089506172375,0.24867499999999998,0.21932944444444383,0.17742839506172339,6.4999999999999991,0.329623,-0.13958194444444372,-0.54747669753085848,0.20974449999999997,0.19855888888888837,0.62084058641974937
6.5499999999999998,0.26616800000000002,-0.0024772222222220661,-0.011549783950615978,0.27234199999999997,0.0036205555555552573,0.042197469135800365,,,,,,,,6.5499999999999998,0.27988799999999997,0.085749999999999729,-0.1906614197530816,0.26788299999999998,0.0031441666666664932,-0.0029641975308637805,6.5499999999999998,0.28537599999999996,-0.087750833333333333,-0.28064598765432008,0.28811999999999999,0.11090333333333319,-0.32092731481480929,6.5499999999999998,0.256907,-0.024867499999999747,0.19547824074074013,0.26342399999999999,-0.068599999999999536,0.23136620370370253,6.5499999999999998,0.2622235,0.015625555555555341,0.064206635802468826,0.27971650000000003,-0.0071458333333330971,-0.022072685185188651,6.5499999999999998,0.26085150000000001,-0.0061930555555553693,0.12566080246913441,0.26822600000000002,0.0026677777777776956,0.13471219135802237,6.5499999999999998,0.2738855,-0.046114444444444236,-0.10094151234568012,0.27560049999999997,-0.057643055555555295,-0.030224228395062145,,,,,,,,6.5499999999999998,0.35294700000000001,-0.003525277777777986,-0.76322793209876172,0.18642050000000002,0.0010480555555554974,0.79811018518518351,6.5499999999999998,0.28880600000000001,-0.18169472222222163,-0.19823070987654731,0.259994,0.22580833333333281,0.05044429012346166,6.5499999999999998,0.32190550000000001,-0.16578333333333262,-0.4923743827160536,0.2220925,0.22390277777777737,0.40101358024691813
,,,,,,,,,,,,,,6.5999999999999996,0.28400399999999998,0.073840277777778199,-0.23433040123456519,0.26788299999999998,0.0020008333333332321,-0.023395987654319713,6.5999999999999996,0.28074549999999998,-0.10137555555555561,-0.25169212962963017,0.29343649999999999,0.095658888888889293,-0.34416450617283806,6.5999999999999996,0.2557065,-0.014005833333333184,0.23353641975308517,0.259994,-0.053927222222222133,0.32786141975308425,6.5999999999999996,0.2632525,0.017816944444444444,0.032076851851852849,0.27920200000000001,-0.0092419444444446913,-0.010851080246916231,6.5999999999999996,0.26068000000000002,0.00085749999999995856,0.12243194444444268,0.26874049999999999,0.0108616666666664,0.12857206790123601,6.5999999999999996,0.27148450000000002,-0.050592500000000103,-0.059548611111113391,0.27268500000000001,-0.058024166666666654,0.031865123456786715,,,,,,,,6.5999999999999996,0.35174649999999996,-0.042208055555555561,-0.74745416666666564,0.18539149999999999,0.040207222222222228,0.81171373456790519,6.5999999999999996,0.2793735,-0.18931694444444477,-0.1217967592592657,0.27165600000000001,0.22380750000000038,-0.066165123456784394,6.5999999999999996,0.31298750000000003,-0.18979333333333359,-0.41504058641976194,0.23289700000000002,0.23371638888888932,0.25740879629630237
,,,,,,,,,,,,,,6.6499999999999995,0.28726250000000003,0.061549444444444712,-0.26116697530864491,0.26805449999999997,0.00076222222222218586,-0.039116820987652484,6.6499999999999995,0.27525749999999999,-0.11433333333333336,-0.19590169753086462,0.29789550000000004,0.076698611111111245,-0.3725361111111149,6.6499999999999995,0.25536350000000002,-0.00047638888888886476,0.24888672839506043,0.25776450000000001,-0.033537777777777791,0.38089938271604912,6.6499999999999995,0.26411000000000001,0.017912222222222138,0.013127160493828437,0.27868749999999998,-0.0093372222222223508,0.022337345679012879,6.6499999999999995,0.26102300000000001,0.0064788888888887243,0.11020462962962961,0.26942649999999996,0.017054722222222339,0.091784259259262591,6.6499999999999995,0.26874049999999999,-0.05287916666666681,-0.0042875000000003527,0.269598,-0.054213055555555945,0.088449537037036105,,,,,,,,6.6499999999999995,0.34865950000000001,-0.079366388888888709,-0.70669645061728603,0.190022,0.086035833333333742,0.75375308641975547,6.6499999999999995,0.2697695,-0.19379500000000047,-0.046474382716049471,0.2824605,0.21818611111111155,-0.16530694444444535,6.6499999999999995,0.30269750000000001,-0.20846777777777839,-0.31266990740740969,0.2450735,0.24686472222222275,0.16647145061728327
,,,,,,,,,,,,,,6.6999999999999993,0.29017799999999999,0.048305833333333249,-0.29657854938271949,0.26805449999999997,-0.0020008333333332321,-0.049703240740738779,6.6999999999999993,0.26908350000000003,-0.12243194444444465,-0.11380401234567673,0.30115399999999998,0.056594999999999777,-0.37026003086419984,6.6999999999999993,0.2557065,0.012386111111111047,0.23411867283950505,0.25673550000000001,-0.01371999999999996,0.38492222222222222,6.6999999999999993,0.26496749999999997,0.018769722222222358,-0.0017996913580237181,0.278173,-0.0071458333333334094,0.05679614197531041,6.6999999999999993,0.26136599999999999,0.011338055555555537,0.10401157407407503,0.27062700000000001,0.019627222222222591,0.056743209876542827,6.6999999999999993,0.26599650000000002,-0.050973611111111261,0.051555864197532615,0.26719699999999996,-0.048305833333333582,0.12984243827160868,,,,,,,,6.6999999999999993,0.34368600000000005,-0.11357111111111134,-0.64836527777777875,0.19482400000000002,0.11681055555555586,0.67123194444444056,6.6999999999999993,0.25982250000000001,-0.19408083333333359,0.029853703703709003,0.29360799999999998,0.20837250000000029,-0.27879336419753747,6.6999999999999993,0.29189300000000001,-0.22113972222222267,-0.20617052469135233,0.257936,0.25239083333333373,0.052455709876534674
,,,,,,,,,,,,,,6.7499999999999991,0.292236,0.032108611111110928,-0.33458379629629609,0.26788299999999998,-0.0052402777777775175,-0.043245524691357361,6.7499999999999991,0.26273799999999997,-0.12490916666666635,-0.042186882716046481,0.30338349999999997,0.039254444444444335,-0.35835030864197326,6.7499999999999991,0.25673550000000001,0.022866666666666525,0.21511604938271497,0.25639250000000002,0.0056213888888887974,0.3629554012345671,6.7499999999999991,0.26599650000000002,0.018960277777777968,-0.039434413580249031,0.27782999999999997,-0.0022866666666665741,0.060395524691359226,6.7499999999999991,0.26205200000000001,0.017435833333333331,0.087708487654321224,0.27131300000000003,0.0225808333333333,0.023819444444441801,6.7499999999999991,0.26359549999999998,-0.047257777777777711,0.099935802469138024,0.26479599999999998,-0.041922222222222021,0.18065725308642341,,,,,,,,6.7499999999999991,0.337169,-0.14444111111111105,-0.58246481481481116,0.20151250000000001,0.15025305555555513,0.63327962962962348,6.7499999999999991,0.25021850000000001,-0.19065083333333291,0.1021589506172874,0.30372650000000001,0.18979333333333279,-0.37925848765432457,6.7499999999999991,0.2804025,-0.22895249999999953,-0.10215895061727881,0.27062700000000001,0.25153333333333244,-0.052985030864203135
,,,,,,,,,,,,,,6.7999999999999998,0.29343649999999999,0.014482222222222072,-0.36322006172839233,0.26736850000000001,-0.0060024999999997971,-0.041816358024692968,6.7999999999999998,0.25656400000000001,-0.12548083333333285,0.012756635802465702,0.30509849999999999,0.021723333333333317,-0.36025586419752775,6.7999999999999998,0.257936,0.033728333333333152,0.1959016975308652,0.25724999999999998,0.024772222222222241,0.29742546296296385,6.7999999999999998,0.26702550000000003,0.015720833333333115,-0.094325000000002587,0.27800150000000001,0.0012386111111112839,0.015032716049381922,6.7999999999999998,0.2632525,0.020961111111111069,0.058119444444445466,0.27302799999999999,0.022580833333333206,-0.015562037037037518,6.7999999999999998,0.2611945,-0.041255277777777426,0.14995663580246774,0.26273799999999997,-0.030393611111110708,0.23126033950617261,,,,,,,,6.7999999999999998,0.32910849999999997,-0.17188111111111071,-0.5134413580246926,0.20991600000000002,0.18083722222222168,0.58235895061728593,6.7999999999999998,0.24061449999999998,-0.18360027777777735,0.16848287037036636,0.31264449999999999,0.16873694444444379,-0.44632345679011703,6.7999999999999998,0.26874049999999999,-0.23076277777777729,-0.0090513888888931332,0.28314649999999997,0.24724583333333253,-0.16440709876542384
,,,,,,,,,,,,,,6.8499999999999996,0.29377949999999997,-0.0050497222222220918,-0.37105401234567809,0.26736850000000001,-0.0082891666666667103,-0.056055092592594204,6.8499999999999996,0.25021850000000001,-0.12509972222222251,0.092895833333328556,0.30561299999999997,0.0032394444444446831,-0.35972654320987657,6.8499999999999996,0.26016549999999999,0.043256111111111162,0.16128410493827455,0.25930800000000004,0.035729166666666909,0.22305586419753132,6.8499999999999996,0.26771149999999999,0.0092419444444441362,-0.1450868827160493,0.278173,0.00019055555555551749,-0.053408487654322705,6.8499999999999996,0.2642815,0.022104444444444565,0.046156790123458059,0.27371400000000001,0.019913055555555569,-0.034935185185184993,6.8499999999999996,0.25930800000000004,-0.031918055555555616,0.18944398148147812,0.26170900000000002,-0.017435833333333133,0.2561913580246889,,,,,,,,6.8499999999999996,0.31984750000000001,-0.19589111111111138,-0.44007746913580875,0.21969150000000001,0.2094205555555558,0.51264737654321657,6.8499999999999996,0.2316965,-0.17340555555555581,0.23740046296295847,0.32070499999999996,0.14472694444444481,-0.50010246913579548,6.8499999999999996,0.25724999999999998,-0.2296194444444449,0.079609876543205213,0.29566599999999998,0.2357172222222228,-0.28334552469134927
,,,,,,,,,,,,,,6.8999999999999995,0.29292200000000002,-0.024200555555555475,-0.34532901234567986,0.26668249999999999,-0.012671944444444439,-0.04917391975308677,6.8999999999999995,0.24370149999999999,-0.11757277777777818,0.19801898148148245,0.30544150000000003,-0.01514916666666657,-0.34067098765432385,6.8999999999999995,0.26239499999999999,0.049925555555555806,0.12216728395061839,0.26085150000000001,0.04516166666666676,0.17848703703703492,6.8999999999999995,0.26805449999999997,0.000285833333333227,-0.18039259259259055,0.278173,-0.0045733333333335064,-0.11496851851851823,6.8999999999999995,0.2653105,0.025248611111111346,0.038852160493826032,0.27491450000000001,0.018579166666666553,-0.046580246913579183,6.8999999999999995,0.257936,-0.021056388888889239,0.20373564814814793,0.26102300000000001,-0.0043827777777778708,0.26873626543209705,,,,,,,,6.8999999999999995,0.30938599999999999,-0.21628055555555625,-0.35575663580246913,0.23101050000000001,0.23371638888888935,0.4053540123456803,6.8999999999999995,0.22329299999999999,-0.16092416666666706,0.33569537037037112,0.32722200000000001,0.11823972222222286,-0.54160123456790144,6.8999999999999995,0.24558799999999997,-0.22361694444444483,0.18187469135802703,0.30698500000000001,0.21809083333333409,-0.38682777777777955
,,,,,,,,,,,,,,6.9499999999999993,0.29120699999999999,-0.040302500000000047,-0.30208348765432042,0.26599650000000002,-0.015053888888888969,-0.0084691358024678292,6.9499999999999993,0.23821349999999999,-0.10423388888888901,0.28715663580247364,0.30406949999999999,-0.032394444444444642,-0.29520231481481574,6.9499999999999993,0.26513900000000001,0.056023333333333571,0.071934722222219652,0.26376700000000003,0.05421305555555548,0.12449629629629254,6.9499999999999993,0.26771149999999999,-0.008956111111111123,-0.21389861111110817,0.27782999999999997,-0.012290833333333299,-0.15477345679012131,6.9499999999999993,0.26685400000000004,0.027344722222222267,0.0089455246913539965,0.27560049999999997,0.016197222222222366,-0.073310956790122062,6.9499999999999993,0.25724999999999998,-0.010766388888888994,0.20130077160494056,0.2611945,0.0099088888888888543,0.26608966049382615,,,,,,,,6.9499999999999993,0.29806699999999997,-0.23238250000000035,-0.25169212962962045,0.24335849999999998,0.25105694444444487,0.27148873456789396,6.9499999999999993,0.2155755,-0.1452033333333336,0.51778179012346282,0.33253850000000001,0.090799722222222601,-0.58452916666667187,6.9499999999999993,0.23461200000000001,-0.21132611111111124,0.28271033950617946,0.31761800000000001,0.1961769444444447,-0.47395401234568668
,,,,,,,,,,,,,,6.9999999999999991,0.28880600000000001,-0.054213055555555327,-0.25857330246913374,0.26496749999999997,-0.013434166666666483,0.034088271604939831,6.9999999999999991,0.23324,-0.088417777777777498,0.36417283950617457,0.30184,-0.044113611111111041,-0.24756342592592448,6.9999999999999991,0.26822600000000002,0.057452499999999747,0.016091358024689285,0.266511,0.058500555555555091,0.057801851851849627,6.9999999999999991,0.26719699999999996,-0.019722499999999699,-0.27074768518518239,0.27697250000000001,-0.020961111111110802,-0.17139413580246854,6.9999999999999991,0.26822600000000002,0.026106111111110636,-0.022654938271606483,0.27662950000000003,0.011909722222222398,-0.10930478395061753,6.9999999999999991,0.256907,-0.001238611111111073,0.20098317901234675,0.26205200000000001,0.023247777777777579,0.24025879629629476,,,,,,,,6.9999999999999991,0.28589049999999999,-0.24229138888888793,-0.13037175925925296,0.25639250000000002,0.26125166666666594,0.12555493827159686,6.9999999999999991,0.20751499999999998,-0.10718749999999953,0.65397608024691545,0.33648300000000003,0.059643888888888823,-0.62078765432099059,6.9999999999999991,0.22432199999999999,-0.19503361111111051,0.37772345679012598,0.32670749999999998,0.17083305555555506,-0.55769259259259407
,,,,,,,,,,,,,,7.0499999999999998,0.285719,-0.066122777777777489,-0.21432206790123565,0.26462450000000004,-0.010575833333333035,0.059231018518516788,7.0499999999999998,0.22912399999999999,-0.067456666666666443,0.42684444444444264,0.29978199999999999,-0.055737499999999919,-0.20844660493827205,7.0499999999999998,0.27096999999999999,0.056690277777777576,-0.024242901234565305,0.2697695,0.059358055555555102,0.00095277777778065773,7.0499999999999998,0.26599650000000002,-0.035633888888888458,-0.33246651234568092,0.27577200000000002,-0.030298333333333247,-0.16731836419753335,7.0499999999999998,0.26942649999999996,0.024772222222221973,-0.049650308641972091,0.27697250000000001,0.0041922222222222109,-0.12401990740740816,7.0499999999999998,0.25707849999999999,0.0090513888888889508,0.20204182098765452,0.26359549999999998,0.034776388888888655,0.19426080246913682,,,,,,,,7.0499999999999998,0.27354250000000002,-0.24514972222222142,-0.012862500000007391,0.2697695,0.26391944444444337,-0.024825154320982524,7.0499999999999998,0.20494250000000003,-0.069457499999999617,0.60353179012345304,0.33854100000000004,0.027535277777777534,-0.63163873456790109,7.0499999999999998,0.21488950000000001,-0.17340555555555501,0.46829027777777177,0.3349395,0.14034416666666649,-0.63354429012345148
,,,,,,,,,,,,,,7.0999999999999996,0.28211750000000002,-0.075936388888888928,-0.16451296296296589,0.26393850000000002,-0.0075269444444444993,0.080827314814811688,7.0999999999999996,0.22638,-0.043923055555555472,0.45357515432098677,0.29669499999999999,-0.072030000000000136,-0.05653148148148316,7.0999999999999996,0.2738855,0.055165833333333615,-0.066800308641973019,0.27251349999999996,0.057928888888888842,-0.043563117283945539,7.0999999999999996,0.26376700000000003,-0.054594166666666888,-0.36131450617284383,0.2738855,-0.038396944444444643,-0.14979783950617523,7.0999999999999996,0.2707985,0.021342222222222415,-0.076539814814813131,0.27697250000000001,-0.0021913888888888421,-0.10660524691358182,7.0999999999999996,0.25776450000000001,0.019817777777777865,0.18563287037037104,0.26565349999999999,0.043256111111111127,0.13386527777778071,,,,,,,,7.0999999999999996,0.2611945,-0.24305361111111159,0.094536728395053241,0.28314649999999997,0.258202777777778,-0.1614429012345584,7.0999999999999996,0.20151250000000001,-0.047067222222222288,0.53884876543209648,0.339227,-0.0044780555555557324,-0.62052299382716081,7.0999999999999996,0.20682900000000001,-0.14777583333333366,0.54948811728394675,0.34094200000000002,0.10556777777777808,-0.67059675925925777
,,,,,,,,,,,,,,7.1499999999999995,0.27800150000000001,-0.082891666666666863,-0.10665817901234594,0.26376700000000003,-0.0026677777777780166,0.10252947530864094,7.1499999999999995,0.22483650000000002,-0.021532777777777779,0.4658554012345677,0.2910355,-0.061644722222222455,0.085644135802470212,7.1499999999999995,0.27662950000000003,0.050497222222222443,-0.11703287037037173,0.27560049999999997,0.055165833333333671,-0.088820061728392921,7.1499999999999995,0.26050849999999998,-0.073363888888889117,-0.35385108024691392,0.2718275,-0.044780555555555872,-0.14037592592592432,7.1499999999999995,0.27165600000000001,0.016197222222222196,-0.084850154320988455,0.27662950000000003,-0.006478888888889033,-0.086120524691359654,7.1499999999999995,0.25913649999999999,0.028869166666666789,0.14646311728395048,0.26805449999999997,0.048305833333333548,0.070876080246914497,,,,,,,,7.1499999999999995,0.24901799999999999,-0.23533611111111172,0.19309629629629699,0.29583749999999998,0.24619777777777838,-0.26709537037036879,7.1499999999999995,0.19979750000000002,-0.019531944444444466,0.54191882716049333,0.33802650000000001,-0.035157500000000057,-0.59188672839506207,7.1499999999999995,0.19996899999999998,-0.11852555555555579,0.63200925925926144,0.34540100000000001,0.071934722222222469,-0.67917175925926243
,,,,,,,,,,,,,,7.1999999999999993,0.27371400000000001,-0.086702777777777837,-0.044674691358021906,0.26359549999999998,0.003620555555555377,0.11131620370370467,7.1999999999999993,0.2241505,0.0021913888888888552,0.48332299382716015,0.29052099999999997,-0.051354722222222336,0.024613425925929577,7.1999999999999993,0.27903050000000001,0.04344666666666671,-0.16731836419753365,0.278173,0.04916333333333358,-0.1348709876543229,7.1999999999999993,0.25639250000000002,-0.091085555555555586,-0.31928641975308408,0.26942649999999996,-0.051354722222222128,-0.14683364197530463,7.1999999999999993,0.27234199999999997,0.012195555555555527,-0.080509722222222746,0.27628649999999999,-0.0097183333333334902,-0.082785802469136305,7.1999999999999993,0.26085150000000001,0.034204722222222261,0.10935771604938167,0.27062700000000001,0.050020833333333466,0.01646188271604751,,,,,,,,7.1999999999999993,0.2375275,-0.22371222222222253,0.28689197530864924,0.30784249999999996,0.23104861111111155,-0.36099691358025304,7.1999999999999993,0.19962600000000003,0.007336388888888744,0.56319753086419677,0.33562550000000002,-0.063740833333333455,-0.55546944444444302,7.1999999999999993,0.19482400000000002,-0.084416111111111095,0.70150910493827434,0.34814500000000004,0.037825277777777694,-0.68621172839506483
,,,,,,,,,,,,,,7.2499999999999991,0.26925500000000002,-0.088036666666666277,0.027948148148148583,0.2642815,0.0080986111111111033,0.12560787037037049,7.2499999999999991,0.22500800000000001,0.027058888888888761,0.49533858024691169,0.28709099999999999,-0.059262777777777435,-0.034511728395058672,7.2499999999999991,0.28108850000000002,0.033537777777777604,-0.21220478395061806,0.28057399999999999,0.04154111111111105,-0.17721666666666794,7.2499999999999991,0.25124750000000001,-0.10566305555555534,-0.27175339506172569,0.26685400000000004,-0.060406111111110695,-0.13407700617283805,7.2499999999999991,0.2728565,0.0084797222222221889,-0.080986111111111245,0.27577200000000002,-0.01476805555555573,-0.079609876543209043,7.2499999999999991,0.26256649999999998,0.03868277777777776,0.088714197530862696,0.27319949999999998,0.048782222222222026,-0.01709706790123534,,,,,,,,7.2499999999999991,0.22638,-0.20627638888888833,0.37216558641975661,0.31916149999999999,0.21056388888888841,-0.45955648148148431,7.2499999999999991,0.20082649999999999,0.031822777777777547,0.66652098765431911,0.331681,-0.091752499999999793,-0.49809104938271248,7.2499999999999991,0.19139400000000001,-0.048019999999999868,0.74724243827160219,0.34917399999999998,0.0038111111111109913,-0.69738040123456579
,,,,,,,,,,,,,,7.2999999999999998,0.26462450000000004,-0.083558611111110959,0.092842901234563055,0.2642815,0.014768055555555432,0.15959027777777721,7.2999999999999998,0.2268945,0.051545277777777586,0.50555447530864261,0.28451850000000001,-0.065455833333332991,0.075639969135800608,7.2999999999999998,0.2824605,0.021723333333333223,-0.24512854938271497,0.2824605,0.030965277777777748,-0.20966404320987586,7.2999999999999998,0.24575949999999999,-0.11814444444444409,-0.21987993827160682,0.2632525,-0.066694444444444265,-0.085432407407409552,7.2999999999999998,0.27319949999999998,0.0045733333333332045,-0.089614043209875274,0.27474299999999996,-0.018483888888888956,-0.061930555555554399,7.2999999999999998,0.26462450000000004,0.044018333333333139,0.051820524691358394,0.27542899999999998,0.047924722222222216,-0.044039506172838104,,,,,,,,7.2999999999999998,0.216776,-0.18541055555555508,0.44023626543209354,0.32910849999999997,0.18493416666666632,-0.55202885802468538,7.2999999999999998,0.201684,0.07479305555555528,0.74099645061728525,0.32619300000000001,-0.11452388888888855,-0.42313919753086532,7.2999999999999998,0.18950750000000002,-0.0038111111111113149,0.69108148148147952,0.34865950000000001,-0.032394444444444177,-0.69542191358024763
,,,,,,,,,,,,,,7.3499999999999996,0.26085150000000001,-0.077365555555555951,0.13307129629629255,0.265482,0.026010833333333174,0.15953734567901415,7.3499999999999996,0.22998150000000001,0.078794722222222349,0.48925138888889358,0.2793735,-0.052593333333333346,0.2025182098765409,7.3499999999999996,0.28331800000000001,0.008479722222222227,-0.26524274691358102,0.283661,0.020103611111111183,-0.23163086419753121,7.3499999999999996,0.23941400000000002,-0.12900611111111124,-0.1409581790123513,0.259994,-0.069076388888888854,-0.033241358024694787,7.3499999999999996,0.27337099999999998,-0.00038111111111106024,-0.099935802469133819,0.2738855,-0.021342222222222259,-0.03572916666666618,7.3499999999999996,0.26719699999999996,0.044971111111111135,-0.005081481481479147,0.27800150000000001,0.046114444444444597,-0.097342129629629626,,,,,,,,7.3499999999999996,0.20785799999999999,-0.16321083333333358,0.52582746913579781,0.33785500000000002,0.15463583333333375,-0.62851574074073646,7.3499999999999996,0.20837249999999999,0.11652472222222245,0.6267160493827223,0.320019,-0.13281722222222234,-0.36655478395062269,7.3499999999999996,0.19207999999999997,0.022866666666666629,0.60713117283950979,0.34591550000000004,-0.067837777777778108,-0.6521763888888964
,,,,,,,,,,,,,,7.3999999999999995,0.256907,-0.07050555555555596,0.17509938271604997,0.26719699999999996,0.032203888888888955,0.13275370370370645,7.3999999999999995,0.234955,0.10251888888888927,0.43113194444444741,0.27903050000000001,-0.034395277777777851,0.14625138888888797,7.3999999999999995,0.28331800000000001,-0.0052402777777779538,-0.2734472222222234,0.28451850000000001,0.0079080555555556022,-0.25089814814815009,7.3999999999999995,0.23255400000000001,-0.1332936111111116,-0.042663271604940912,0.25622100000000003,-0.068790555555555702,-0.00095277777778152422,7.3999999999999995,0.27319949999999998,-0.0060977777777775424,-0.09713040123456762,0.27251349999999996,-0.022009166666666701,-0.0094748456790118198,7.3999999999999995,0.26925500000000002,0.042875000000000309,-0.054520061728395609,0.2804025,0.03792055555555552,-0.14535154320987739,,,,,,,,7.3999999999999995,0.2001405,-0.13424638888888923,0.63518518518518541,0.34471499999999999,0.12071694444444486,-0.67795432098765496,7.3999999999999995,0.2145465,0.1373905555555561,0.49719120370370656,0.31298750000000003,-0.15101527777777815,-0.31145246913580632,7.3999999999999995,0.19190850000000001,0.047638888888889182,0.67588996913580657,0.34162799999999999,-0.098421944444445297,-0.58982237654321301
,,,,,,,,,,,,,,7.4499999999999993,0.2536485,-0.06040611111111141,0.22252654320987994,0.26874049999999999,0.037634722222222479,0.12941898148148212,7.4499999999999993,0.24044300000000002,0.12186027777777818,0.36406697530864052,0.277144,-0.036396111111111275,0.045839197530864961,7.4499999999999993,0.28280349999999999,-0.019150833333333478,-0.27143580246913512,0.28451850000000001,-0.0055261111111112732,-0.25312129629629759,7.4499999999999993,0.2258655,-0.13243611111111156,0.040863580246915714,0.25313400000000003,-0.068218888888889356,0.018102777777776382,7.4499999999999993,0.27268500000000001,-0.010480555555555321,-0.083950308641978513,0.27165600000000001,-0.021913888888888899,0.01000416666666761,7.4499999999999993,0.27148450000000002,0.039540277777777702,-0.10316466049382965,0.28177449999999998,0.02934555555555551,-0.15715540123456692,,,,,,,,7.4499999999999993,0.19413800000000001,-0.098898333333333685,0.73136280864197889,0.34986,0.086893333333333822,-0.72204675925926354,7.4499999999999993,0.22174950000000002,0.16178166666666707,0.43420200617283733,0.30475550000000001,-0.16540222222222276,-0.23216018518518422,7.4499999999999993,0.19568150000000001,0.091276111111111433,0.73231558641975403,0.33596849999999995,-0.12624305555555612,-0.53233811728394653
,,,,,,,,,,,,,,7.4999999999999991,0.25073299999999998,-0.047543611111111168,0.25439166666667062,0.2707985,0.045256944444444509,0.12232608024691227,7.4999999999999991,0.2471315,0.13967722222222234,0.27646435185184642,0.275086,-0.034966944444444419,0.02170216049382917,7.4999999999999991,0.2814315,-0.033251944444444438,-0.24957484567901025,0.28400399999999998,-0.019055555555555648,-0.22109737654320863,7.4999999999999991,0.21917700000000001,-0.12814861111111134,0.10655231481482003,0.24953249999999999,-0.068885833333333771,0.072040586419756289,7.4999999999999991,0.27217050000000004,-0.01476805555555577,-0.062777469135806174,0.27028399999999997,-0.020865833333333306,0.028900925925927485,7.4999999999999991,0.27337099999999998,0.032775555555555481,-0.1495861111111125,0.28314649999999997,0.023152500000000232,-0.18219228395061635,,,,,,,,7.4999999999999991,0.19019349999999999,-0.0598344444444446,0.78715324074074511,0.35363300000000003,0.048686944444444623,-0.76163996913580834,7.4999999999999991,0.23083899999999999,0.1821711111111112,0.35766219135801941,0.29618050000000001,-0.174167777777778,-0.15165046296295723,7.4999999999999991,0.20151250000000001,0.12748166666666685,0.67657808641974937,0.32893699999999998,-0.15168222222222236,-0.47157206790122608
,,,,,,,,,,,,,,7.5499999999999989,0.2488465,-0.033537777777777548,0.25846743827160523,0.27337099999999998,0.05097361111111106,0.0944837962962954,7.5499999999999989,0.2546775,0.151110555555555,0.16001373456789822,0.27354250000000002,-0.033251944444444327,-0.011274537037035662,7.5499999999999989,0.2793735,-0.045066388888888642,-0.20722916666666533,0.2824605,-0.029345555555555448,-0.15794938271604705,7.5499999999999989,0.213003,-0.12157444444444414,0.16938271604938548,0.24593099999999998,-0.063264444444444401,0.1645129629629665,7.5499999999999989,0.27114149999999998,-0.017435833333333702,-0.029483179012345439,0.269598,-0.019531944444444144,0.055578703703703027,7.5499999999999989,0.27491450000000001,0.023152499999999843,-0.16737129629629599,0.28434700000000002,0.012386111111111322,-0.22427330246913665,,,,,,,,7.5499999999999989,0.18796399999999999,-0.018483888888888782,0.78561820987654263,0.35483350000000002,0.0086702777777775859,-0.76163996913580323,7.5499999999999989,0.24027149999999997,0.19732027777777728,0.28731543209876259,0.28726250000000003,-0.1801702777777773,-0.075904629629626658,7.5499999999999989,0.2087155,0.15901861111111068,0.60215555555555067,0.32070499999999996,-0.17435833333333259,-0.39196219135801863
,,,,,,,,,,,,,,7.5999999999999996,0.24747450000000001,-0.021151666666666624,0.25206265432098557,0.27594350000000001,0.055356388888888906,0.050232561728395277,7.5999999999999996,0.26256649999999998,0.15549333333333296,0.046580246913584956,0.27199899999999999,-0.035824444444444214,-0.034035339506173261,7.5999999999999996,0.27680100000000002,-0.054117777777777577,-0.15853163580247151,0.28074549999999998,-0.033633055555555381,-0.11359228395061631,7.5999999999999996,0.2070005,-0.11318999999999969,0.26365478395061426,0.24284399999999998,-0.050687777777777589,0.22914305555555581,7.5999999999999996,0.27028399999999997,-0.017340555555555685,-0.0026466049382688275,0.26822600000000002,-0.016197222222222224,0.094007407407404306,7.5999999999999996,0.27560049999999997,0.014672777777777654,-0.1586904320987638,0.28451850000000001,-0.00085749999999995086,-0.23676527777778064,,,,,,,,7.5999999999999996,0.18796399999999999,0.027154166666666698,0.63783179012345537,0.354319,-0.028583333333333402,-0.73718533950617227,7.5999999999999996,0.25056149999999999,0.21094499999999972,0.20791728395062137,0.27800150000000001,-0.18198055555555528,0.002911265432094317,7.5999999999999996,0.21746200000000002,0.18731611111111066,0.52169876543210136,0.31127250000000001,-0.19169888888888806,-0.29530817901235201
,,,,,,,,,,,,,,7.6499999999999995,0.24678849999999999,-0.009337222222222356,0.26069058641975346,0.27903050000000001,0.056690277777777798,-0.0096865740740733324,7.6499999999999995,0.27045550000000002,0.15425472222222261,-0.042081018518514583,0.26994100000000004,-0.037539444444444396,-0.032341512345681445,7.6499999999999995,0.2738855,-0.060882500000000207,-0.10835200617284269,0.27920200000000001,-0.03887333333333317,-0.098083179012346464,7.6499999999999995,0.2011695,-0.09527777777777803,0.36083811728394899,0.24095749999999999,-0.038301666666666588,0.25762052469135699,7.6499999999999995,0.26942649999999996,-0.017054722222222107,0.012121450617285826,0.26771149999999999,-0.0081938888888890872,0.098400771604937334,7.6499999999999995,0.27628649999999999,0.0078127777777778178,-0.15625555555555459,0.28417550000000003,-0.012862500000000282,-0.21744506172839839,,,,,,,,7.6499999999999995,0.19225150000000002,0.045733333333333438,0.49216265432098755,0.35191800000000001,-0.064407777777777994,-0.71569490740741049,7.6499999999999995,0.26153750000000003,0.21980583333333373,0.095383641975312558,0.26891199999999998,-0.17997972222222258,0.082574074074069567,7.6499999999999995,0.22758050000000002,0.21199305555555581,0.42536234567901904,0.30132550000000002,-0.20379916666666717,-0.20055972222223176
,,,,,,,,,,,,,,7.6999999999999993,0.24644549999999998,0.0040016666666667462,0.28001080246913729,0.28177449999999998,0.054213055555555667,-0.066588580246913096,7.6999999999999993,0.27800150000000001,0.15101527777777807,-0.12518441358024887,0.268569,-0.043541944444444557,0.039963734567899409,7.6999999999999993,0.27062700000000001,-0.065265277777778144,-0.053249691358023404,0.27697250000000001,-0.045161666666666572,-0.053037962962964619,7.6999999999999993,0.19739649999999997,-0.074507222222222322,0.42054552469136014,0.23907100000000001,-0.026201388888889,0.30319506172839472,7.6999999999999993,0.268569,-0.016292499999999877,0.026413117283950308,0.26771149999999999,-0.0051450000000001763,0.081674228395063594,7.6999999999999993,0.27645799999999998,-0.0002858333333333178,-0.16408950617283913,0.28314649999999997,-0.0230572222222226,-0.18420370370370384,,,,,,,,7.6999999999999993,0.1925945,0.063073888888888846,0.5780185185185186,0.34797349999999999,-0.10089916666666709,-0.67869537037037109,7.6999999999999993,0.2728565,0.22152083333333361,-0.038693364197531957,0.25982250000000001,-0.17359611111111153,0.15932561728395084,7.6999999999999993,0.23889949999999999,0.23085805555555616,0.30700617283950649,0.29069249999999996,-0.21113555555555638,-0.11915015432098612
,,,,,,,,,,,,,,7.7499999999999991,0.24696000000000001,0.020865833333333444,0.25846743827160418,0.28451850000000001,0.049735000000000147,-0.11555077160493911,7.7499999999999991,0.285719,0.14339305555555557,-0.23364228395062148,0.26462450000000004,-0.033347222222222334,0.09278996913580094,7.7499999999999991,0.26719699999999996,-0.066122777777777794,0.0005293209876590547,0.27440000000000003,-0.045923888888888868,0.022919598765429944,7.7499999999999991,0.19396650000000001,-0.055451666666666566,0.51365308641975449,0.23804199999999998,-0.0084797222222222877,0.35522731481481568,7.7499999999999991,0.26771149999999999,-0.014101111111111236,0.033611882716049916,0.26719699999999996,-0.0019055555555554625,0.095277777777780306,7.7499999999999991,0.27628649999999999,-0.0088608333333333178,-0.16620679012345529,0.28177449999999998,-0.03096527777777798,-0.15334429012345424,,,,,,,,7.7499999999999991,0.19722499999999998,0.10251888888888892,0.69012870370370238,0.34162799999999999,-0.13357944444444478,-0.61655308641974771,7.7499999999999991,0.28400399999999998,0.21561361111111135,-0.16890632716049883,0.251419,-0.16359194444444489,0.22464382716049955,7.7499999999999991,0.25090450000000003,0.24343472222222254,0.17377608024690538,0.28005949999999996,-0.21447027777777791,-0.063200925925916404
,,,,,,,,,,,,,,7.7999999999999989,0.2488465,0.03210861111111097,0.19436666666666477,0.28691949999999999,0.041826944444444437,-0.14900385802469204,7.7999999999999989,0.29275049999999997,0.12738638888888851,-0.3349013888888886,0.26513900000000001,-0.023438333333333689,-0.040069598765432583,7.7999999999999989,0.26393850000000002,-0.064788888888888396,0.048485802469137002,0.27217050000000004,-0.042112777777777964,0.087920216049380787,7.7999999999999989,0.19122250000000002,-0.025153333333333288,0.63354429012345381,0.23821349999999999,0.010099444444444451,0.39137993827160439,7.7999999999999989,0.26719699999999996,-0.012386111111110987,0.030859413580248924,0.26736850000000001,0.0039063888888891084,0.11523317901234541,7.7999999999999989,0.27560049999999997,-0.017816944444444146,-0.15022129629629491,0.28005949999999996,-0.038396944444444435,-0.12227314814814468,,,,,,,,7.7999999999999989,0.20305599999999999,0.13977249999999961,0.67096728395061367,0.33442499999999997,-0.16197222222222171,-0.55785138888888142,7.7999999999999989,0.29463699999999998,0.20379916666666623,-0.28159876543210161,0.24335849999999998,-0.15072944444444406,0.2757762345679059,7.7999999999999989,0.26359549999999998,0.24800805555555472,0.0441453703703647,0.26925500000000002,-0.21742388888888806,-0.0066165123456740907
,,,,,,,,,,,,,,7.8499999999999996,0.25039,0.03887333333333317,0.14995663580246954,0.28863450000000002,0.034300000000000067,-0.17351141975308773,7.8499999999999996,0.2985815,0.10785444444444438,-0.39789058641974906,0.26359549999999998,-0.036205555555555803,-0.17864583333333059,7.8499999999999996,0.26068000000000002,-0.061739999999999795,0.10448796296295888,0.27011249999999998,-0.035919722222222415,0.13111280864197492,7.8499999999999996,0.191051,0.012862499999999838,0.67170833333333102,0.23889949999999999,0.031727499999999929,0.40413657407407461,7.8499999999999996,0.266511,-0.011338055555555213,0.032923765432098288,0.26754,0.010575833333333373,0.11655648148147979,7.8499999999999996,0.27440000000000003,-0.024676944444444199,-0.11740339506173021,0.27782999999999997,-0.043637222222222022,-0.082150617283948971,,,,,,,,7.8499999999999996,0.21145949999999999,0.17302444444444398,0.56907299382716381,0.32550699999999999,-0.19026972222222135,-0.47887669753086781,7.8499999999999996,0.30458400000000002,0.18683972222222178,-0.37867623456789695,0.23615549999999999,-0.13462749999999948,0.30255987654320726,7.8499999999999996,0.27594350000000001,0.24657888888888813,-0.066218055555548952,0.25810749999999999,-0.21561361111111041,0.069499845679005745
,,,,,,,,,,,,,,7.8999999999999995,0.2526195,0.046495555555555512,0.11618595679012626,0.29034950000000004,0.026010833333333139,-0.22183842592592815,7.8999999999999995,0.30355500000000002,0.086798055555555712,-0.44124197530864051,0.26188049999999996,-0.053736666666666759,-0.10655231481481202,7.8999999999999995,0.25759300000000002,-0.054880000000000262,0.1684299382716026,0.268569,-0.028678611111111304,0.16446003086419952,7.8999999999999995,0.193109,0.042779722222222157,0.69018163580247183,0.24147199999999999,0.051926388888889043,0.38735709876543539,7.8999999999999995,0.26599650000000002,-0.0091466666666666363,0.036523148148146063,0.26839750000000001,0.017531111111111129,0.080774382716048143,7.8999999999999995,0.27302799999999999,-0.029250277777777847,-0.0870733024691384,0.27560049999999997,-0.046495555555555436,-0.040545987654321131,,,,,,,,7.8999999999999995,0.22072049999999999,0.19722500000000034,0.43949521604939007,0.31504550000000003,-0.21113555555555588,-0.37354182098766481,7.8999999999999995,0.313502,0.1653069444444446,-0.46114444444444019,0.22998150000000001,-0.11947833333333335,0.32532067901234113,7.8999999999999995,0.28829149999999998,0.24200555555555595,-0.18764429012344866,0.24781750000000002,-0.2134222222222226,0.20325925925925134
,,,,,,,,,,,,,,7.9499999999999993,0.25519199999999997,0.050973611111111324,0.076698611111113577,0.29154999999999998,0.012004999999999688,-0.26561327160493797,7.9499999999999993,0.30732799999999999,0.063931388888889065,-0.48168209876543272,0.25707849999999999,-0.053355555555555371,0.077492592592594806,7.9499999999999993,0.25502049999999998,-0.04420888888888902,0.21850370370370464,0.26719699999999996,-0.02010361111111111,0.20320632716049722,7.9499999999999993,0.19499549999999999,0.078413611111111184,0.75465293209876971,0.24421599999999999,0.069933888888889281,0.37396527777777933,7.9499999999999993,0.26565349999999999,-0.0078127777777778247,0.042822067901233725,0.269598,0.01886499999999984,0.038746296296296258,7.9499999999999993,0.27148450000000002,-0.033347222222222306,-0.056266820987655612,0.27319949999999998,-0.048591666666666498,0.016461882716048395,,,,,,,,7.9499999999999993,0.23135349999999999,0.21647111111111175,0.31743379629629775,0.30424099999999998,-0.2276186111111119,-0.26333719135802841,7.9499999999999993,0.32121949999999999,0.14053472222222252,-0.53620216049382641,0.22449350000000001,-0.10661583333333362,0.4296498456790106,7.9499999999999993,0.30046800000000001,0.22971472222222281,-0.33691280864197498,0.23615549999999999,-0.19855888888888948,0.38952731481481478
,,,,,,,,,,,,,,7.9999999999999991,0.25776450000000001,0.054117777777778132,0.03742299382715944,0.29154999999999998,-0.0025724999999999962,-0.27080061728394894,7.9999999999999991,0.31007200000000001,0.0384922222222224,-0.51492345679012519,0.25536350000000002,-0.032394444444444323,0.048274074074074025,7.9999999999999991,0.25313400000000003,-0.032108611111111178,0.24825154320987794,0.26633950000000001,-0.0075269444444442217,0.2232675925925944,7.9999999999999991,0.20048349999999998,0.12157444444444476,0.76132237654321144,0.24833200000000002,0.089561111111111438,0.35252777777777511,7.9999999999999991,0.26513900000000001,-0.0050497222222221872,0.051555864197530055,0.27028399999999997,0.019722500000000035,0.024189969135803388,7.9999999999999991,0.269598,-0.035252777777778001,-0.018843827160492928,0.27045550000000002,-0.045161666666666635,0.076963271604936628,,,,,,,,7.9999999999999991,0.24267250000000001,0.22847611111111146,0.20611759259258855,0.2920645,-0.23828972222222289,-0.13651188271604431,7.9999999999999991,0.32773649999999999,0.11157027777777813,-0.60427283950617516,0.21866250000000001,-0.081176666666666994,0.60146743827160687,7.9999999999999991,0.31178699999999998,0.20684805555555588,-0.45754506172839965,0.22723750000000001,-0.16978500000000027,0.49052175925926361
,,,,,,,,,,,,,,8.0499999999999989,0.26068000000000002,0.055070555555555477,-0.0074104938271623878,0.29120699999999999,-0.015720833333333208,-0.25852037037036996,8.0499999999999989,0.31127250000000001,0.011147500000000058,-0.52132824074074113,0.25587799999999999,-0.043923055555555417,-0.054837654320988617,8.0499999999999989,0.25176199999999999,-0.01876972222222224,0.26090231481481507,0.266511,0.0040016666666668511,0.20918765432098607,8.0499999999999989,0.2076865,0.15673194444444435,0.7236876543209857,0.25330550000000002,0.10652055555555529,0.30446543209876265,8.0499999999999989,0.26513900000000001,-0.0020961111111113093,0.049068055555555608,0.27148450000000002,0.02143749999999996,0.0081515432098774598,8.0499999999999989,0.26788299999999998,-0.035252777777777654,0.019214351851852846,0.268569,-0.039063888888888974,0.10554660493827044,,,,,,,,8.0499999999999989,0.25433449999999996,0.2364794444444441,0.10792854938271446,0.28005949999999996,-0.24086222222222198,-0.01709706790122853,8.0499999999999989,0.33253850000000001,0.078985277777777863,-0.6486299382716062,0.21540399999999998,-0.038778055555555635,0.62920385802469203,8.0499999999999989,0.32121949999999999,0.1809324999999998,-0.52281033950617373,0.21952000000000002,-0.14501277777777771,0.50687777777777898
,,,,,,,,,,,,,,8.0999999999999996,0.26342399999999999,0.052974444444444525,-0.044092438271606117,0.2900065,-0.028964444444444518,-0.23358935185185326,8.0999999999999996,0.31110100000000002,-0.014768055555555486,-0.50285493827160688,0.25090450000000003,-0.052879166666666803,0.081515432098764218,8.0999999999999996,0.25124750000000001,-0.0053355555555555005,0.25661481481481441,0.26685400000000004,0.013529444444444436,0.18854413580246723,8.0999999999999996,0.21609,0.19246111111111142,0.6894935185185167,0.25913649999999999,0.12014527777777784,0.24528734567901234,8.0999999999999996,0.26496749999999997,9.5277777777773016e-05,0.041339969135804226,0.27251349999999996,0.021342222222222314,-0.018737962962961582,8.0999999999999996,0.26599650000000002,-0.033347222222222229,0.057695987654320095,0.26668249999999999,-0.034490555555555753,0.13010709876543389,,,,,,,,8.0999999999999996,0.266511,0.2395283333333337,0.0059283950617282895,0.26788299999999998,-0.23981416666666666,0.096442283950621169,8.0999999999999996,0.33562550000000002,0.045828611111111132,-0.67255524691358159,0.2155755,-0.0096230555555556208,0.49586790123456953,8.0999999999999996,0.32979449999999999,0.15492166666666693,-0.58632885802469203,0.21283149999999998,-0.12081222222222238,0.53890169753086559
,,,,,,,,,,,,,,8.1499999999999986,0.26599650000000002,0.049925555555555591,-0.067964814814818197,0.28811999999999999,-0.038682777777777962,-0.21448086419753018,8.1499999999999986,0.30972900000000003,-0.039254444444444599,-0.47617716049382769,0.24901799999999999,-0.036777222222222322,0.23443626543210017,8.1499999999999986,0.25124750000000001,0.0075269444444442729,0.24004706790123387,0.26788299999999998,0.022390277777777728,0.17144706790123257,8.1499999999999986,0.22672300000000001,0.22933361111111117,0.57727746913579292,0.2653105,0.13234083333333344,0.15562037037036638,8.1499999999999986,0.26513900000000001,0.0022866666666668304,0.029800771604938419,0.27371400000000001,0.019531944444444733,-0.044251234567902531,8.1499999999999986,0.26445299999999999,-0.029155000000000125,0.089825771604937918,0.26496749999999997,-0.026868333333333175,0.1663126543209906,,,,,,,,8.1499999999999986,0.27851599999999999,0.23705111111111141,-0.097342129629637994,0.2557065,-0.23076277777777757,0.19987160493827849,8.1499999999999986,0.337169,0.011528611111111101,-0.68658225308641863,0.21506099999999997,0.0079080555555555553,0.40101358024691475,8.1499999999999986,0.33699750000000001,0.12328944444444456,-0.66106898148148507,0.20717200000000002,-0.092419444444444429,0.58770509259259451
,,,,,,,,,,,,,,8.1999999999999993,0.26839750000000001,0.046590833333332832,-0.096654012345679788,0.28623349999999997,-0.049734999999999842,-0.20532361111110953,8.1999999999999993,0.3071565,-0.062692777777777708,-0.43965401234567641,0.2471315,-0.017816944444444288,0.20717623456790005,8.1999999999999993,0.25210499999999997,0.018579166666666567,0.22416743827160449,0.26908350000000003,0.030869999999999745,0.14725709876543033,8.1999999999999993,0.23958550000000001,0.25467749999999828,0.37708827160493713,0.27268500000000001,0.13748583333333245,0.02948317901234648,8.1999999999999993,0.2653105,0.0025724999999999806,0.027101234567900191,0.27457150000000002,0.015625555555555434,-0.048221141975310501,8.1999999999999993,0.26308100000000001,-0.024391111111111159,0.12004999999999966,0.26393850000000002,-0.017721666666666306,0.1972249999999984,,,,,,,,8.1999999999999993,0.29034950000000004,0.2302863888888875,-0.2102992283950619,0.24473050000000002,-0.2187577777777763,0.28445709876542741,8.1999999999999993,0.33682600000000001,-0.023533611111110849,-0.68324753086419288,0.2162615,0.025534444444444509,0.39524398148148027,8.1999999999999993,0.34231400000000001,0.087560277777777251,-0.71299537037036542,0.203399,-0.060215555555555335,0.60723703703703302
,,,,,,,,,,,,,,8.25,0.2707985,0.040493055555555296,-0.12650771604937969,0.28314649999999997,-0.060310833333333452,-0.17536404320987761,8.25,0.30338349999999997,-0.084035000000000096,-0.38661604938271771,0.24833200000000002,-0.014672777777777818,0.14757469135802334,8.25,0.25313400000000003,0.028964444444444497,0.22189135802469187,0.27096999999999999,0.038587499999999782,0.095701234567903359,8.25,0.25279099999999999,0.26677777777777784,0.1666831790123591,0.2793735,0.13529444444444458,-0.10554660493826507,8.25,0.2653105,0.0042874999999999311,0.034882253086419943,0.275086,0.014577499999999874,-0.04785061728395032,8.25,0.26188049999999996,-0.016959444444444562,0.14376358024691549,0.26308100000000001,-0.0064788888888888995,0.21321049382715909,,,,,,,,8.25,0.30184,0.21656638888888882,-0.33045509259258421,0.2337545,-0.20351333333333346,0.38608672839505082,8.25,0.33476800000000001,-0.057643055555555406,-0.66027500000000339,0.21746200000000002,0.045638055555555647,0.43192592592592755,8.25,0.345744,0.050973611111111268,-0.74369598765431821,0.20134099999999999,-0.030584166666666749,0.6034259259259257
,,,,,,,,,,,,,,8.2999999999999989,0.27251349999999996,0.032966111111111147,-0.13688240740740401,0.28005949999999996,-0.067933055555555635,-0.13164212962962932,8.2999999999999989,0.2985815,-0.10175666666666679,-0.3215095679012368,0.24575949999999999,-0.013720000000000123,0.24941604938271653,8.2999999999999989,0.25484899999999999,0.041541111111110973,0.20209475308642122,0.27319949999999998,0.041255277777777842,0.028106944444446908,8.2999999999999989,0.266511,0.27058888888888966,-0.040493055555550231,0.28640500000000002,0.12729111111111144,-0.25830864197530656,8.2999999999999989,0.26565349999999999,0.0071458333333333833,0.023766512345679631,0.276115,0.012100277777777738,-0.066535648148146401,8.2999999999999989,0.26136599999999999,-0.0090513888888886871,0.14842160493827378,0.2632525,0.0055261111111111795,0.19346682098765414,,,,,,,,8.2999999999999989,0.31230150000000001,0.19617694444444478,-0.4294910493827131,0.22397900000000001,-0.18007500000000051,0.4799353395061699,8.2999999999999989,0.33099500000000004,-0.090132777777777895,-0.62126404320988216,0.220549,0.070981944444444681,0.43113194444444575,8.2999999999999989,0.34745900000000002,0.013053055555555809,-0.7643395061728423,0.20031199999999999,-0.00057166666666663907,0.60411404320987871
,,,,,,,,,,,,,,8.3499999999999996,0.274057,0.02601083333333359,-0.13042469135802329,0.27628649999999999,-0.073745000000000102,-0.079927469135799969,8.3499999999999996,0.29309350000000001,-0.11623888888888924,-0.24761635802469176,0.24541650000000001,0.012576666666666694,0.30870000000000064,8.3499999999999996,0.25742149999999997,0.051164166666666795,0.14423996913580428,0.27525749999999999,0.04011194444444463,-0.01842037037037058,8.3499999999999996,0.28023100000000001,0.26411000000000068,-0.27953441358025205,0.29240749999999999,0.11157027777777817,-0.46850200617284204,8.3499999999999996,0.26616800000000002,0.0075269444444445062,-0.0015879629629631917,0.27645799999999998,0.0069552777777779594,-0.069658641975307328,8.3499999999999996,0.26102300000000001,-0.0018102777777776267,0.14572206790123493,0.26393850000000002,0.012386111111111148,0.17679320987654243,,,,,,,,8.3499999999999996,0.32156249999999997,0.17235750000000036,-0.50301373456790377,0.2155755,-0.15330194444444492,0.5387429012345718,8.3499999999999996,0.32567850000000004,-0.12043111111111164,-0.56536774691358194,0.22483650000000002,0.091276111111111391,0.38153456790123225,8.3499999999999996,0.34711600000000004,-0.026010833333333382,-0.76788595679012805,0.2011695,0.030774722222222342,0.58733456790123573
,,,,,,,,,,,,,,8.3999999999999986,0.275086,0.019627222222222414,-0.11623888888888945,0.27251349999999996,-0.075650555555555429,-0.030965277777772599,8.3999999999999986,0.28691949999999999,-0.12814861111111142,-0.14259907407406894,0.24764600000000001,0.027821111111111019,0.19441959876543105,8.3999999999999986,0.26016549999999999,0.056499722222222437,0.074740123456788779,0.277144,0.039159166666666738,-0.057219598765435122,8.3999999999999986,0.29343649999999999,0.24495916666666676,-0.57796558641976381,0.29789550000000004,0.08422555555555572,-0.75216512345679609,8.3999999999999986,0.266511,0.0060024999999999358,-0.011062808641975048,0.27662950000000003,0.0046686111111113072,-0.066535648148148843,8.3999999999999986,0.2611945,0.0053355555555557451,0.1426520061728381,0.2642815,0.022294999999999968,0.17038842592592415,,,,,,,,8.3999999999999986,0.329623,0.14577500000000013,-0.56912592592593192,0.2087155,-0.12538555555555567,0.58532314814815456,8.3999999999999986,0.3188185,-0.14739472222222266,-0.49242731481480723,0.22981000000000001,0.10871194444444432,0.33558950617283401,8.3999999999999986,0.34488650000000004,-0.065265277777778283,-0.73887916666666431,0.20357049999999999,0.058976944444444596,0.55880416666666377
,,,,,,,,,,,,,,8.4499999999999993,0.27594350000000001,0.014768055555555678,-0.10729336419753137,0.26874049999999999,-0.076984444444443523,0.020484722222221217,8.4499999999999993,0.27988799999999997,-0.13176916666666597,-0.017679320987653058,0.24901799999999999,0.03001249999999971,0.11772098765432239,8.4499999999999993,0.2632525,0.057738333333333142,0.020961111111110139,0.2793735,0.034395277777777442,-0.093531018518519651,8.4499999999999993,0.30526999999999999,0.20961111111110989,-0.94187376543209389,0.30149700000000001,0.040683611111110608,-1.081296913580243,8.4499999999999993,0.26668249999999999,0.0056213888888889977,-0.0063518518518514725,0.27697250000000001,0.0012386111111111298,-0.077545524691358961,8.4499999999999993,0.26153750000000003,0.012481388888888814,0.13608842592592332,0.26616800000000002,0.031536944444444132,0.12587253086419647,,,,,,,,8.4499999999999993,0.33631149999999999,0.1153813888888882,-0.62983904320987338,0.20322750000000001,-0.098898333333332714,0.68462376543209558,8.4499999999999993,0.31075799999999998,-0.17007083333333228,-0.40678317901234057,0.23581249999999998,0.12367055555555473,0.30901759259259187,8.4499999999999993,0.34042749999999994,-0.10118499999999947,-0.68192422839505451,0.20717200000000002,0.085178333333332815,0.55689861111110694
,,,,,,,,,,,,,,8.5,0.27662950000000003,0.0090513888888889785,-0.10200015432098952,0.26462450000000004,-0.074126111111111073,0.079874537037030249,8.5,0.27337099999999998,-0.12767222222222233,0.067700154320983821,0.25073299999999998,0.029917222222222348,0.21389861111111383,8.5,0.26599650000000002,0.057261944444444435,-0.0085220679012329732,0.28057399999999999,0.029154999999999768,-0.11803858024691179,8.5,0.31521700000000002,0.15368305555555575,-1.3233024691357973,0.30372650000000001,-0.03439527777777792,-1.190760493827163,8.5,0.26702550000000003,0.0060025000000000954,-0.010745216049384073,0.27680100000000002,-0.0028583333333333061,-0.089825771604939694,8.5,0.26239499999999999,0.020103611111111072,0.10872253086419707,0.26771149999999999,0.035538611111111014,0.068441203703705836,,,,,,,,8.5,0.34128500000000001,0.082034166666666783,-0.67509598765431855,0.19773949999999998,-0.055070555555555623,0.74200216049382473,8.5,0.30166850000000001,-0.18855472222222211,-0.30753549382716855,0.24215800000000001,0.13862916666666672,0.2970020061728465,8.5,0.33459650000000002,-0.13329361111111082,-0.62195216049383228,0.211974,0.11376166666666658,0.56489135802469637
,,,,,,,,,,,,,,8.5499999999999989,0.27680100000000002,0.004192222222222138,-0.091943055555557388,0.2611945,-0.068314166666666995,0.12751342592592343,8.5499999999999989,0.26719699999999996,-0.12319416666666683,0.11915015432098687,0.25107600000000002,0.047448333333333481,0.38762175925926085,8.5499999999999989,0.26891199999999998,0.057166666666666748,-0.042028086419751164,0.28228899999999996,0.023343055555555516,-0.15307962962962671,8.5499999999999989,0.32224849999999999,0.067647222222222372,-1.4843219135802508,0.29720950000000002,-0.095563611111111627,-0.96251728395061997,8.5499999999999989,0.26736850000000001,0.0049544444444443239,-0.021966820987655882,0.27680100000000002,-0.0088608333333334236,-0.081674228395063275,8.5499999999999989,0.26376700000000003,0.023724166666666605,0.073575617283950179,0.2697695,0.037825277777777888,0.020008333333334165,,,,,,,,8.5499999999999989,0.3445435,0.04735305555555553,-0.70722577160494016,0.197911,-0.014577500000000071,0.63730246913580257,8.5499999999999989,0.29172150000000002,-0.20198888888888936,-0.18743256172840064,0.24953249999999999,0.15520750000000036,0.24761635802469514,8.5499999999999989,0.32705050000000002,-0.16340138888888919,-0.5563692901234637,0.21849099999999999,0.14263083333333362,0.54271280864198046
,,,,,,,,,,,,,,8.5999999999999996,0.27697250000000001,0.0004763888888887739,-0.090196296296297176,0.25776450000000001,-0.061073055555555818,0.17070601851852094,8.5999999999999996,0.26102300000000001,-0.11700111111111129,0.18489182098765625,0.25502049999999998,0.07469777777777796,0.44288287037036983,8.5999999999999996,0.2718275,0.054403611111111451,-0.097818518518518985,0.28314649999999997,0.013243611111111385,-0.17652854938271481,8.5999999999999996,0.32173400000000002,-0.013910555555555698,-1.2635950617283986,0.29275049999999997,-0.13005416666666711,-0.69431033950616972,8.5999999999999996,0.26754,0.003429999999999862,-0.026518981481481758,0.27577200000000002,-0.012290833333333561,-0.049862037037036511,8.5999999999999996,0.26479599999999998,0.026391944444444346,0.054520061728394638,0.27165600000000001,0.036586666666666656,-0.0088396604938279239,,,,,,,,8.5999999999999996,0.34608699999999998,0.011147499999999913,-0.73067469135802654,0.19773949999999998,0.003239444444444337,0.62089351851851937,8.5999999999999996,0.28108850000000002,-0.20722916666666732,-0.069446913580244712,0.257936,0.16616444444444489,0.14630432098765234,8.5999999999999996,0.31813250000000004,-0.18998388888888965,-0.46813148148148126,0.22603699999999999,0.17321500000000048,0.42329799382716066
,,,,,,,,,,,,,,8.6499999999999986,0.27697250000000001,-0.0049544444444446214,-0.08220354938271543,0.25502049999999998,-0.051735833333333335,0.22040925925926391,8.6499999999999986,0.25519199999999997,-0.10499611111111114,0.25110987654321432,0.25862200000000002,0.10004166666666671,0.32791435185184731,8.6499999999999986,0.27457150000000002,0.047257777777777947,-0.15143873456790549,0.28348950000000001,0.0048591666666668509,-0.18579166666666788,8.6499999999999986,0.31916149999999999,-0.063550277777777955,-0.91662515432098479,0.28451850000000001,-0.16273444444444454,-0.45293996913579299,8.6499999999999986,0.26771149999999999,0.0019055555555554584,-0.023078395061727857,0.27542899999999998,-0.012957777777777785,-0.031706327160491647,8.6499999999999986,0.26633950000000001,0.029536111111111051,0.029271450617282715,0.27337099999999998,0.036110277777777713,-0.022390277777778429,,,,,,,,8.6499999999999986,0.345744,-0.026677777777777953,-0.73173333333333146,0.19722499999999998,0.037539444444444438,0.75809351851851803,8.6499999999999986,0.2707985,-0.20722916666666699,0.017891049382727019,0.266511,0.16968972222222234,0.044674691358017403,8.6499999999999986,0.30784249999999996,-0.21142138888888931,-0.35395694444443243,0.23666999999999999,0.18779250000000033,0.25010416666665947
,,,,,,,,,,,,,,8.6999999999999993,0.27645799999999998,-0.0095277777777777288,-0.04271620370370291,0.25244800000000001,-0.03934972222222171,0.27307669753086344,8.6999999999999993,0.25039,-0.090037499999999368,0.28525108024691176,0.26565349999999999,0.11242777777777695,0.11062808641975386,8.6999999999999993,0.27662950000000003,0.038015833333332943,-0.18282746913580405,0.283661,-0.0045733333333333832,-0.20405324074074002,8.6999999999999993,0.31487399999999999,-0.098993611111110422,-0.66742083333333024,0.27560049999999997,-0.17712138888888754,-0.20368271604938082,8.6999999999999993,0.26771149999999999,0.00076222222222218424,-0.012544907407406838,0.27457150000000002,-0.014863333333333143,-0.024189969135801886,8.6999999999999993,0.26788299999999998,0.030012499999999571,-0.0069870370370356261,0.27525749999999999,0.03515749999999989,-0.051238271604937713,,,,,,,,8.6999999999999993,0.34334299999999995,-0.063073888888888527,-0.70791388888888307,0.20048349999999998,0.087655555555555056,0.74898919753086124,8.6999999999999993,0.26033699999999999,-0.2052283333333319,0.10030632716049527,0.275086,0.16854638888888793,-0.021331635802469159,8.6999999999999993,0.29669499999999999,-0.22580833333333161,-0.22781975308641669,0.24524500000000002,0.19293749999999901,0.16403657407407243
,,,,,,,,,,,,,,8.75,0.27577200000000002,-0.009527777777777845,0.0019055555555549375,0.25090450000000003,-0.02324777777777769,0.30361851851851607,8.75,0.24627399999999999,-0.075650555555555651,0.30361851851851546,0.2707985,0.10633000000000016,-0.026095524691351391,8.75,0.27834449999999999,0.0285833333333331,-0.20341805555555459,0.28314649999999997,-0.015816111111110979,-0.2119930555555557,8.75,0.30904300000000001,-0.12605250000000015,-0.5068248456790192,0.26599650000000002,-0.17635916666666651,-0.06732962962963944,8.75,0.26771149999999999,0.001048055555555505,-0.0086808641975304451,0.2738855,-0.015625555555555618,-0.013021296296296508,8.75,0.26942649999999996,0.028583333333333408,-0.039434413580243168,0.27697250000000001,0.032203888888888872,-0.10184135802469026,,,,,,,,8.75,0.33939849999999999,-0.098231388888888813,-0.6641919753086446,0.2070005,0.12147916666666692,0.5792888888888944,8.75,0.25004700000000002,-0.19789194444444438,0.19743672839505169,0.28331800000000001,0.16692666666666681,-0.07352268518517896,8.75,0.28503300000000004,-0.23409750000000007,-0.10231774691359256,0.25553500000000001,0.20313222222222241,0.10342932098766172
,,,,,,,,,,,,,,8.7999999999999989,0.27542899999999998,-0.0077175000000001435,0.017891049382716417,0.25021850000000001,-0.0080986111111111449,0.31351682098765354,8.7999999999999989,0.24284399999999998,-0.060977777777777804,0.33897716049382715,0.27594350000000001,0.10394805555555599,-0.050285493827158585,8.7999999999999989,0.27954499999999999,0.017912222222222204,-0.22289706790123423,0.28211750000000002,-0.027439999999999885,-0.1883324074074095,8.7999999999999989,0.30218299999999998,-0.14939555555555614,-0.36740169753086643,0.25879350000000001,-0.18369555555555606,0.058437037037031708,8.7999999999999989,0.26788299999999998,0.0001905555555555469,-0.0096336419753082041,0.27302799999999999,-0.016483055555555425,0.0045521604938268158,8.7999999999999989,0.2707985,0.025629722222222467,-0.064683024691357102,0.27868749999999998,0.024962777777777782,-0.15244444444444305,,,,,,,,8.7999999999999989,0.33339599999999997,-0.13034000000000012,-0.60109691358024919,0.21334600000000001,0.1415827777777782,0.45823317901234778,8.7999999999999989,0.24044300000000002,-0.1866491666666672,0.31595169753085917,0.29189300000000001,0.16244861111111142,-0.14715123456790016,8.7999999999999989,0.27302799999999999,-0.23590777777777852,0.019267283950612574,0.26599650000000002,0.20494250000000047,0.023448919753088746
,,,,,,,,,,,,,,8.8499999999999996,0.275086,-0.0069552777777778666,0.016303086419755058,0.25004700000000002,0.007908055555555597,0.31865123456790023,8.8499999999999996,0.23992850000000002,-0.041922222222222222,0.37190092592592588,0.28108850000000002,0.10223305555555591,-0.071352469135805383,8.8499999999999996,0.28023100000000001,0.0056213888888887341,-0.22750216049382713,0.28023100000000001,-0.035824444444444624,-0.14206975308642084,8.8499999999999996,0.29377949999999997,-0.16473527777777819,-0.19934228395061185,0.24696000000000001,-0.17864583333333386,0.29996620370370647,8.8499999999999996,0.26771149999999999,-0.0001905555555555469,-0.0053990740740738376,0.27217050000000004,-0.015816111111111041,0.033664814814812032,8.8499999999999996,0.27199899999999999,0.022009166666666784,-0.087549691358025664,0.27954499999999999,0.015625555555555771,-0.17568163580246829,,,,,,,,8.8499999999999996,0.32619300000000001,-0.15844694444444452,-0.53318503086419688,0.22089200000000001,0.16311555555555593,0.40842407407407161,8.8499999999999996,0.23101050000000001,-0.16721250000000065,0.44547654320987945,0.29978199999999999,0.15282555555555577,-0.2326895061728427,8.8499999999999996,0.2611945,-0.23162027777777836,0.12973657407407849,0.276115,0.20465666666666713,-0.044198302469139729
,,,,,,,,,,,,,,8.8999999999999986,0.27474299999999996,-0.0063836111111109381,0.014662191358026265,0.25090450000000003,0.025248611111110934,0.29308503086419557,8.8999999999999986,0.2385565,-0.021246944444444627,0.35766219135802507,0.28640500000000002,0.097469166666666704,-0.10030632716049931,8.8999999999999986,0.28005949999999996,-0.0059072222222223232,-0.21045802469135591,0.27834449999999999,-0.040493055555555664,-0.11269243827160259,8.8999999999999986,0.28520449999999997,-0.16902277777777755,-0.037899382716040465,0.2392425,-0.14434583333333348,0.39286203703704414,8.8999999999999986,0.26788299999999998,-0.00076222222222218543,0.0051873456790120899,0.27131300000000003,-0.012576666666666972,0.053196759259256682,8.8999999999999986,0.27302799999999999,0.017435833333333432,-0.11867376543210034,0.28023100000000001,0.0064788888888890851,-0.17626388888888933,,,,,,,,8.8999999999999986,0.31744650000000002,-0.18369555555555558,-0.46066805555555018,0.2296385,0.18388611111111122,0.3454348765432021,8.8999999999999986,0.22329299999999999,-0.13910555555555584,0.51751712962963803,0.30732799999999999,0.13929611111111107,-0.31886296296296801,8.8999999999999986,0.24970400000000001,-0.22266416666666686,0.23427746913581304,0.28657650000000001,0.20075027777777787,-0.11899135802470097
,,,,,,,,,,,,,,8.9499999999999993,0.27440000000000003,-0.0053355555555553687,0.0084691358024680807,0.25279099999999999,0.038396944444443998,0.24444043209876576,8.9499999999999993,0.23804199999999998,-0.0047638888888889433,0.31616342592592589,0.29086400000000001,0.091276111111110489,-0.12380817901234509,8.9499999999999993,0.27954499999999999,-0.015530277777777554,-0.18727376543209642,0.27628649999999999,-0.046304999999999652,-0.09421913580246756,8.9499999999999993,0.27662950000000003,-0.16664083333333204,0.090302160493824293,0.23426900000000001,-0.13529444444444369,0.42403904320987551,8.9499999999999993,0.26754,0.00028583333333331954,0.015985493827159553,0.27096999999999999,-0.0099088888888892342,0.060501388888888848,8.9499999999999993,0.2738855,0.010004166666666607,-0.14461049382716085,0.28023100000000001,-0.0030488888888886949,-0.15562037037037146,,,,,,,,8.9499999999999993,0.30767100000000003,-0.20484722222222107,-0.37782932098765393,0.23958550000000001,0.19893999999999881,0.26116697530864119,8.9499999999999993,0.21729049999999997,-0.11299944444444371,0.53964274691358038,0.31401649999999998,0.11947833333333258,-0.37835864197530444,8.9499999999999993,0.238728,-0.20846777777777648,0.34114737654320915,0.296352,0.19284222222222092,-0.19521358024691307
,,,,,,,,,,,,,,9,0.27422849999999999,-0.0047638888888889798,-0.010586419753087195,0.25484899999999999,0.049163333333333427,0.20214768518518922,9,0.23821349999999999,0.0091466666666667508,0.29149706790123675,0.295323,0.087465000000000126,-0.19172006172839115,9,0.27851599999999999,-0.024772222222222098,-0.15895509259259435,0.27371400000000001,-0.051354722222222204,-0.049544444444445973,9,0.26839750000000001,-0.15939972222222248,0.20479429012344777,0.22517949999999998,-0.11452388888888909,0.65302330246913243,9,0.26788299999999998,0.0019055555555554634,0.0082574074074071146,0.27028399999999997,-0.0065741666666668851,0.065688734567903917,9,0.274057,0.0019055555555554892,-0.14805108024691413,0.27971650000000003,-0.0089561111111111733,-0.1354532407407435,,,,,,,,9,0.29686649999999998,-0.22275944444444462,-0.26921265432099811,0.24970400000000001,0.20970638888888912,0.17483472222223106,9,0.211974,-0.085940555555555395,0.56589706790123173,0.31916149999999999,0.10042277777777803,-0.41721080246913012,9,0.22860949999999999,-0.18836416666666669,0.44113611111110312,0.30595600000000001,0.18198055555555556,-0.28530401234567049
,,,,,,,,,,,,,,9.0499999999999989,0.274057,-0.0065741666666665581,-0.02699537037037078,0.25776450000000001,0.058119444444444723,0.1672654320987661,9.0499999999999989,0.23889949999999999,0.023343055555555794,0.28249861111111219,0.30012500000000003,0.073840277777777963,-0.28922098765432086,9.0499999999999989,0.27697250000000001,-0.031822777777777846,-0.12280246913580491,0.27096999999999999,-0.05259333333333336,0.019849537037036877,9.0499999999999989,0.26050849999999998,-0.14710888888888929,0.33146080246913429,0.22123499999999999,-0.066885000000000125,0.82992237654321188,9.0499999999999989,0.26788299999999998,0.00095277777777773125,0.0024348765432103104,0.27028399999999997,-0.0027630555555555425,0.05949567901234884,9.0499999999999989,0.274057,-0.0058119444444445605,-0.12978950617283913,0.2793735,-0.01524444444444468,-0.13561203703703781,,,,,,,,9.0499999999999989,0.28503300000000004,-0.23257305555555621,-0.14439876543210331,0.26068000000000002,0.21647111111111164,0.083579783950619116,9.0499999999999989,0.20854400000000001,-0.056404444444444451,0.5879168209876533,0.32413500000000001,0.079175833333333695,-0.47495972222222244,9.0499999999999989,0.21969150000000001,-0.16340138888888922,0.51989907407407132,0.31487399999999999,0.16416361111111144,-0.37317129629629281
,,,,,,,,,,,,,,9.0999999999999996,0.27354250000000002,-0.0081938888888889467,-0.030859413580247862,0.26068000000000002,0.066027500000000086,0.13079521604938008,9.0999999999999996,0.24044300000000002,0.038778055555555808,0.25005123456789841,0.302869,0.056309166666666764,-0.34485262345679196,9.0999999999999996,0.27525749999999999,-0.0370630555555558,-0.084956018518518459,0.26822600000000002,-0.048972777777777705,0.084373765432098916,9.0999999999999996,0.25330550000000002,-0.12633833333333358,0.45569243827160738,0.21900549999999999,-0.024105277777777757,0.87989027777778006,9.0999999999999996,0.26788299999999998,0.0015244444444443995,0.0074634259259270279,0.27011249999999998,-0.00076222222222209176,0.053990740740742872,9.0999999999999996,0.27337099999999998,-0.011433333333333325,-0.10184135802469002,0.27834449999999999,-0.023628888888888932,-0.11560370370370311,,,,,,,,9.0999999999999996,0.27337099999999998,-0.23647944444444521,-0.030806481481476664,0.27148450000000002,0.21923416666666698,-0.02773641975309098,9.0999999999999996,0.20631450000000001,-0.026201388888888968,0.59289243827160476,0.3273935,0.052212222222222431,-0.51746419753086759,9.0999999999999996,0.21214550000000001,-0.13519916666666709,0.57341342592592848,0.32241999999999998,0.1439647222222227,-0.4458470679012369
,,,,,,,,,,,,,,9.1499999999999986,0.27319949999999998,-0.0094325000000000676,-0.035729166666666666,0.26445299999999999,0.071934722222222011,0.080615586419750432,9.1499999999999986,0.24301550000000002,0.049734999999999779,0.19209058641974838,0.30578450000000001,0.037539444444444521,-0.36232021604938547,9.1499999999999986,0.27319949999999998,-0.040397777777777866,-0.044674691358021219,0.26599650000000002,-0.042970277777777788,0.12772515432098761,9.1499999999999986,0.24764600000000001,-0.099946388888889084,0.54620632716049788,0.218834,0.020389444444444453,0.91032623456790052,9.1499999999999986,0.26805449999999997,0.0018102777777778084,0.011750925925927844,0.27011249999999998,0.0026677777777780447,0.046527314814814737,9.1499999999999986,0.2728565,-0.015530277777777659,-0.081568364197529858,0.27680100000000002,-0.028106944444444542,-0.072728703703702477,,,,,,,,9.1499999999999986,0.2611945,-0.23514555555555561,0.074528395061739777,0.28297499999999998,0.2139938888888889,-0.14355185185186084,9.1499999999999986,0.2059715,0.0033347222222221127,0.58648765432098682,0.32928000000000002,0.02582027777777772,-0.52953271604938468,9.1499999999999986,0.20614299999999999,-0.10556777777777789,0.61290077160494316,0.32945150000000001,0.11957361111111132,-0.51164166666667377
,,,,,,,,,,,,,,9.1999999999999993,0.27268500000000001,-0.011814444444444403,-0.039275617283951014,0.26805449999999997,0.073935555555555102,0.029694907407409449,9.1999999999999993,0.24558799999999997,0.057071388888888241,0.14556327160493857,0.30664200000000003,0.01848388888888864,-0.34961651234567875,9.1999999999999993,0.27114149999999998,-0.041731666666666327,-0.0016408950617259725,0.26393850000000002,-0.03620555555555547,0.16668317901234397,9.1999999999999993,0.24318699999999999,-0.070029166666666351,0.59728580246913421,0.22072049999999999,0.068695277777777355,0.8864009259259219,9.1999999999999993,0.26805449999999997,0.0024772222222224855,0.018579166666667146,0.27045550000000002,0.0044780555555556916,0.03011836419752845,9.1999999999999993,0.2718275,-0.019531944444444286,-0.063783179012345509,0.27542899999999998,-0.030393611111110972,-0.035993827160493132,,,,,,,,9.1999999999999993,0.24970400000000001,-0.22923833333333196,0.181821759259258,0.29309350000000001,0.20341805555555423,-0.23237191358024498,9.1999999999999993,0.20665749999999999,0.032489722222221934,0.57537191358024409,0.32996599999999998,-0.00076222222222221503,-0.53382021604938001,9.1999999999999993,0.20151250000000001,-0.074030833333332893,0.64804768518518185,0.33459650000000002,0.090990277777777087,-0.54334799382715948
,,,,,,,,,,,,,,9.25,0.27199899999999999,-0.014005833333333516,-0.035093981481481941,0.2718275,0.075174166666666917,-0.027630555555552275,9.25,0.24867499999999998,0.064026666666666648,0.10284706790124036,0.30732799999999999,0.0041922222222220149,-0.36618425925925879,9.25,0.26891199999999998,-0.040397777777777498,0.036152623456788983,0.2622235,-0.026487222222222374,0.20532361111111133,9.25,0.24061449999999998,-0.038968611111111072,0.61274197530864227,0.2258655,0.11338055555555575,0.77773132716049931,9.25,0.26822600000000002,0.0042875000000001844,0.012333179012343628,0.27062700000000001,0.0052402777777776632,0.022019753086418303,9.25,0.2707985,-0.021532777777777748,-0.052296913580247427,0.27371400000000001,-0.031060555555555595,-0.0093160493827165996,,,,,,,,9.25,0.23804199999999998,-0.21770972222222237,0.29917222222221201,0.30338349999999997,0.19017444444444453,-0.30695324074073177,9.25,0.20923,0.06126361111111104,0.55255817901234938,0.32928000000000002,-0.028202222222222132,-0.52228101851852171,9.25,0.198597,-0.039826111111111229,0.6613336419753072,0.33836949999999999,0.064598333333333105,-0.56309166666666222
,,,,,,,,,,,,,,9.2999999999999989,0.27114149999999998,-0.014196388888888958,-0.050391358024690476,0.27577200000000002,0.071934722222222414,-0.096759876543211318,9.2999999999999989,0.25210499999999997,0.068218888888889218,0.048909259259262129,0.30732799999999999,-0.015339722222222291,-0.4276913580246911,9.2999999999999989,0.26702550000000003,-0.037444166666666549,0.060660185185182458,0.2611945,-0.014672777777777734,0.22612592592592787,9.2999999999999989,0.2392425,-0.0074316666666664824,0.59342175925926022,0.23255400000000001,0.14806166666666706,0.62846280864197857,9.2999999999999989,0.268569,0.00447805555555546,-0.0084162037037058303,0.27096999999999999,0.006002499999999889,0.024613425925926986,9.2999999999999989,0.2697695,-0.024867499999999917,-0.037422993827160661,0.27234199999999997,-0.031536944444444465,0.020008333333333534,,,,,,,,9.2999999999999989,0.22758050000000002,-0.1983683333333339,0.39609089506172479,0.31230150000000001,0.17254805555555594,-0.3751297839506143,9.2999999999999989,0.21283149999999998,0.08851305555555572,0.51100648148148609,0.32705050000000002,-0.053831944444444842,-0.49496805555555889,9.2999999999999989,0.19756799999999999,-0.006383611111111148,0.64545401234568067,0.34111349999999996,0.036491388888889129,-0.60866620370370073
,,,,,,,,,,,,,,9.3499999999999996,0.2707985,-0.018102777777777867,-0.081356635802467173,0.27920200000000001,0.06469361111111098,-0.14884506172839695,9.3499999999999996,0.2557065,0.0684094444444448,0.004552160493824931,0.3061275,-0.040397777777777887,-0.4551631172839497,9.3499999999999996,0.26513900000000001,-0.033633055555555659,0.074740123456787835,0.26085150000000001,-0.0038111111111109558,0.24152916666666704,9.3499999999999996,0.23992850000000002,0.022485555555555672,0.52979737654320891,0.24095749999999999,0.17521583333333379,0.48612839506172617,9.3499999999999996,0.26874049999999999,0.003239444444444317,-0.025725000000000293,0.27114149999999998,0.0080033333333334334,0.022866666666668131,9.3499999999999996,0.26822600000000002,-0.026296666666666576,-0.0033876543209882472,0.27045550000000002,-0.029726666666666565,0.060977777777777027,,,,,,,,9.3499999999999996,0.21814799999999998,-0.1765497222222229,0.45897422839506596,0.32070499999999996,0.15263500000000035,-0.44124197530864323,9.3499999999999996,0.21814799999999998,0.11376166666666715,0.44071265432098822,0.32379199999999997,-0.077365555555556006,-0.47109567901234323,9.3499999999999996,0.19808249999999999,0.024962777777777858,0.62269320987654397,0.34231400000000001,0.003334722222222706,-0.64402484567901463
,,,,,,,,,,,,,,9.3999999999999986,0.26942649999999996,-0.023914722222222056,-0.085538271604935615,0.28228899999999996,0.056023333333333265,-0.1801279320987654,9.3999999999999986,0.258965,0.067551944444444442,-0.022390277777782918,0.30321199999999998,-0.064598333333333244,-0.41424660493826876,9.3999999999999986,0.26376700000000003,-0.0308700000000003,0.10443503086419864,0.26068000000000002,0.0093372222222222953,0.25185092592592356,9.3999999999999986,0.241815,0.045923888888888813,0.45235771604938008,0.25021850000000001,0.19703444444444462,0.33431913580245959,9.3999999999999986,0.26891199999999998,0.0014291666666665949,-0.032447376543208832,0.2718275,0.0091466666666669121,0.0058754629629612564,9.3999999999999986,0.26702550000000003,-0.025248611111111204,0.031865123456790712,0.26925500000000002,-0.025248611111111294,0.097447993827159948,,,,,,,,9.3999999999999986,0.20974449999999997,-0.15158694444444457,0.50989490740741628,0.32773649999999999,0.12862500000000035,-0.50767175925926367,9.3999999999999986,0.22449350000000001,0.13291250000000027,0.36115570987653661,0.31933299999999998,-0.10070861111111107,-0.44934058641974578,9.3999999999999986,0.2001405,0.054784722222222242,0.61390648148147842,0.34145650000000005,-0.030393611111111104,-0.63476172839506562
,,,,,,,,,,,,,,9.4499999999999993,0.26822600000000002,-0.026963611111110602,-0.080562654320989371,0.28486149999999999,0.045828611111111049,-0.19452546296296047,9.4499999999999993,0.26239499999999999,0.066884999999999431,-0.060289660493827536,0.29926750000000002,-0.081748333333332715,-0.36306126543209943,9.4499999999999993,0.26188049999999996,-0.024676944444444376,0.15652021604938496,0.26170900000000002,0.023343055555555259,0.22369104938271292,9.4499999999999993,0.244559,0.067266111111110582,0.37687654320987618,0.26102300000000001,0.21008749999999862,0.15593796296296092,9.4499999999999993,0.26891199999999998,-0.00076222222222217079,-0.023978240740739495,0.27217050000000004,0.0080986111111108986,-0.0051344135802491829,9.4499999999999993,0.26565349999999999,-0.022866666666666438,0.061665895061728114,0.26788299999999998,-0.019531944444444563,0.1229083333333344,,,,,,,,9.4499999999999993,0.20305599999999999,-0.12557611111111031,0.56891419753086314,0.33373900000000001,0.10099444444444405,-0.55642222222222049,9.4499999999999993,0.23152500000000001,0.14939555555555464,0.28720956790123192,0.31367349999999999,-0.12281305555555456,-0.41599336419752841,9.4499999999999993,0.203399,0.086702777777777143,0.5951155864197496,0.33905550000000001,-0.060501388888888924,-0.6133771604938264
,,,,,,,,,,,,,,9.5,0.26685400000000004,-0.031918055555555776,-0.070505555555559762,0.286748,0.037253611111111272,-0.21755092592592543,9.5,0.26582499999999998,0.06269277777777775,-0.11359228395061401,0.29515150000000001,-0.099660555555555849,-0.32373271604938969,9.5,0.26102300000000001,-0.013529444444444145,0.17647561728395147,0.2632525,0.03296611111111096,0.16996496913580347,9.5,0.24867499999999998,0.084701944444444635,0.27985200617284572,0.27165600000000001,0.21285055555555557,-0.028742129629620892,9.5,0.26874049999999999,-0.0012386111111110487,-0.010798148148147696,0.27251349999999996,0.0087655555555552975,-0.018367438271603191,9.5,0.26462450000000004,-0.01819805555555545,0.074369598765429104,0.26719699999999996,-0.011814444444444233,0.12608425925926045,,,,,,,,9.5,0.19739649999999997,-0.10051805555555555,0.71198966049382406,0.33785500000000002,0.072030000000000163,-0.58458209876543155,9.5,0.23958550000000001,0.1617816666666668,0.20929351851852487,0.30698500000000001,-0.1430119444444444,-0.36634305555556423,9.5,0.20888699999999999,0.11671527777777775,0.53133240740741317,0.33545399999999997,-0.090990277777778072,-0.59866203703703913
,,,,,,,,,,,,,,9.5499999999999989,0.26496749999999997,-0.035062222222222501,-0.041181172839505904,0.28880600000000001,0.024772222222222237,-0.24973364197530998,9.5499999999999989,0.26891199999999998,0.054022500000000112,-0.13725293209876435,0.28932049999999998,-0.11633416666666725,-0.24592253086419905,9.5499999999999989,0.26068000000000002,-0.0047638888888887438,0.15376774691357845,0.26513900000000001,0.039540277777777653,0.12587253086419961,9.5499999999999989,0.25330550000000002,0.095849444444444987,0.16985910493827347,0.28263199999999999,0.20694333333333362,-0.20717623456789716,9.5499999999999989,0.26874049999999999,-0.00095277777777772951,-0.012333179012345222,0.27319949999999998,0.0066694444444445481,-0.037105401234564614,9.5499999999999989,0.26393850000000002,-0.015053888888889136,0.079133487654318005,0.26685400000000004,-0.0065741666666665277,0.12184969135802291,,,,,,,,9.5499999999999989,0.1915655,-0.052212222222222264,0.80938472222222335,0.34094200000000002,0.042684444444444469,-0.60797808641975604,9.5499999999999989,0.24781750000000002,0.17083305555555595,0.12296126543210051,0.29926750000000002,-0.16044777777777833,-0.29578456790123936,9.5499999999999989,0.21540399999999998,0.1402488888888892,0.45357515432099227,0.32996599999999998,-0.12100277777777803,-0.56949645061728449
,,,,,,,,,,,,,,9.5999999999999996,0.2632525,-0.036300833333333338,-0.0096336419753064815,0.28932049999999998,0.010480555555555592,-0.24899259259259399,9.5999999999999996,0.27114149999999998,0.046590833333333415,-0.11708580246913629,0.28314649999999997,-0.12548083333333371,-0.15323842592592141,9.5999999999999996,0.26068000000000002,0.0016197222222221737,0.12984243827160247,0.26719699999999996,0.045256944444444502,0.087496759259261356,9.5999999999999996,0.25845050000000003,0.10185194444444483,0.054202469135798563,0.29275049999999997,0.19122250000000049,-0.36163209876543373,9.5999999999999996,0.26874049999999999,-0.0020961111111110074,-0.020272993827160083,0.27319949999999998,0.0041922222222225084,-0.041181172839505016,9.5999999999999996,0.26308100000000001,-0.011052222222222602,0.095648302469135804,0.266511,-0.00066694444444466005,0.13344182098765317,,,,,,,,9.5999999999999996,0.19242299999999998,-0.0069552777777777174,0.69812145061728514,0.34231400000000001,0.010194722222221996,-0.60967191358024841,9.5999999999999996,0.256907,0.17445361111111138,0.030435956790119994,0.29069249999999996,-0.17264333333333381,-0.21903302469135563,9.5999999999999996,0.22294999999999998,0.1615911111111116,0.37798811728394988,0.3232775,-0.14920500000000028,-0.51333549382715782
,,,,,,,,,,,,,,9.6499999999999986,0.2611945,-0.034966944444444377,0.0033347222222239029,0.28966350000000002,-0.00076222222222227032,-0.23194845679012455,9.6499999999999986,0.27337099999999998,0.042589166666666706,-0.098506635802470099,0.27645799999999998,-0.12919666666666665,-0.10020046296295497,9.6499999999999986,0.26085150000000001,0.0073363888888886659,0.11840910493827035,0.2697695,0.048591666666666977,0.047003703703701848,9.6499999999999986,0.26376700000000003,0.10118499999999993,-0.061242438271610633,0.30201149999999999,0.16921333333333366,-0.48072932098766219,9.6499999999999986,0.268569,-0.0039063888888887233,-0.013180092592593303,0.27354250000000002,0.0026677777777780447,-0.04610385802469321,9.6499999999999986,0.26273799999999997,-0.005335555555555805,0.10882839506173109,0.26668249999999999,0.0068599999999998341,0.14238734567901412,,,,,,,,9.6499999999999986,0.1925945,0.010861666666666729,0.68488842592592392,0.34179949999999998,-0.019531944444444525,-0.58902839506172577,9.6499999999999986,0.265482,0.17292916666666666,-0.045045216049389963,0.28194600000000003,-0.18226638888888905,-0.1386291666666587,9.6499999999999986,0.2316965,0.17902694444444464,0.28451003086419013,0.31487399999999999,-0.17331027777777774,-0.43324922839505398
,,,,,,,,,,,,,,9.6999999999999993,0.25982250000000001,-0.034585833333333101,-0.0048168209876548445,0.28932049999999998,-0.012767222222222334,-0.20823487654320852,9.6999999999999993,0.27542899999999998,0.038301666666666526,-0.10544074074073941,0.27028399999999997,-0.13253138888888785,-0.085644135802468102,9.6999999999999993,0.26136599999999999,0.013529444444444212,0.10528194444444487,0.27217050000000004,0.04954444444444403,0.014079938271604074,9.6999999999999993,0.26874049999999999,0.095563611111110461,-0.17303503086419544,0.30990050000000002,0.14139222222222131,-0.56489135802469026,9.6999999999999993,0.26822600000000002,-0.0036205555555554707,-0.0020643518518543564,0.27354250000000002,-0.00019055555555554525,-0.051238271604941009,9.6999999999999993,0.26256649999999998,0.00028583333333331954,0.11253364197531117,0.26719699999999996,0.014577500000000071,0.13174799382716257,,,,,,,,9.6999999999999993,0.19190850000000001,0.053927222222221814,0.78455956790122894,0.340256,-0.047638888888888509,-0.58272947530863783,9.6999999999999993,0.27422849999999999,0.1695944444444433,-0.11253364197530651,0.27234199999999997,-0.18807833333333235,-0.029483179012344197,9.6999999999999993,0.24112899999999998,0.19036499999999898,0.18499768518518386,0.30578450000000001,-0.19312805555555423,-0.33828904320987613
,,,,,,,,,,,,,,9.75,0.257936,-0.037158333333333411,0.02027299382715873,0.28829149999999998,-0.022485555555555578,-0.16805941358024665,9.75,0.27731549999999999,0.032203888888888997,-0.11592129629629427,0.26376700000000003,-0.14320249999999998,0.028001080246905813,9.75,0.2622235,0.018960277777777767,0.072993364197532759,0.27474299999999996,0.049639722222222175,-0.015032716049378203,9.75,0.27354250000000002,0.084225555555555817,-0.28583333333332955,0.31607449999999998,0.11309472222222211,-0.64841820987653787,9.75,0.26822600000000002,-0.0035252777777779985,-0.0008469135802485825,0.27354250000000002,-0.0031441666666668748,-0.04197515432098891,9.75,0.26273799999999997,0.0063836111111112781,0.10459382716049577,0.26822600000000002,0.020580000000000331,0.10586419753086486,,,,,,,,9.75,0.19773949999999998,0.10004166666666663,0.70690817901235059,0.337169,-0.07746083333333327,-0.57780679012346092,9.75,0.28263199999999999,0.16187694444444456,-0.18166296296295284,0.26273799999999997,-0.18550583333333334,0.086596913580240811,9.75,0.25090450000000003,0.19712972222222244,0.091625462962969847,0.295323,-0.20732444444444464,-0.23724166666667679
,,,,,,,,,,,,,,9.7999999999999989,0.25587799999999999,-0.035062222222222231,0.090196296296295178,0.28691949999999999,-0.029250277777777878,-0.13259490740740645,9.7999999999999989,0.27868749999999998,0.025439166666666953,-0.10507021604938301,0.25502049999999998,-0.13596138888888934,0.24909845679012146,9.7999999999999989,0.26342399999999999,0.021246944444444481,0.032923765432099648,0.277144,0.048686944444444942,-0.056690277777775855,9.7999999999999989,0.27748700000000004,0.065932222222222378,-0.37354182098765548,0.32156249999999997,0.077556111111111423,-0.73956728395061611,9.7999999999999989,0.26788299999999998,-0.0035252777777780042,-0.0040228395061711547,0.27319949999999998,-0.0053355555555556966,-0.016038425925924697,9.7999999999999989,0.2632525,0.01133805555555583,0.084162037037035994,0.26925500000000002,0.025820277777777834,0.065371141975307689,,,,,,,,9.7999999999999989,0.20305599999999999,0.12757694444444481,0.57071388888889296,0.33253850000000001,-0.107282777777778,-0.53911342592593048,9.7999999999999989,0.29052099999999997,0.1513011111111118,-0.24814567901234183,0.2536485,-0.178455277777778,0.18584459876542958,9.7999999999999989,0.26102300000000001,0.19922583333333363,0.0044462962962988212,0.28486149999999999,-0.21656638888888938,-0.13825864197531254
,,,,,,,,,,,,,,9.8499999999999996,0.25416300000000003,-0.027725833333333508,0.15244444444444352,0.28537599999999996,-0.03534805555555548,-0.10454089506172624,9.8499999999999996,0.27971650000000003,0.021151666666666763,-0.083526851851854086,0.249361,-0.11299944444444467,0.38164043209876897,9.8499999999999996,0.26445299999999999,0.021246944444444509,0.0091572530864195614,0.27971650000000003,0.045161666666666996,-0.11750925925926299,9.8499999999999996,0.28023100000000001,0.044780555555555601,-0.41662854938271843,0.32413500000000001,0.036205555555555831,-0.77153827160494137,9.8499999999999996,0.26788299999999998,-0.0038111111111110464,-0.0098453703703673557,0.2728565,-0.0046686111111110358,0.0071458333333345612,9.8499999999999996,0.26393850000000002,0.014863333333333282,0.062354012345676557,0.27096999999999999,0.027630555555555703,0.01667361111110963,,,,,,,,9.8499999999999996,0.21043049999999999,0.15377833333333382,0.47712993827160294,0.32619300000000001,-0.13243611111111162,-0.47797685185185146,9.8499999999999996,0.29789550000000004,0.13720000000000068,-0.31505185185185652,0.24473050000000002,-0.16692666666666703,0.27905802469136021,9.8499999999999996,0.27096999999999999,0.19741555555555593,-0.078551234567902223,0.27354250000000002,-0.22171138888888944,-0.028689197530860942
,,,,,,,,,,,,,,9.8999999999999986,0.25296249999999998,-0.017245277777778002,0.16747716049382758,0.28331800000000001,-0.039921388888888638,-0.075692901234566609,9.8999999999999986,0.28074549999999998,0.018007499999999881,-0.075481172839506949,0.2440445,-0.092800555555555567,0.41996327160494268,9.8999999999999986,0.265482,0.021818611111111105,-0.0080456790123462959,0.28194600000000003,0.036205555555555484,-0.16493641975309181,9.8999999999999986,0.28194600000000003,0.023247777777777697,-0.42954398148148293,0.32499250000000002,-0.0023819444444445684,-0.7451251543209888,9.8999999999999986,0.26754,-0.0047638888888886771,-0.010798148148146463,0.27268500000000001,-0.0030488888888888523,0.0007939814814814667,9.8999999999999986,0.26479599999999998,0.017149999999999829,0.048009413580246497,0.27217050000000004,0.026391944444444509,-0.012650771604942053,,,,,,,,9.8999999999999986,0.21866250000000001,0.17388194444444452,0.41287037037036184,0.31916149999999999,-0.15435000000000024,-0.42361558641974506,9.8999999999999986,0.30441250000000003,0.11928777777777787,-0.3696777777777866,0.23666999999999999,-0.14939555555555564,0.34622885802469749,9.8999999999999986,0.28091699999999997,0.19160361111111149,-0.16414243827161154,0.26239499999999999,-0.22009166666666682,0.091784259259268974
,,,,,,,,,,,,,,9.9499999999999993,0.2526195,-0.009527777777777878,0.15297376543209912,0.28126000000000001,-0.042208055555555235,-0.05811944444444591,9.9499999999999993,0.28160299999999999,0.013815277777777838,-0.070717283950616522,0.24010000000000001,-0.07183944444444397,0.45283410493826937,9.9499999999999993,0.26668249999999999,0.021151666666666537,-0.03530570987654183,0.28331800000000001,0.026868333333332921,-0.1806572530864213,9.9499999999999993,0.28263199999999999,0.0007622222222221825,-0.41329382716049184,0.32379199999999997,-0.038682777777777594,-0.70034459876542765,9.9499999999999993,0.26736850000000001,-0.0051449999999997323,-0.0056108024691364005,0.27268500000000001,-0.0039063888888889722,-0.017891049382714876,9.9499999999999993,0.26565349999999999,0.019246111111111013,0.040122530864199327,0.27354250000000002,0.02562972222222169,-0.028265740740741469,,,,,,,,9.9499999999999993,0.22775199999999998,0.1946524999999987,0.35760925925925818,0.31075799999999998,-0.17502527777777657,-0.36173796296296068,9.9499999999999993,0.30990050000000002,0.099279444444443699,-0.404242438271605,0.22981000000000001,-0.13100694444444366,0.38444583333333138,9.9499999999999993,0.29034950000000004,0.18074194444444361,-0.24433456790123506,0.25124750000000001,-0.2118024999999987,0.20055972222222099
,,,,,,,,,,,,,,10,0.25210499999999997,-0.0034300000000001378,0.16149583333333592,0.27920200000000001,-0.045733333333333299,-0.03731712962963387,10,0.28211750000000002,0.010004166666666705,-0.052032253086420517,0.23666999999999999,-0.048115277777777764,0.4867106481481458,10,0.26771149999999999,0.018293333333333474,-0.061295370370368141,0.28451850000000001,0.018674444444444077,-0.19928935185185084,10,0.28194600000000003,-0.019817777777777847,-0.36179089506173034,0.321048,-0.072601666666666523,-0.64555987654321323,10,0.26702550000000003,-0.0053355555555554034,0.002117283950614455,0.27234199999999997,-0.0056213888888887202,-0.019955401234566506,10,0.26668249999999999,0.021628055555555647,0.023025462962966255,0.27474299999999996,0.024295833333333201,-0.053884876543206194,,,,,,,,10,0.23821349999999999,0.21218361111111136,0.253968209876554,0.30149700000000001,-0.191698888888889,-0.27715246913581315,10,0.31435950000000001,0.078413611111110976,-0.4271091049382687,0.22346449999999998,-0.11080805555555563,0.42012206790123047,10,0.29909600000000003,0.16673611111111111,-0.31552824074073577,0.24112899999999998,-0.1996069444444446,0.29477885802468212
,,,,,,,,,,,,,,10.049999999999999,0.25210499999999997,0.0056213888888890715,0.18843827160494156,0.27662950000000003,-0.04754361111111139,0.012280246913577387,10.049999999999999,0.2824605,0.0086702777777776276,-0.035676234567901012,0.23512650000000002,-0.021246944444444475,0.48660478395061668,10.049999999999999,0.268569,0.014196388888889175,-0.072993364197530955,0.28537599999999996,0.0074316666666664234,-0.21972114197530571,10.049999999999999,0.2804025,-0.034357166666667008,-0.30372438271605068,0.31641750000000002,-0.1036622222222225,-0.57748919753086825,10.049999999999999,0.26685400000000004,-0.0055261111111112411,0.019955401234565313,0.27217050000000004,-0.007717499999999748,0.011009876543208725,10.049999999999999,0.26788299999999998,0.022485555555555928,-0.01063935185185047,0.276115,0.020389444444444703,-0.082415277777776672,,,,,,,,10.049999999999999,0.249361,0.22152083333333406,0.12094984567901544,0.29137849999999998,-0.20341805555555634,-0.177428395061733,10.049999999999999,0.3177895,0.056404444444444445,-0.44415324074074003,0.21866250000000001,-0.088513055555555664,0.45749212962962876,10.049999999999999,0.3071565,0.14920500000000028,-0.38317546296296195,0.23101050000000001,-0.18217111111111164,0.38021126543209655
,,,,,,,,,,,,,,10.1,0.2526195,0.015911388888889183,0.20696450617284043,0.27422849999999999,-0.044971111111111489,0.069499845679013364,10.1,0.28297499999999998,0.0076222222222222793,-0.040757716049381471,0.23478350000000001,0.0017149999999998245,0.46140910493827197,10.1,0.26908350000000003,0.01057583333333346,-0.076645679012347853,0.28537599999999996,-0.0055261111111109644,-0.20140663580246701,10.1,0.27834449999999999,-0.04944916666666694,-0.25386234567900995,0.31058649999999999,-0.13148333333333376,-0.48353472222222083,10.1,0.26633950000000001,-0.0033347222222224592,0.036470216049382671,0.27131300000000003,-0.0052402777777778289,0.053990740740738757,10.1,0.26908350000000003,0.020389444444444828,-0.042028086419756146,0.27680100000000002,0.015530277777777754,-0.10221188271605057,,,,,,,,10.1,0.26068000000000002,0.2233311111111117,0.0011115740740677848,0.28091699999999997,-0.20932527777777846,-0.077439660493822102,10.1,0.320019,0.03391888888888888,-0.45870956790123518,0.21488950000000001,-0.068981111111111326,0.56547361111111261,10.1,0.31418800000000002,0.12786277777777802,-0.43684861111111423,0.22260699999999997,-0.1585422222222227,0.42245108024691808
,,,,,,,,,,,,,,10.149999999999999,0.2536485,0.02715416666666691,0.20770555555555348,0.27199899999999999,-0.03934972222222239,0.10237067901234966,10.149999999999999,0.28331800000000001,0.0049544444444445911,-0.05425540123456829,0.23529799999999998,0.024200555555555486,0.44288287037037072,10.149999999999999,0.269598,0.0072411111111111452,-0.090196296296299314,0.28451850000000001,-0.013434166666666561,-0.16943564814814818,10.149999999999999,0.27542899999999998,-0.061644722222222233,-0.18939104938271034,0.30304049999999999,-0.15368305555555553,-0.35644475308641299,10.149999999999999,0.266511,-0.00085750000000007684,0.034405864197532242,0.27148450000000002,0.00028583333333323714,0.051555864197530027,10.149999999999999,0.26994100000000004,0.017435833333333237,-0.058437037037041228,0.27765849999999997,0.010385277777777743,-0.12126743827160509,,,,,,,,10.149999999999999,0.2718275,0.22075861111111098,-0.10025339506173923,0.27028399999999997,-0.2108497222222224,0.017785185185197731,10.149999999999999,0.32121949999999999,0.010385277777777768,-0.46850200617283971,0.21094499999999999,-0.034395277777777795,0.71394814814814955,10.149999999999999,0.320019,0.10451972222222211,-0.47008996913580575,0.21574699999999999,-0.14244027777777779,0.51195925925926655
,,,,,,,,,,,,,,10.199999999999999,0.25536350000000002,0.037825277777777659,0.18441543209876285,0.27028399999999997,-0.033251944444444209,0.10485848765432303,10.199999999999999,0.28348950000000001,0.0018102777777777655,-0.063624382716050601,0.23718449999999999,0.046495555555555353,0.41271157407407272,10.199999999999999,0.26994100000000004,0.0016197222222220353,-0.10284706790123672,0.28400399999999998,-0.020579999999999928,-0.16620679012345718,10.199999999999999,0.27199899999999999,-0.069552777777777047,-0.10422330246913387,0.29480850000000003,-0.16692666666666567,-0.22829614197530837,10.199999999999999,0.26633950000000001,0.00028583333333331954,0.026571913580247974,0.27165600000000001,0.00076222222222215507,0.030012499999999418,10.199999999999999,0.2707985,0.014577499999999731,-0.072305246913580909,0.27800150000000001,0.0026677777777777529,-0.12454922839506004,,,,,,,,10.199999999999999,0.28297499999999998,0.21294583333333192,-0.19103194444444185,0.25965099999999997,-0.20761027777777621,0.11480972222222356,10.199999999999999,0.321048,-0.013053055555555483,-0.47061929012345477,0.21111650000000001,0.007812777777777731,0.7620104938271558,10.199999999999999,0.32464949999999998,0.08041444444444408,-0.49290370370369879,0.2076865,-0.11338055555555478,0.70225015432098392
,,,,,,,,,,,,,,10.25,0.25759300000000002,0.045447500000000009,0.15837283950617398,0.26874049999999999,-0.028297499999999809,0.095436574074073924,10.25,0.28348950000000001,-0.0015244444444444914,-0.071775925925928075,0.24010000000000001,0.065836944444444476,0.36957191358024977,10.25,0.2697695,-0.004192222222222688,-0.093901543209875774,0.28263199999999999,-0.030107777777777872,-0.16117824074074238,10.25,0.26822600000000002,-0.072029999999999761,-0.018685030864202926,0.28623349999999997,-0.17588277777777797,-0.10956944444445192,10.25,0.266511,0.0016197222222222314,0.020167129629630895,0.27148450000000002,0.0020961111111110022,0.025195679012345058,10.25,0.27148450000000002,0.010194722222222131,-0.083103395061728008,0.27782999999999997,-0.0034299999999998602,-0.10464675925925911,,,,,,,,10.25,0.293265,0.2012266666666668,-0.27260030864196433,0.249361,-0.19979749999999985,0.21770972222221163,10.25,0.320019,-0.037825277777777909,-0.44886419753086632,0.21214550000000001,0.043923055555555389,0.74713657407407685,10.25,0.32807950000000002,0.055546944444444746,-0.51809938271604716,0.20357049999999999,-0.067647222222222234,0.80414444444444122
,,,,,,,,,,,,,,10.299999999999999,0.25982250000000001,0.053736666666666794,0.12846620370370485,0.26754,-0.024676944444444338,0.10252947530864094,10.299999999999999,0.28331800000000001,-0.0047638888888891767,-0.089349382716050627,0.24370149999999999,0.084797222222222399,0.29858996913580471,10.299999999999999,0.26942649999999996,-0.0082891666666667831,-0.072728703703699341,0.28091699999999997,-0.038206388888889074,-0.12862499999999974,10.299999999999999,0.26462450000000004,-0.070315000000000252,0.049544444444440401,0.27697250000000001,-0.17855055555555599,0.019584876543208486,10.299999999999999,0.266511,0.0025725000000001823,0.011380401234567917,0.2718275,0.003715833333333151,0.015562037037036965,10.299999999999999,0.2718275,0.0056213888888887341,-0.081621296296295678,0.27748700000000004,-0.0067647222222221347,-0.10030632716049592,,,,,,,,10.299999999999999,0.30321199999999998,0.18607750000000065,-0.35925015432098456,0.23941400000000002,-0.18598222222222274,0.31902175925925447,10.299999999999999,0.31710349999999998,-0.05945333333333358,-0.39900216049382808,0.21506099999999997,0.085845277777777992,0.6500061728395109,10.299999999999999,0.33030900000000002,0.028583333333333526,-0.53948395061728738,0.20134099999999999,-0.028106944444444486,0.79721033950617415
,,,,,,,,,,,,,,10.35,0.26308100000000001,0.059453333333333552,0.079927469135801024,0.26616800000000002,-0.01915083333333335,0.12841327160493773,10.35,0.28314649999999997,-0.010385277777778097,-0.10824614197530619,0.2488465,0.097659722222222467,0.20135370370370345,10.35,0.26891199999999998,-0.011433333333333047,-0.050020833333330433,0.27868749999999998,-0.043637222222222265,-0.079662808641972907,10.35,0.2611945,-0.06707555555555593,0.11740339506172959,0.26805449999999997,-0.1735961111111114,0.14254614197531293,10.35,0.26685400000000004,0.002286666666666676,0.011856790123455578,0.27199899999999999,0.0031441666666665422,0.016408950617284583,10.35,0.27199899999999999,0.002115166666666599,-0.075216512345677652,0.27731549999999999,-0.012576666666666908,-0.1079814814814824,,,,,,,,10.35,0.31213000000000002,0.16521166666666723,-0.44235354938272159,0.23049599999999998,-0.16625972222222277,0.38730416666667028,10.35,0.31384499999999999,-0.076698611111111301,-0.36359058641975084,0.22140650000000001,0.11376166666666716,0.46357932098765336,10.35,0.33099500000000004,0.00057166666666657576,-0.53974861111111583,0.20031199999999999,0.017435833333333456,0.68303580246913675
,,,,,,,,,,,,,,10.399999999999999,0.26599650000000002,0.060882500000000055,0.045786265432093666,0.265482,-0.010956944444444436,0.13709413580246918,10.399999999999999,0.28228899999999996,-0.016387777777777651,-0.11470385802468769,0.25399149999999998,0.10185194444444461,0.15874336419752733,10.399999999999999,0.26822600000000002,-0.013243611111110894,-0.028424537037036707,0.27645799999999998,-0.046400277777777617,-0.02519567901234282,10.399999999999999,0.25776450000000001,-0.059929722222222294,0.20490015432099229,0.25947950000000003,-0.16435416666666655,0.26630138888889532,10.399999999999999,0.26668249999999999,0.0029536111111110792,0.024931018518517662,0.27199899999999999,0.0049544444444443161,0.022654938271606251,10.399999999999999,0.27199899999999999,-0.0017149999999999429,-0.071458333333332291,0.27628649999999999,-0.019055555555555631,-0.088502469135800302,,,,,,,,10.399999999999999,0.31984750000000001,0.14110638888888885,-0.51000077160494728,0.22277849999999999,-0.14587027777777786,0.43478425925926767,10.399999999999999,0.30955749999999999,-0.095182499999999989,-0.3377067901234509,0.22706600000000002,0.12910138888888897,0.33310169753085644,10.399999999999999,0.33030900000000002,-0.026391944444444908,-0.51963441358024653,0.20425650000000001,0.041826944444444437,0.54456543209876351
,,,,,,,,,,,,,,10.449999999999999,0.26908350000000003,0.063169166666665957,0.024348765432097269,0.26513900000000001,-0.0040016666666665901,0.1168740740740724,10.449999999999999,0.2814315,-0.021532777777777398,-0.12576666666666672,0.25879350000000001,0.10918833333333285,0.17975740740740595,10.449999999999999,0.26754,-0.013910555555555306,-0.013868209876544428,0.2738855,-0.045733333333332883,0.020855246913579577,10.449999999999999,0.25484899999999999,-0.045923888888888466,0.2796402777777775,0.25124750000000001,-0.14672777777777687,0.38645725308641588,10.449999999999999,0.26702550000000003,0.0056213888888888607,0.023395987654319716,0.27251349999999996,0.0062883333333333645,0.012756635802470504,10.449999999999999,0.2718275,-0.0051449999999998554,-0.07209351851851882,0.27525749999999999,-0.022676111111110894,-0.044833487654319541,,,,,,,,10.449999999999999,0.3263645,0.11376166666666571,-0.5647854938271577,0.21591849999999999,-0.12367055555555469,0.50221975308641931,10.449999999999999,0.30424099999999998,-0.11157027777777684,-0.29382608024691154,0.23426900000000001,0.14320249999999893,0.27784058641975107,10.449999999999999,0.32825099999999996,-0.051354722222222073,-0.49655601851851361,0.20477099999999998,0.061168333333332991,0.59654475308641708
,,,,,,,,,,,,,,10.5,0.27234199999999997,0.064217222222221954,-0.013974074074068388,0.26513900000000001,0.0015244444444443399,0.080827314814813589,10.5,0.28023100000000001,-0.02839277777777786,-0.14413410493827492,0.2642815,0.12538555555555578,0.099829938271608354,10.5,0.26685400000000004,-0.014672777777777679,0.0012174382716022281,0.2718275,-0.043351388888888849,0.04938564814814566,10.5,0.25313400000000003,-0.030012499999999814,0.32002746913579955,0.24473050000000002,-0.12557611111111133,0.50206095679011775,10.5,0.26736850000000001,0.0061930555555553615,0.0063518518518516929,0.27268500000000001,0.0065741666666667602,-0.0048697530864193544,10.5,0.27148450000000002,-0.0087655555555556305,-0.074845987654322474,0.2738855,-0.023343055555555468,-0.0020114197530871273,,,,,,,,10.5,0.33133799999999997,0.083844444444444458,-0.60114984567900731,0.21043049999999999,-0.099851111111110932,0.63227391975308267,10.5,0.29823850000000002,-0.12471861111111095,-0.24502268518519355,0.24147199999999999,0.15511222222222221,0.26227854938272471,10.5,0.32516400000000001,-0.075650555555555596,-0.47755339506173017,0.20923,0.10023222222222228,0.66879706790124027
,,,,,,,,,,,,,,10.549999999999999,0.27560049999999997,0.062978611111111457,-0.075057716049378623,0.265482,0.0035252777777776342,0.053514351851852014,10.549999999999999,0.27868749999999998,-0.036777222222222447,-0.14879212962963073,0.27217050000000004,0.12605250000000015,-0.10189429012345601,10.549999999999999,0.26599650000000002,-0.013910555555555733,0.020220061728393818,0.269598,-0.041160000000000037,0.082521141975308313,10.549999999999999,0.25193350000000003,-0.014482222222222374,0.36385524691357801,0.23838499999999999,-0.097278611111111371,0.62311666666666732,10.549999999999999,0.26771149999999999,0.0056213888888887653,-0.0015350308641957037,0.27319949999999998,0.0060024999999999523,-0.027524691358023795,10.549999999999999,0.27096999999999999,-0.012671944444444652,-0.072781635802468145,0.2728565,-0.022104444444444437,0.025460339506172412,,,,,,,,10.549999999999999,0.33476800000000001,0.052974444444444581,-0.62121111111111083,0.20494250000000003,-0.058881666666666645,0.72506388888888751,10.549999999999999,0.29172150000000002,-0.13605666666666705,-0.19325509259260096,0.24953249999999999,0.17073777777777824,0.22332052469136462,10.549999999999999,0.32070499999999996,-0.099755833333333446,-0.44605879629630052,0.21506099999999997,0.13396055555555594,0.6341265432098836
,,,,,,,,,,,,,,10.6,0.27885900000000002,0.05697611111111147,-0.14222854938271753,0.265482,0.005335555555555452,0.050656018518519995,10.6,0.27645799999999998,-0.043923055555555653,-0.14169922839506113,0.27765849999999997,0.1113797222222223,-0.2412645061728379,10.6,0.265482,-0.012957777777777799,0.046368518518518864,0.26754,-0.035538611111111056,0.12222021604938364,10.6,0.251419,0.0060024999999997719,0.40641265432098822,0.23461200000000001,-0.060882500000000069,0.69161080246913864,10.6,0.26788299999999998,0.0055261111111112454,-0.00095277777777645145,0.27337099999999998,0.0035252777777780089,-0.043086728395061148,10.6,0.27028399999999997,-0.017245277777777623,-0.046791975308640064,0.27165600000000001,-0.020294166666666672,0.041128240740741243,,,,,,,,10.6,0.33665449999999997,0.021532777777777849,-0.63190339506173065,0.20459950000000002,-0.018293333333333467,0.65656975308642007,10.6,0.28451850000000001,-0.14444111111111183,-0.13391820987654829,0.25879350000000001,0.18093250000000058,0.11941481481481751,10.6,0.31504550000000003,-0.12090750000000035,-0.40101358024691908,0.22243550000000001,0.17045194444444514,0.4742186728395108
,,,,,,,,,,,,,,10.649999999999999,0.2814315,0.047734166666666696,-0.1903967592592628,0.26582499999999998,0.0097183333333333566,0.029006790123458647,10.649999999999999,0.27422849999999999,-0.05002083333333332,-0.14476929012345613,0.28314649999999997,0.096992777777778302,-0.2830808641975307,10.649999999999999,0.26462450000000004,-0.01009944444444448,0.085379475308641817,0.26599650000000002,-0.028488055555555409,0.15255030864197511,10.649999999999999,0.25244800000000001,0.028202222222222,0.406518518518521,0.23238250000000002,-0.025343888888888989,0.69944475308642218,10.649999999999999,0.26822600000000002,0.006002500000000111,-0.0067753086419761266,0.27354250000000002,0.0012386111111113288,-0.048327006172842017,10.649999999999999,0.26908350000000003,-0.018579166666666449,0.00089984567901173868,0.2707985,-0.017626388888888744,0.048115277777777556,,,,,,,,10.649999999999999,0.33699750000000001,-0.011052222222222212,-0.62369891975308855,0.20408500000000002,0.0060024999999997867,0.58892253086419977,10.649999999999999,0.277144,-0.14958611111111203,-0.072305246913579035,0.26805449999999997,0.18255222222222281,0.012068518518517349,10.649999999999999,0.30852849999999998,-0.13986777777777851,-0.35183966049382875,0.23358299999999999,0.18026555555555626,0.3201862654320986
,,,,,,,,,,,,,,10.699999999999999,0.283661,0.037253611111111001,-0.22384984567901403,0.26668249999999999,0.0099088888888891127,-0.018790895061728811,10.699999999999999,0.27165600000000001,-0.058976944444444401,-0.13338888888888889,0.28743400000000002,0.0810813888888893,-0.27265324074074471,10.699999999999999,0.2642815,-0.0037158333333334897,0.10962237654321029,0.26462450000000004,-0.01991305555555559,0.17324675925925778,10.699999999999999,0.25433449999999996,0.048496388888888818,0.36692530864197836,0.23203950000000001,0.01086166666666658,0.6638214506172847,10.699999999999999,0.268569,0.0050497222222221283,-0.015509104938272117,0.27354250000000002,-0.0020008333333335127,-0.039752006172841921,10.699999999999999,0.26822600000000002,-0.016101944444444516,0.030541820987653415,0.26994100000000004,-0.015816111111111041,0.060289660493824483,,,,,,,,10.699999999999999,0.33545399999999997,-0.041826944444444479,-0.59500972222222159,0.20477099999999998,0.036205555555555498,0.59082808641975559,10.699999999999999,0.26942649999999996,-0.15149166666666733,-0.014132870370362266,0.277144,0.18064666666666718,-0.072199382716054084,10.699999999999999,0.30098249999999999,-0.15644611111111165,-0.29377314814814354,0.24010000000000001,0.19398555555555622,0.30203055555555031
,,,,,,,,,,,,,,10.749999999999998,0.28520449999999997,0.025248611111111017,-0.25036882716049286,0.26702550000000003,0.0062883333333332535,-0.038905092592594052,10.749999999999998,0.26822600000000002,-0.065646388888889018,-0.081833024691356046,0.2910355,0.069362222222222242,-0.25211558641975784,10.749999999999998,0.2642815,0.002381944444444509,0.1057583333333328,0.26393850000000002,-0.010099444444444569,0.1735114197530849,10.749999999999998,0.25742149999999997,0.065932222222222434,0.30351265432098712,0.2337545,0.041445833333333196,0.61088935185185045,10.749999999999998,0.26874049999999999,0.0039063888888888421,-0.015667901234566232,0.27319949999999998,-0.0026677777777780061,-0.02995956790123341,10.749999999999998,0.26754,-0.014196388888888837,0.035358641975308351,0.26908350000000003,-0.011528611111111439,0.074210802469133932,,,,,,,,10.749999999999998,0.33271000000000001,-0.070410277777777586,-0.56452083333332936,0.2076865,0.066027500000000086,0.58463503086419644,10.749999999999998,0.26188049999999996,-0.15053888888888892,0.036205555555567405,0.28623349999999997,0.1752158333333336,-0.15223271604939156,10.749999999999998,0.29275049999999997,-0.16978500000000016,-0.22416743827159535,0.25227650000000001,0.21675694444444468,0.1808160493827046
,,,,,,,,,,,,,,10.799999999999999,0.28623349999999997,0.012195555555555666,-0.26968904320987347,0.26719699999999996,0.0042874999999999103,-0.027048302469135255,10.799999999999999,0.26479599999999998,-0.066884999999999528,-0.033188425925925837,0.294294,0.058595833333332986,-0.28117530864197454,10.799999999999999,0.26462450000000004,0.0069552777777775283,0.095912962962961854,0.26376700000000003,-0.0025725000000002443,0.17060015432098627,10.799999999999999,0.2611945,0.078032499999999713,0.24846327160493584,0.23615549999999999,0.071553611111110541,0.55594583333333203,10.799999999999999,0.26891199999999998,0.0034300000000002016,-0.015191512345677212,0.27337099999999998,-0.0046686111111109907,-0.025936728395059745,10.799999999999999,0.26685400000000004,-0.012862499999999923,0.040598919753084224,0.26891199999999998,-0.008765555555555837,0.094801388888890059,,,,,,,,10.799999999999999,0.32842250000000001,-0.098421944444443618,-0.52847407407407176,0.21145949999999999,0.094991944444443935,0.57399567901234338,10.799999999999999,0.25433449999999996,-0.14796638888888761,0.088608333333334843,0.29480850000000003,0.16597388888888789,-0.24010000000000067,10.799999999999999,0.28383249999999999,-0.17902694444444331,-0.14789228395061468,0.26308100000000001,0.21637583333333188,-0.011115740740741327
,,,,,,,,,,,,,,10.85,0.28657650000000001,-0.0032394444444442832,-0.25883796296296391,0.26736850000000001,0.0037158333333334498,-0.013550617283950808,10.85,0.26153750000000003,-0.067361388888888887,-0.010639351851855881,0.29720950000000002,0.042303333333333352,-0.3319901234567888,10.85,0.26496749999999997,0.011338055555555339,0.092631172839509002,0.26359549999999998,0.0062883333333331294,0.17329969135802636,10.85,0.26513900000000001,0.090323333333333269,0.19568996913580441,0.24095749999999999,0.09918416666666674,0.45770385802469787,10.85,0.26908350000000003,0.0028583333333335888,-0.02180802469135849,0.27268500000000001,-0.0058119444444443046,-0.013815277777778521,10.85,0.26616800000000002,-0.010290000000000304,0.0468449074074066,0.26805449999999997,-0.0030488888888888627,0.12820154320987887,,,,,,,,10.85,0.32276300000000002,-0.12395638888888873,-0.47792391975309406,0.21711900000000001,0.1245280555555557,0.5371020061728452,10.85,0.24696000000000001,-0.14234499999999975,0.15345015432097878,0.30304049999999999,0.15168222222222219,-0.33458379629629059,10.85,0.27474299999999996,-0.18493416666666662,-0.063306790123464088,0.274057,0.21142138888888903,-0.13899969135801538
,,,,,,,,,,,,,,10.899999999999999,0.285719,-0.015244444444444527,-0.21987993827160621,0.26754,0.0039063888888887901,-0.014820987654321986,10.899999999999999,0.25810749999999999,-0.068028333333333635,0.012703703703702099,0.2985815,0.024010000000000017,-0.35676234567901277,10.899999999999999,0.26565349999999999,0.017054722222222523,0.075322376543211542,0.2642815,0.016387777777777807,0.14662191358024854,10.899999999999999,0.27028399999999997,0.10013694444444447,0.096706944444446816,0.24644549999999998,0.11890666666666716,0.32712037037037317,10.899999999999999,0.26925500000000002,0.0013338888888889467,-0.028900925925927235,0.27268500000000001,-0.00524027777777792,-0.014397530864198043,10.899999999999999,0.26582499999999998,-0.0076222222222223704,0.044939351851854298,0.26839750000000001,0.0060977777777778486,0.12269660493827218,,,,,,,,10.899999999999999,0.31590300000000004,-0.14653722222222262,-0.41747546296296845,0.2241505,0.14939555555555598,0.47961774691358333,10.899999999999999,0.23992850000000002,-0.13272194444444488,0.22146790123456303,0.31024350000000001,0.13157861111111133,-0.41107067901234351,10.899999999999999,0.26513900000000001,-0.18598222222222249,0.031441666666662843,0.28434700000000002,0.20094083333333382,-0.23221311728394889
,,,,,,,,,,,,,,10.949999999999999,0.28486149999999999,-0.023819444444444473,-0.20315339506172778,0.26788299999999998,0.0021913888888888109,-0.016461882716049626,10.949999999999999,0.2546775,-0.067170833333333471,0.054625925925926654,0.2996105,0.0056213888888889492,-0.3532688271604954,10.949999999999999,0.26685400000000004,0.019627222222222306,0.045521604938269566,0.265482,0.022199722222222208,0.098030246913580268,10.949999999999999,0.27560049999999997,0.10099444444444473,-0.023395987654320827,0.25313400000000003,0.13157861111111155,0.19780725308641531,10.949999999999999,0.26925500000000002,-0.00076222222222215507,-0.023713580246914528,0.27234199999999997,-0.007431666666666701,-0.010798148148146445,10.949999999999999,0.265482,-0.0060977777777776318,0.048379938271606943,0.26891199999999998,0.010956944444444431,0.084585493827159963,,,,,,,,10.949999999999999,0.30801400000000001,-0.16625972222222274,-0.34310586419752931,0.23203950000000001,0.17311972222222269,0.40291913580246641,10.949999999999999,0.23358299999999999,-0.12014527777777827,0.2887975308642004,0.31624599999999997,0.10937888888888914,-0.46421450617284016,10.949999999999999,0.25587799999999999,-0.18112305555555597,0.11380401234568038,0.294294,0.18741138888888917,-0.29843117283951076
,,,,,,,,,,,,,,10.999999999999998,0.28348950000000001,-0.034490555555555483,-0.20437083333333125,0.26771149999999999,0.0012386111111110437,-0.0011115740740740405,10.999999999999998,0.25124750000000001,-0.063264444444444637,0.109728240740743,0.29926750000000002,-0.01400583333333346,-0.29769012345679091,10.999999999999998,0.26771149999999999,0.020389444444444259,0.033558950617282743,0.26668249999999999,0.02448638888888886,0.073840277777776742,10.999999999999998,0.28057399999999999,0.096611666666666762,-0.12661358024691613,0.25982250000000001,0.13815277777777757,0.080456790123449126,10.999999999999998,0.26908350000000003,-0.0013338888888888526,-0.013233024691359424,0.2718275,-0.0074316666666664408,0.0097924382716058269,10.999999999999998,0.26513900000000001,-0.0032394444444443088,0.059495679012345461,0.269598,0.013719999999999913,0.057113734567901059,,,,,,,,10.999999999999998,0.29909600000000003,-0.1815041666666668,-0.25507978395060937,0.24164350000000001,0.19208000000000003,0.2818634259259174,10.999999999999998,0.22775199999999998,-0.10366222222222223,0.35104567901235217,0.32121949999999999,0.085464166666666966,-0.51698780864197869,10.999999999999998,0.24696000000000001,-0.17378666666666684,0.18118657407408034,0.30321199999999998,0.17073777777777777,-0.35633888888889675
,,,,,,,,,,,,,,11.049999999999999,0.2814315,-0.045256944444444024,-0.18939104938271531,0.26788299999999998,0.0024772222222221004,0.0091572530864207444,11.049999999999999,0.24816049999999998,-0.055356388888888684,0.15165046296296325,0.29772399999999999,-0.024867500000000028,-0.22856080246913435,11.049999999999999,0.26874049999999999,0.023057222222222017,0.019267283950619447,0.26771149999999999,0.029440833333333121,0.051555864197530221,11.049999999999999,0.28537599999999996,0.088227222222221888,-0.22427330246913349,0.26719699999999996,0.13891499999999901,-0.020220061728393846,11.049999999999999,0.26908350000000003,-0.0012386111111111723,-0.015297376543211711,0.27148450000000002,-0.0057166666666664924,0.018314506172837332,11.049999999999999,0.26513900000000001,9.5277777777803442e-05,0.065741666666665241,0.27028399999999997,0.015816111111110965,0.043827777777779575,,,,,,,,11.049999999999999,0.28966350000000002,-0.19188944444444325,-0.16403657407407476,0.25176199999999999,0.20075027777777657,0.16684197530864153,11.049999999999999,0.2231215,-0.084606666666665983,0.40201929012345455,0.32499250000000002,0.057547777777777566,-0.56145077160493795,11.049999999999999,0.23838499999999999,-0.1632108333333325,0.25047469135802319,0.311444,0.1517774999999989,-0.41493472222221989
,,,,,,,,,,,,,,11.1,0.27885900000000002,-0.054213055555555521,-0.15678487654321346,0.26805449999999997,0.0023819444444444426,0.016726543209879031,11.1,0.24575949999999999,-0.04744833333333337,0.18208641975308623,0.29669499999999999,-0.03363305555555561,-0.21268117283950586,11.1,0.27011249999999998,0.023724166666666907,-0.016885339506169928,0.2697695,0.031536944444444374,-0.00042345679012217689,11.1,0.28966350000000002,0.073935555555555893,-0.31118780864197382,0.2738855,0.13519916666666676,-0.10459382716048722,11.1,0.26908350000000003,-0.0029536111111113615,-0.015614969135803342,0.27131300000000003,-0.0046686111111112682,0.013497685185183276,11.1,0.26513900000000001,0.0036205555555554915,0.064841820987654467,0.27114149999999998,0.018293333333333658,0.028847993827161422,,,,,,,,11.1,0.27971650000000003,-0.19751083333333366,-0.080403858024702124,0.26170900000000002,0.20741972222222241,0.073575617283958797,11.1,0.21917700000000001,-0.062883333333333374,0.43843657407406966,0.32705050000000002,0.027821111111110949,-0.57336049382716192,11.1,0.23049599999999998,-0.14910972222222238,0.32521481481480879,0.31847549999999997,0.12995888888888885,-0.48422283950616585
,,,,,,,,,,,,,,11.149999999999999,0.27594350000000001,-0.061263611111111303,-0.11152793209876743,0.26805449999999997,0.0037158333333335808,0.030859413580248688,11.149999999999999,0.24335849999999998,-0.037920555555555534,0.22469675925926044,0.29463699999999998,-0.046209722222222194,-0.19606049382716059,11.149999999999999,0.27131300000000003,0.020865833333333694,-0.044727623456791439,0.27114149999999998,0.02858333333333328,-0.039699074074072187,11.149999999999999,0.29292200000000002,0.055928055555555668,-0.37354182098765709,0.28074549999999998,0.12910138888888911,-0.19870709876543002,11.149999999999999,0.26874049999999999,-0.0038111111111113257,-0.00026466049382570359,0.27114149999999998,-0.0053355555555556966,0.024031172839506666,11.149999999999999,0.265482,0.0073363888888889591,0.048379938271605756,0.27217050000000004,0.019436666666666758,0.0021702160493799194,,,,,,,,11.149999999999999,0.2697695,-0.19951166666666756,-0.0029112654321008318,0.27268500000000001,0.20913472222222251,-0.033029629629626599,11.149999999999999,0.216776,-0.03982611111111134,0.45537484567901149,0.32773649999999999,-0.001143333333333619,-0.55456959876543255,11.149999999999999,0.22329299999999999,-0.13062583333333375,0.39730833333333276,0.32464949999999998,0.1036622222222225,-0.55245231481481294
,,,,,,,,,,,,,,11.199999999999999,0.27268500000000001,-0.06631333333333346,-0.04811527777777766,0.26839750000000001,0.0055261111111113625,0.044462962962962427,11.199999999999999,0.241815,-0.025153333333333156,0.26968904320987652,0.29189300000000001,-0.055261111111111129,-0.14508688271604944,11.199999999999999,0.27217050000000004,0.018007499999999944,-0.052826234567903835,0.27251349999999996,0.026582500000000203,-0.060554320987653197,11.199999999999999,0.295323,0.035729166666666604,-0.41710493827160772,0.28709099999999999,0.11652472222222247,-0.31049969135802613,11.199999999999999,0.268569,-0.0024772222222222231,0.006669444444446229,0.27062700000000001,-0.0034299999999999561,0.052720370370371063,11.199999999999999,0.26599650000000002,0.0086702777777778756,0.026148456790123151,0.27319949999999998,0.018388611111110915,-0.021649228395064047,,,,,,,,11.199999999999999,0.25965099999999997,-0.19798722222222276,0.080139197530871342,0.28297499999999998,0.20360861111111159,-0.12973657407407649,11.199999999999999,0.21523249999999999,-0.017054722222222415,0.46527314814814985,0.32687899999999998,-0.028678611111111241,-0.51338842592592371,11.199999999999999,0.21729049999999997,-0.10871194444444476,0.45484552469136269,0.32910849999999997,0.072315833333333621,-0.57341342592592837
,,,,,,,,,,,,,,11.249999999999998,0.26908350000000003,-0.066503888888889084,0.019426080246916087,0.268569,0.0082891666666667987,0.058013580246911445,11.249999999999998,0.24078600000000003,-0.010671111111111185,0.30727083333333233,0.2889775,-0.061358888888888914,-0.080033333333331846,11.249999999999998,0.27302799999999999,0.016101944444444329,-0.06859999999999998,0.2738855,0.022866666666666886,-0.081833024691359779,11.249999999999998,0.2965235,0.014196388888888719,-0.45368101851851855,0.29275049999999997,0.096516388888888985,-0.39434413580247213,11.249999999999998,0.268569,-0.0022866666666666101,-0.00052932098765415465,0.27062700000000001,0.0014291666666666001,0.056637345679012581,11.249999999999998,0.26633950000000001,0.0097183333333333618,0.0079927469135789419,0.274057,0.016292499999999779,-0.028953858024691182,,,,,,,,11.249999999999998,0.2498755,-0.19293749999999987,0.18478595679013365,0.29309350000000001,0.19551000000000021,-0.21686280864198412,11.249999999999998,0.21506099999999997,0.0061930555555555289,0.48051759259259375,0.32464949999999998,-0.052021666666666494,-0.47665354938271265,11.249999999999998,0.21231699999999998,-0.084225555555555456,0.49486219135803061,0.331681,0.044113611111111124,-0.55086435185185501
,,,,,,,,,,,,,,11.299999999999999,0.26582499999999998,-0.062597499999999681,0.054149537037037586,0.26925500000000002,0.01105222222222217,0.075428240740738367,11.299999999999999,0.24061449999999998,0.0064788888888887243,0.32452669753086372,0.28554750000000001,-0.062788055555555208,-0.022972530864198176,11.299999999999999,0.2738855,0.012195555555555638,-0.10067685185185056,0.27491450000000001,0.017340555555555394,-0.085379475308642747,11.299999999999999,0.29686649999999998,-0.0098136111111111046,-0.4785591049382667,0.29669499999999999,0.075745833333333082,-0.44939351851851628,11.299999999999999,0.26839750000000001,-0.0029536111111110592,-0.0019055555555574216,0.27096999999999999,0.0032394444444443786,0.041657561728396499,11.299999999999999,0.26702550000000003,0.0095277777777776802,-0.0088396604938281633,0.27474299999999996,0.015339722222222007,-0.033717746913576749,,,,,,,,11.299999999999999,0.23992850000000002,-0.17931277777777654,0.27884629629629359,0.30269750000000001,0.18264749999999877,-0.31346388888888738,11.299999999999999,0.21574699999999999,0.031155833333333171,0.48988657407407238,0.32173400000000002,-0.075555277777777249,-0.45076975308641787,11.299999999999999,0.20888699999999999,-0.05916749999999938,0.53170293209876296,0.33339599999999997,0.01810277777777752,-0.53831944444444113
,,,,,,,,,,,,,,11.35,0.26290950000000002,-0.059548611111111073,0.062883333333330613,0.269598,0.015339722222222111,0.097395061728394614,11.35,0.24147199999999999,0.023057222222222448,0.31579290123457032,0.28263199999999999,-0.062216388888889002,0.0041287037037012761,11.35,0.27440000000000003,0.0054308333333334541,-0.12179675925926099,0.27542899999999998,0.014482222222222162,-0.09289583333333179,11.35,0.29566599999999998,-0.035729166666666506,-0.46045632716049384,0.30046800000000001,0.051640555555555655,-0.49475632716049328,11.35,0.26822600000000002,-0.0029536111111113615,0.0040757716049364904,0.27096999999999999,0.0045733333333335263,0.040175462962964356,11.35,0.26736850000000001,0.0080033333333331663,-0.010110030864197036,0.27560049999999997,0.014005833333333573,-0.057219598765428342,,,,,,,,11.35,0.2316965,-0.16140055555555569,0.31589876543209044,0.31161549999999999,0.16416361111111114,-0.40620092592591628,11.35,0.21814799999999998,0.056595000000000069,0.47220725308642281,0.31710349999999998,-0.098517222222222312,-0.39884336419753458,11.35,0.20631450000000001,-0.031918055555555457,0.57828317901234316,0.33356749999999996,-0.0088608333333331565,-0.53837237654320969
,,,,,,,,,,,,,,11.399999999999999,0.259994,-0.057833611111111349,0.097342129629628252,0.27062700000000001,0.022199722222222145,0.093054629629630223,11.399999999999999,0.24301550000000002,0.038015833333333603,0.30393611111111096,0.2793735,-0.061930555555555711,0.014291666666667063,11.399999999999999,0.27440000000000003,-0.0011433333333335557,-0.12116157407407606,0.27645799999999998,0.0097183333333335665,-0.12645478395061691,11.399999999999999,0.29309350000000001,-0.057833611111111044,-0.402442746913583,0.30201149999999999,0.024772222222222234,-0.50438996913580414,11.399999999999999,0.26805449999999997,-0.0021913888888891813,0.005240277777779051,0.27131300000000003,0.0075269444444445973,0.032817901234567605,11.399999999999999,0.26771149999999999,0.0082891666666666895,-0.0071458333333322688,0.27628649999999999,0.0099088888888892949,-0.086014660493827569,,,,,,,,11.399999999999999,0.2241505,-0.14729944444444482,0.35416867283950387,0.31933299999999998,0.14063000000000067,-0.47231311728394726,11.399999999999999,0.221578,0.078890000000000252,0.44097731481481722,0.31161549999999999,-0.11614361111111114,-0.3309314814814836,11.399999999999999,0.205457,-0.00038111111111107672,0.60332006172839503,0.33253850000000001,-0.03611027777777779,-0.53127947530864483
,,,,,,,,,,,,,,11.449999999999999,0.256907,-0.051831111111111272,0.16525401234568002,0.27199899999999999,0.026010833333333257,0.064524228395062846,11.449999999999999,0.24524500000000002,0.053165000000000122,0.29340262345678708,0.27628649999999999,-0.059834444444444447,0.0072516975308659212,11.449999999999999,0.27422849999999999,-0.0068600000000001863,-0.11348641975308606,0.27662950000000003,0.00095277777777782373,-0.14201682098765553,11.449999999999999,0.28966350000000002,-0.075460000000000166,-0.34723456790123652,0.302869,-0.0006669444444444766,-0.47347762345679173,11.449999999999999,0.26805449999999997,-0.0020961111111111306,0.0013233024691383366,0.2718275,0.0084797222222223294,0.015350308641974009,11.449999999999999,0.26822600000000002,0.0080033333333333709,-0.015826697530864173,0.27662950000000003,0.0047638888888890856,-0.10189429012346078,,,,,,,,11.449999999999999,0.21711900000000001,-0.13348416666666699,0.50920679012345937,0.32567850000000004,0.11595305555555618,-0.51741126543210381,11.449999999999999,0.22603699999999999,0.10051805555555586,0.40884753086419678,0.30544150000000003,-0.13167388888888906,-0.25852037037037073,11.449999999999999,0.20631450000000001,0.030679444444444509,0.58505848765432045,0.32996599999999998,-0.063264444444444776,-0.49999660493827108
,,,,,,,,,,,,,,11.499999999999998,0.25450600000000001,-0.040016666666666804,0.21029922839506413,0.27337099999999998,0.027344722222222357,0.055102314814814431,11.499999999999998,0.24833200000000002,0.06793305555555533,0.2700595679012307,0.27354250000000002,-0.060120277777777696,-0.0067753086419736113,11.499999999999998,0.27371400000000001,-0.012290833333333378,-0.10607592592592495,0.27645799999999998,-0.0062883333333333792,-0.12190262345678955,11.499999999999998,0.28554750000000001,-0.091943055555555778,-0.29843117283950393,0.30184,-0.023724166666666841,-0.41467006172839338,11.499999999999998,0.26788299999999998,-0.0025724999999999013,0.0048697530864210952,0.27217050000000004,0.0091466666666666641,-0.003652314814816524,11.499999999999998,0.268569,0.0067647222222221208,-0.026254320987653412,0.27680100000000002,-0.0011433333333335531,-0.098983024691360735,,,,,,,,11.499999999999998,0.20940150000000002,-0.095849444444444598,0.64439537037037498,0.33099500000000004,0.089275277777777759,-0.563568055555563,11.499999999999998,0.2316965,0.12033583333333348,0.36517854938271088,0.29823850000000002,-0.14234500000000019,-0.17996913580246479,11.499999999999998,0.2087155,0.058405277777777757,0.55578703703703336,0.32602149999999996,-0.08670277777777774,-0.45458086419752458
,,,,,,,,,,,,,,11.549999999999999,0.25296249999999998,-0.028488055555555451,0.21178132716049528,0.27457150000000002,0.030869999999999839,0.055684567901233085,11.549999999999999,0.25210499999999997,0.081081388888888259,0.22702577160493875,0.27062700000000001,-0.06507472222222184,0.063571450617282074,11.549999999999999,0.27302799999999999,-0.017912222222222191,-0.090725617283950441,0.27594350000000001,-0.012100277777777587,-0.082097685185183886,11.549999999999999,0.2804025,-0.10623472222222181,-0.23067808641975085,0.30029649999999997,-0.042208055555555256,-0.35009290123456394,11.549999999999999,0.26771149999999999,-0.0017149999999999004,0.0092631172839506351,0.2728565,0.007622222222222033,-0.014873919753086136,11.549999999999999,0.26891199999999998,0.005145000000000133,-0.033506018518516693,0.27645799999999998,-0.0059072222222223648,-0.079556944444443778,,,,,,,,11.549999999999999,0.20751499999999998,-0.057071388888888581,0.57145493827160299,0.33476800000000001,0.059358055555555005,-0.60046172839505985,11.549999999999999,0.23821349999999999,0.13710472222222145,0.31642808641975145,0.2910355,-0.14891916666666583,-0.1153390432098771,11.549999999999999,0.21214550000000001,0.085654722222221494,0.53217932098765175,0.32121949999999999,-0.10814027777777675,-0.41419367283950376
,,,,,,,,,,,,,,11.6,0.25176199999999999,-0.018674444444444199,0.20532361111111233,0.27645799999999998,0.034299999999999914,0.032606172839506592,11.6,0.25656400000000001,0.091276111111111224,0.16853580246914132,0.26633950000000001,-0.057452500000000184,0.19913055555555229,11.6,0.2718275,-0.021723333333333424,-0.069341049382717734,0.275086,-0.01448222222222207,-0.041975154320988604,11.6,0.27474299999999996,-0.11633416666666675,-0.13365354938271831,0.2975525,-0.058500555555555361,-0.28847993827160662,11.6,0.26771149999999999,-0.00085749999999995346,-0.00037052469135796117,0.2728565,0.0071458333333333972,-0.017255864197529728,11.6,0.26908350000000003,0.0033347222222224518,-0.038111111111111727,0.276115,-0.0088608333333334306,-0.061612962962961572,,,,,,,,11.6,0.20494250000000003,-0.038778055555555489,0.48665771604938074,0.33699750000000001,0.027916388888888876,-0.6097248456790122,11.6,0.24541650000000001,0.15253972222222237,0.2539152777777845,0.28331800000000001,-0.15387361111111139,-0.052032253086427144,11.6,0.21729049999999997,0.11214194444444436,0.49735000000000773,0.31521700000000002,-0.1287202777777777,-0.35935601851852689
,,,,,,,,,,,,,,11.649999999999999,0.25107600000000002,-0.0085749999999997321,0.20675277777777676,0.278173,0.034490555555555517,0.0005822530864202604,11.649999999999999,0.26136599999999999,0.098136111111111354,0.10390570987654579,0.26445299999999999,-0.040683611111111385,0.25137453703703783,11.649999999999999,0.2707985,-0.024295833333333645,-0.057166666666666366,0.27440000000000003,-0.014863333333333279,-0.02784228395061937,11.649999999999999,0.268569,-0.12043111111111122,-0.025354475308641933,0.294294,-0.071077222222222181,-0.22623179012345992,11.649999999999999,0.26771149999999999,-0.0016197222222221412,-0.012650771604937683,0.27354250000000002,0.006860000000000064,-0.034352932098765811,11.649999999999999,0.26925500000000002,0.0013338888888889157,-0.040387191358026903,0.27560049999999997,-0.011814444444444417,-0.047215432098763686,,,,,,,,11.649999999999999,0.20322750000000001,-0.014768055555555699,0.5012669753086415,0.33751200000000003,-0.0027630555555558222,-0.59283950617284153,11.649999999999999,0.2536485,0.16368722222222268,0.16932978395061984,0.27542899999999998,-0.15406416666666725,0.0096336419753073055,11.649999999999999,0.22346449999999998,0.13615194444444498,0.44627052469136358,0.3081855,-0.14539388888888929,-0.27905802469136359
,,,,,,,,,,,,,,11.699999999999999,0.25090450000000003,0.0015244444444444921,0.21331635802468862,0.27988799999999997,0.034395277777777747,-0.033929475308641564,11.699999999999999,0.266511,0.10166138888888927,0.037899382716047675,0.26256649999999998,-0.028964444444444553,0.23173672839506498,11.699999999999999,0.26942649999999996,-0.027249444444444607,-0.046156790123452633,0.27371400000000001,-0.016864166666666822,-0.020908179012346956,11.699999999999999,0.26239499999999999,-0.1186208333333334,0.068547067901236811,0.29034950000000004,-0.081176666666666925,-0.15959027777777854,11.699999999999999,0.26754,-0.0023819444444443268,-0.018790895061727448,0.27371400000000001,0.0036205555555555015,-0.047427160493827725,11.699999999999999,0.26925500000000002,-0.0011433333333333705,-0.033982407407409855,0.27491450000000001,-0.014101111111110972,-0.025883796296295298,,,,,,,,11.699999999999999,0.20322750000000001,0.011528611111111024,0.53202052469135819,0.33665449999999997,-0.031822777777778151,-0.56399151234567757,11.699999999999999,0.26205200000000001,0.16911805555555601,0.088767129629626074,0.26788299999999998,-0.15282555555555591,0.071722993827164572,11.699999999999999,0.23101050000000001,0.1574941666666673,0.37782932098765193,0.30046800000000001,-0.15711305555555607,-0.18981450617283899
,,,,,,,,,,,,,,11.749999999999998,0.25107600000000002,0.0139105555555554,0.196589814814812,0.28177449999999998,0.030965277777777824,-0.06595339506172869,11.749999999999998,0.27165600000000001,0.10185194444444458,-0.026836574074080615,0.26136599999999999,-0.014386944444444287,0.14974490740740967,11.749999999999998,0.26805449999999997,-0.029345555555555278,-0.024825154320982836,0.27268500000000001,-0.018007500000000124,0.004816820987654972,11.749999999999998,0.25622100000000003,-0.10823555555555546,0.074898919753089988,0.28606199999999998,-0.087750833333333514,-0.07590462962962484,11.749999999999998,0.26754,-0.0041922222222220097,-0.010692283950616555,0.2738855,0.00085749999999998685,-0.039063888888889016,11.749999999999998,0.26908350000000003,-0.0025725000000002712,-0.018790895061729509,0.274057,-0.014101111111110972,-0.0096336419753085406,,,,,,,,11.749999999999998,0.204428,0.039635555555555375,0.55695154320987561,0.33425349999999998,-0.059167499999999956,-0.53397901234567413,11.749999999999998,0.27062700000000001,0.17197638888888891,0.016408950617275684,0.259994,-0.14758527777777788,0.14667484567901984,11.749999999999998,0.23941400000000002,0.17416777777777789,0.29991327160492925,0.292236,-0.1635919444444448,-0.11502145061727642
,,,,,,,,,,,,,,11.799999999999999,0.25244800000000001,0.023152499999999621,0.14498101851851755,0.28297499999999998,0.027249444444444368,-0.088343672839506157,11.799999999999999,0.27680100000000002,0.099184166666665866,-0.093636882716050487,0.26205200000000001,-0.016101944444444228,0.096071759259258704,11.799999999999999,0.266511,-0.031155833333332671,0.021014043209875936,0.2718275,-0.017245277777777748,0.046474382716049562,11.799999999999999,0.25244800000000001,-0.11099861111111047,0.085432407407406152,0.2814315,-0.090228055555554784,0.033453086419753766,11.799999999999999,0.26702550000000003,-0.0041922222222219715,0.011168672839505504,0.27371400000000001,-0.00066694444444442738,-0.02387237654321071,11.799999999999999,0.26891199999999998,-0.0024772222222224855,-0.012015586419751005,0.27354250000000002,-0.014386944444444263,-0.0031759259259272516,,,,,,,,11.799999999999999,0.20751499999999998,0.063550277777777289,0.62692777777777697,0.330652,-0.084606666666666094,-0.5138118827160455,11.799999999999999,0.2793735,0.17130944444444329,-0.066112191358023528,0.25296249999999998,-0.13843861111111025,0.22474969135802511,11.799999999999999,0.24850349999999999,0.18798305555555442,0.20987577160493656,0.28400399999999998,-0.16711722222222133,-0.066376851851848939
,,,,,,,,,,,,,,11.85,0.2536485,0.02763055555555537,0.10681697530864502,0.28451850000000001,0.022676111111111064,-0.12015586419753078,11.85,0.28177449999999998,0.092133611111110958,-0.15334429012345172,0.25913649999999999,-0.0086702777777777733,0.10634058641975264,11.85,0.26462450000000004,-0.027249444444444246,0.067223765432093616,0.2707985,-0.013148333333333337,0.084320833333332623,11.85,0.24490200000000001,-0.10861666666666675,0.24978657407406898,0.27662950000000003,-0.084225555555555554,0.13847037037036578,11.85,0.26702550000000003,-0.0023819444444443194,0.020961111111109872,0.27371400000000001,-0.00028583333333343522,-0.028265740740742246,11.85,0.26891199999999998,-0.0034299999999999474,-0.010956944444441568,0.27268500000000001,-0.015339722222222303,0.018049845679010808,,,,,,,,11.85,0.20974449999999997,0.10394805555555568,0.6516470679012426,0.32584999999999997,-0.11061749999999988,-0.49041589506173322,11.85,0.2879485,0.16597388888888906,-0.16006666666665798,0.24593099999999998,-0.12443277777777763,0.2886387345678964,11.85,0.25845050000000003,0.19608166666666685,0.10295293209877286,0.27560049999999997,-0.17083305555555559,-0.0071987654321032978
,,,,,,,,,,,,,,11.899999999999999,0.25519199999999997,0.031918055555555644,0.10242361111111425,0.28537599999999996,0.015339722222222145,-0.15366188271604866,11.899999999999999,0.28606199999999998,0.083272777777777987,-0.202253549382713,0.26102300000000001,0.00028583333333338806,0.02741882716049426,11.899999999999999,0.26376700000000003,-0.022390277777778061,0.078868827160491248,0.27045550000000002,-0.007526944444444599,0.096548148148148064,11.899999999999999,0.24044300000000002,-0.085559444444444743,0.41255277777777688,0.2728565,-0.074221388888889087,0.2050589506172823,11.899999999999999,0.26685400000000004,-0.0015244444444443685,0.019214351851850848,0.2738855,-0.0031441666666669125,-0.039063888888889252,11.899999999999999,0.268569,-0.0041922222222220478,-0.0014820987654311345,0.2718275,-0.013053055555555561,0.045415740740739945,,,,,,,,11.899999999999999,0.21814799999999998,0.13939138888888955,0.48628719135802934,0.31950450000000002,-0.13462750000000015,-0.44478842592593121,11.899999999999999,0.29618050000000001,0.15549333333333384,-0.25751466049382493,0.24044300000000002,-0.10823555555555564,0.32600879629629315,11.899999999999999,0.26839750000000001,0.19779666666666698,0.0031229938271627733,0.26668249999999999,-0.16940388888888899,0.081356635802467367
,,,,,,,,,,,,,,11.949999999999999,0.25673550000000001,0.037730000000000236,0.10173549382716113,0.28606199999999998,0.0072411111111111868,-0.18415077160493695,11.949999999999999,0.29017799999999999,0.072220555555555815,-0.25529151234567932,0.26016549999999999,-0.006955277777777681,-0.033982407407407059,11.949999999999999,0.26256649999999998,-0.019913055555555656,0.095489506172840369,0.27011249999999998,-0.0029536111111112726,0.094589660493829511,11.949999999999999,0.2364985,-0.062406944444444744,0.49057469135802784,0.26925500000000002,-0.063455000000000164,0.26180216049382793,11.949999999999999,0.26685400000000004,-0.00038111111111109212,0.013815277777777088,0.27337099999999998,-0.0055261111111112723,-0.028212808641973786,11.949999999999999,0.26839750000000001,-0.003429999999999862,0.0034405864197520966,0.27131300000000003,-0.0095277777777778936,0.051079475308640938,,,,,,,,11.949999999999999,0.22500800000000001,0.15130111111111177,0.33124907407407095,0.31230150000000001,-0.15616027777777827,-0.37338302469135914,11.949999999999999,0.30372650000000001,0.13958194444444483,-0.34199429012346011,0.23512650000000002,-0.091657222222222556,0.35686820987654339,11.949999999999999,0.27834449999999999,0.1957958333333337,-0.087814351851854613,0.25845050000000003,-0.16282972222222244,0.17308796296296416
,,,,,,,,,,,,,,11.999999999999998,0.258965,0.043446666666666751,0.074634259259257554,0.28623349999999997,-0.0035252777777776286,-0.20188302469135677,11.999999999999998,0.29343649999999999,0.057738333333333551,-0.30721790123457082,0.25982250000000001,-0.0073363888888886702,-0.024878086419754194,11.999999999999998,0.26153750000000003,-0.013434166666666655,0.1172445987654326,0.27011249999999998,0.002286666666666862,0.08400324074074289,11.999999999999998,0.23409749999999999,-0.035443333333333271,0.53080308641975649,0.26633950000000001,-0.048877500000000122,0.32378564814815003,11.999999999999998,0.26685400000000004,-9.5277777777773179e-05,0.0076222222222218153,0.27319949999999998,-0.0058119444444443905,-0.01804984567901112,11.999999999999998,0.26822600000000002,-0.0028583333333333087,-0.0074104938271624225,0.27096999999999999,-0.0073363888888890666,0.046156790123456491,,,,,,,,11.999999999999998,0.23289700000000002,0.16692666666666686,0.26762469135801564,0.30372650000000001,-0.1734055555555559,-0.27180632716048719,11.999999999999998,0.31024350000000001,0.1205263888888891,-0.40921805555556251,0.231182,-0.07288750000000023,0.38968611111111523,11.999999999999998,0.28811999999999999,0.18960277777777787,-0.18843827160494589,0.25021850000000001,-0.15177750000000009,0.25497391975309097
,,,,,,,,,,,,,,12.049999999999999,0.2611945,0.046495555555555429,0.020061265432097793,0.285719,-0.014386944444444156,-0.1897615740740731,12.049999999999999,0.29600900000000002,0.041350555555555328,-0.35342762345678969,0.25930800000000004,-0.0067647222222222544,-0.036523148148150282,12.049999999999999,0.2611945,-0.0065741666666667585,0.11121033950617241,0.27045550000000002,0.0054308333333335139,0.073416820987653578,12.049999999999999,0.23289700000000002,-0.0081938888888887316,0.53588456790123185,0.26411000000000001,-0.029631388888888804,0.3549626543209865,12.049999999999999,0.26685400000000004,9.5277777777772623e-05,0.0070399691358019809,0.2728565,-0.0068600000000000327,-0.013815277777777017,12.049999999999999,0.26822600000000002,-0.0040969444444446121,-0.017308796296296749,0.27062700000000001,-0.0058119444444445917,0.055208179012345975,,,,,,,,12.049999999999999,0.241815,0.17864583333333228,0.20622345679012152,0.29463699999999998,-0.18350499999999911,-0.16525401234567649,12.049999999999999,0.31590300000000004,0.098326666666665938,-0.46601419753086376,0.22775199999999998,-0.05240277777777743,0.41488179012345711,12.049999999999999,0.2975525,0.1775024999999989,-0.2972666666666644,0.24301550000000002,-0.1351991666666659,0.29154999999999659
,,,,,,,,,,,,,,12.1,0.26376700000000003,0.045923888888889007,-0.042716203703705054,0.28469,-0.023247777777777662,-0.1611782407407425,12.1,0.29772399999999999,0.021818611111111105,-0.38396944444444453,0.25982250000000001,-0.014386944444444737,0.018526234567901322,12.1,0.26102300000000001,-0.001905555555555551,0.097606790123457368,0.27062700000000001,0.0089561111111112045,0.074845987654319365,12.1,0.23324,0.019722500000000028,0.5101066358024694,0.26342399999999999,-0.010861666666666688,0.33887129629629759,12.1,0.26685400000000004,0.00038111111111109017,0.010586419753085448,0.27251349999999996,-0.0077175000000000065,-0.0011115740740721986,12.1,0.26788299999999998,-0.0062883333333334165,0.002434876543211127,0.27028399999999997,-0.0024772222222224057,0.074793055555558097,,,,,,,,12.1,0.25090450000000003,0.18788777777777796,0.14228148148148898,0.28520449999999997,-0.18903111111111126,-0.073946141975313268,12.1,0.32019049999999999,0.073363888888888701,-0.5093126543209836,0.2258655,-0.030298333333333118,0.4190634259259256,12.1,0.3061275,0.15939972222222235,-0.39598503086418974,0.23684150000000001,-0.12109805555555586,0.2981665123456731
,,,,,,,,,,,,,,12.149999999999999,0.26599650000000002,0.041064722222222017,-0.080774382716052071,0.28331800000000001,-0.030298333333333354,-0.13534737654321091,12.149999999999999,0.29823850000000002,0.0013338888888888524,-0.38185216049382836,0.25724999999999998,-0.011147500000000017,0.16266033950617662,12.149999999999999,0.26102300000000001,0.0022866666666666452,0.09787145061728475,0.27131300000000003,0.013148333333333271,0.071458333333331875,12.149999999999999,0.23512650000000002,0.043065555555555655,0.47474799382716143,0.2632525,0.0040969444444446433,0.31944521604938375,12.149999999999999,0.26685400000000004,0.0013338888888887925,0.011750925925924438,0.27199899999999999,-0.0070505555555553309,0.013815277777779661,12.149999999999999,0.26736850000000001,-0.00447805555555546,0.033135493827161473,0.27028399999999997,0.0025725000000001823,0.07833950617284248,,,,,,,,12.149999999999999,0.26068000000000002,0.19408083333333373,0.052879166666669385,0.27560049999999997,-0.1905555555555557,0.0086279320987646332,12.149999999999999,0.3232775,0.047067222222222427,-0.54318919753086281,0.22483650000000002,-0.010099444444444302,0.41424660493827065,12.149999999999999,0.31367349999999999,0.13672361111111156,-0.47157206790123291,0.23083899999999999,-0.10547250000000043,0.31314629629629626
,,,,,,,,,,,,,,12.199999999999999,0.26788299999999998,0.035729166666666319,-0.076804475308642026,0.28160299999999999,-0.03611027777777772,-0.12243194444444468,12.199999999999999,0.29772399999999999,-0.016959444444444596,-0.36496682098765415,0.25759300000000002,0.010575833333333652,0.14963904320987834,12.199999999999999,0.2611945,0.0074316666666667608,0.10507021604938312,0.27199899999999999,0.016292499999999877,0.060660185185185012,12.199999999999999,0.2375275,0.066122777777777891,0.45166959876543133,0.26376700000000003,0.01991305555555568,0.31203472222222056,12.199999999999999,0.26702550000000003,0.0017149999999998232,0.010057098765430468,0.2718275,-0.0062883333333330557,0.027789351851852055,12.199999999999999,0.26736850000000001,-0.0013338888888888524,0.035887962962962788,0.27062700000000001,0.0062883333333335492,0.063095061728395962,,,,,,,,12.199999999999999,0.27062700000000001,0.19360444444444488,-0.044674691358027568,0.26599650000000002,-0.18826888888888904,0.090196296296298287,12.199999999999999,0.32499250000000002,0.018674444444444573,-0.5662675925925944,0.22483650000000002,0.01057583333333329,0.41572870370370252,12.199999999999999,0.31984750000000001,0.11176083333333375,-0.53254984567901664,0.22655149999999999,-0.092800555555555789,0.38455169753086782
,,,,,,,,,,,,,,12.249999999999998,0.26942649999999996,0.032870833333333217,-0.060713117283948903,0.27971650000000003,-0.041922222222222111,-0.12005000000000106,12.249999999999998,0.2965235,-0.034681111111111086,-0.35099274691357779,0.25947950000000003,0.012100277777777954,-0.0080986111111134088,12.249999999999998,0.26170900000000002,0.013434166666666655,0.099618209876542838,0.2728565,0.020294166666666617,0.027524691358024937,12.249999999999998,0.24164350000000001,0.08975166666666666,0.39873749999999591,0.26513900000000001,0.036586666666666545,0.27646435185184859,12.249999999999998,0.26702550000000003,0.0020961111111107247,0.011750925925926241,0.27131300000000003,-0.0043827777777775559,0.040916512345677621,12.249999999999998,0.26736850000000001,-0.00019055555555554636,0.02408410493827098,0.27096999999999999,0.0087655555555557502,0.045839197530863657,,,,,,,,12.249999999999998,0.28023100000000001,0.18845944444444462,-0.12470802469136671,0.25656400000000001,-0.18121833333333337,0.16800648148148686,12.249999999999998,0.32516400000000001,-0.010290000000000027,-0.5716137345679021,0.2258655,0.03153694444444443,0.41128240740740513,12.249999999999998,0.32499250000000002,0.083558611111111111,-0.58632885802469792,0.2210635,-0.070600833333333321,0.5148175925925963
,,,,,,,,,,,,,,12.299999999999999,0.27114149999999998,0.030679444444444291,-0.063889043209873417,0.27748700000000004,-0.048782222222222275,-0.10422330246913693,12.299999999999999,0.294294,-0.05249805555555518,-0.32526774691357829,0.25930800000000004,0.0041922222222221372,-0.067117901234569344,12.299999999999999,0.26256649999999998,0.018674444444444393,0.070981944444444403,0.27422849999999999,0.020294166666666519,-0.027948148148146518,12.299999999999999,0.24678849999999999,0.10766388888888812,0.31341095679012215,0.26754,0.050497222222221749,0.18526234567901115,12.299999999999999,0.26719699999999996,0.0030488888888887083,0.010586419753089049,0.27131300000000003,-0.0012386111111110491,0.03572916666666473,12.299999999999999,0.26736850000000001,0.00047638888888886476,0.018843827160492887,0.27148450000000002,0.011052222222222402,0.024560493827158313,,,,,,,,12.299999999999999,0.28949200000000003,0.18121833333333215,-0.20505895061728366,0.24781750000000002,-0.17159527777777681,0.2502100308641943,12.299999999999999,0.32396350000000002,-0.039159166666666551,-0.56012746913579992,0.22792350000000003,0.053069722222221762,0.38058179012345422,12.299999999999999,0.32842250000000001,0.051354722222221656,-0.60443163580246728,0.218834,-0.036586666666666455,0.56314459876542944
,,,,,,,,,,,,,,12.35,0.27251349999999996,0.027725833333333515,-0.090355092592589545,0.27474299999999996,-0.053546111111111384,-0.065371141975308356,12.35,0.29120699999999999,-0.068504722222222134,-0.27413533950617719,0.25982250000000001,-0.002381944444444571,0.017149999999998847,12.35,0.26376700000000003,0.020484722222222435,0.041287037037035658,0.275086,0.016292500000000147,-0.062459876543208538,12.35,0.2526195,0.12081222222222227,0.22501435185185792,0.27062700000000001,0.055546944444444336,0.080827314814818127,12.35,0.26736850000000001,0.0033347222222223287,0.0068811728395075959,0.27131300000000003,-0.00028583333333331954,0.021437499999998933,12.35,0.26736850000000001,0.0016197222222221388,0.014450462962962297,0.27217050000000004,0.011433333333333302,0.00079398148147889508,,,,,,,,12.35,0.2985815,0.16883222222222227,-0.29769012345678292,0.2392425,-0.15749416666666693,0.35210432098764688,12.35,0.32121949999999999,-0.067170833333333499,-0.52963858024691468,0.23135349999999999,0.071077222222222042,0.32277993827160989,12.35,0.32996599999999998,0.021532777777777502,-0.5918337962962934,0.21797649999999999,-0.010385277777777662,0.53090895061728327
,,,,,,,,,,,,,,12.399999999999999,0.274057,0.022104444444444774,-0.12312006172839518,0.27199899999999999,-0.055546944444444329,-0.019955401234567308,12.399999999999999,0.28726250000000003,-0.080605000000000315,-0.20802314814815162,0.25845050000000003,0.0021913888888887151,0.17488765432098852,12.399999999999999,0.26462450000000004,0.021628055555555321,0.030171296296294264,0.27577200000000002,0.01305305555555559,-0.07616929012345651,12.399999999999999,0.258965,0.13034000000000026,0.12798981481481844,0.27319949999999998,0.05716666666666672,-0.0011115740740712963,12.399999999999999,0.26754,0.0035252777777777266,0.0065635802469137484,0.27131300000000003,0.00019055555555554525,0.019584876543208892,12.399999999999999,0.26754,0.0024772222222221012,0.002329012345678904,0.27268500000000001,0.01057583333333309,-0.012650771604938604,,,,,,,,12.399999999999999,0.30664200000000003,0.15063416666666699,-0.37560617283950454,0.2316965,-0.13586611111111158,0.44034212962962904,12.399999999999999,0.31710349999999998,-0.092324166666666693,-0.49126280864197541,0.23529799999999998,0.084035000000000304,0.2833455246913627,12.399999999999999,0.33048049999999995,-0.0067647222222221347,-0.59220432098765241,0.21780500000000003,0.01438694444444448,0.51656435185185157
,,,,,,,,,,,,,,12.449999999999999,0.27491450000000001,0.013243611111111256,-0.11787978395061932,0.26908350000000003,-0.05497527777777788,0.017679320987653655,12.449999999999999,0.28297499999999998,-0.088798888888889316,-0.1476276234567884,0.25913649999999999,0.023533611111111036,0.19161419753086592,12.449999999999999,0.26582499999999998,0.024009999999999684,0.012597839506175096,0.27645799999999998,0.0085750000000001329,-0.08315632716049369,12.449999999999999,0.26582499999999998,0.13500861111111151,0.0068282407407405437,0.27645799999999998,0.055165833333333636,-0.074052006172839815,12.449999999999999,0.26771149999999999,0.0038111111111110776,0.0087337962962974781,0.27131300000000003,0.00095277777777772951,0.030171296296294777,12.449999999999999,0.26771149999999999,0.0017149999999999156,-0.0063518518518516131,0.27319949999999998,0.0099088888888888647,-0.020008333333332108,,,,,,,,12.449999999999999,0.31367349999999999,0.13053055555555579,-0.43806604938271865,0.22552249999999999,-0.11090333333333369,0.48072932098765886,12.449999999999999,0.31195850000000003,-0.11623888888888888,-0.44812314814814735,0.23958550000000001,0.098707777777778269,0.25523858024691265,12.449999999999999,0.32945150000000001,-0.037444166666666549,-0.59347469135802433,0.21900549999999999,0.04468527777777772,0.44711743827160455
,,,,,,,,,,,,,,12.499999999999998,0.275086,0.0091466666666667508,-0.090302160493829442,0.266511,-0.053736666666666905,0.053302623456792229,12.499999999999998,0.27834449999999999,-0.095087222222222309,-0.091413734567894908,0.26205200000000001,0.025153333333333323,0.12857206790123535,12.499999999999998,0.26719699999999996,0.023438333333333519,-0.012703703703700518,0.27662950000000003,0.0041922222222224052,-0.079715740740742322,12.499999999999998,0.2728565,0.13129277777777806,-0.11825030864197995,0.27885900000000002,0.049639722222222293,-0.13704120370370718,12.499999999999998,0.26788299999999998,0.0046686111111112734,0.006616512345679673,0.27131300000000003,0.0034299999999998242,0.035940895061726486,12.499999999999998,0.26771149999999999,0.00095277777777772658,-8.0110493855873608e-17,0.27371400000000001,0.0085750000000000531,-0.026254320987654432,,,,,,,,12.499999999999998,0.31984750000000001,0.10680638888888894,-0.4948621913580285,0.22072049999999999,-0.0869886111111111,0.50216682098766008,12.499999999999998,0.30544150000000003,-0.13834333333333329,-0.37989367283950265,0.24524500000000002,0.11137972222222241,0.20050679012344952,12.499999999999998,0.32670749999999998,-0.06745666666666654,-0.56949645061728227,0.22329299999999999,0.058214722222222175,0.39302083333333121
,,,,,,,,,,,,,,12.549999999999999,0.27577200000000002,0.0061930555555554838,-0.091995987654322875,0.26359549999999998,-0.050116111111110841,0.096177623456791483,12.549999999999999,0.27337099999999998,-0.098707777777777006,-0.023766512345677782,0.26136599999999999,0.030774722222222231,0.14196388888888853,12.549999999999999,0.26822600000000002,0.021723333333333563,-0.022919598765431589,0.27680100000000002,0.00095277777777771596,-0.082415277777779752,12.549999999999999,0.27920200000000001,0.12147916666666618,-0.21257530864197513,0.28160299999999999,0.040588333333332914,-0.18166296296296189,12.549999999999999,0.26822600000000002,0.0047638888888890093,-0.00052932098765535117,0.27165600000000001,0.0057166666666663259,0.020325925925925335,12.549999999999999,0.26771149999999999,0.0017149999999999004,0.0062989197530860103,0.274057,0.0071458333333333209,-0.031018209876544665,,,,,,,,12.549999999999999,0.32447799999999999,0.080319166666666275,-0.53514351851851549,0.216776,-0.061739999999999441,0.53572577160493573,12.549999999999999,0.29789550000000004,-0.15539805555555466,-0.28784475308642088,0.25107600000000002,0.11795388888888801,0.15826697530863912,12.549999999999999,0.32259150000000003,-0.095182499999999393,-0.52635679012345593,0.22432199999999999,0.079175833333332821,0.41403487654320786
,,,,,,,,,,,,,,12.6,0.27594350000000001,-0.00028583333333360213,-0.088872993827161365,0.26136599999999999,-0.043541944444444237,0.13005416666666489,12.6,0.26822600000000002,-0.09727861111111108,0.041075308641970801,0.26462450000000004,0.042970277777777892,0.097712654320987788,12.6,0.26925500000000002,0.021342222222222332,-0.036893672839507154,0.27680100000000002,-0.0036205555555557712,-0.091837191358025538,12.6,0.28503300000000004,0.10937888888888909,-0.28964444444444287,0.28297499999999998,0.02982194444444454,-0.19918348765431859,12.6,0.26839750000000001,0.004192222222222158,-0.0019055555555563166,0.27199899999999999,0.0059072222222219528,-0.0030700617283931308,12.6,0.26788299999999998,0.0024772222222220973,-0.00259367283950596,0.27440000000000003,0.0059072222222219832,-0.042875000000000808,,,,,,,,12.6,0.32790800000000003,0.052688611111111179,-0.56155663580246762,0.21437500000000001,-0.033442499999999951,0.56610879629629351,12.6,0.28966350000000002,-0.16692666666666692,-0.19500185185186103,0.256907,0.1257666666666665,0.13672361111111736,12.6,0.31710349999999998,-0.1205263888888891,-0.46940185185185718,0.23083899999999999,0.10509138888888891,0.34622885802469622
,,,,,,,,,,,,,,12.649999999999999,0.27560049999999997,-0.0041922222222224199,-0.061242438271603507,0.25930800000000004,-0.037348888888889022,0.16673611111110934,12.649999999999999,0.26359549999999998,-0.093848611111111327,0.093742746913579311,0.266511,0.04154111111111107,0.044251234567901164,12.649999999999999,0.27045550000000002,0.019055555555555635,-0.065582870370372026,0.27645799999999998,-0.0085750000000001329,-0.09427206790123388,12.649999999999999,0.29034950000000004,0.092610000000000012,-0.36083811728395215,0.28434700000000002,0.022104444444444624,-0.23914722222222318,12.649999999999999,0.268569,0.0046686111111110358,-0.0052932098765417551,0.27234199999999997,0.0043827777777776834,-0.0095807098765400677,12.649999999999999,0.26805449999999997,0.0016197222222221429,-0.015403240740739977,0.27474299999999996,0.0030488888888885843,-0.057325462962959706,,,,,,,,12.649999999999999,0.32979449999999999,0.023819444444444473,-0.57717160493827313,0.21334600000000001,-0.0033347222222223187,0.56166250000000006,12.649999999999999,0.28108850000000002,-0.17473944444444511,-0.10342932098765784,0.26359549999999998,0.13357944444444478,0.083209259259262994,12.649999999999999,0.310415,-0.14263083333333357,-0.39916095679012553,0.23581249999999998,0.11452388888888916,0.26736003086420052
,,,,,,,,,,,,,,12.699999999999999,0.27542899999999998,-0.0062883333333332717,-0.034935185185184008,0.25742149999999997,-0.027058888888889066,0.20352391975308728,12.699999999999999,0.25879350000000001,-0.088513055555555595,0.15450879629629838,0.268569,0.043351388888889002,0.055155246913579987,12.699999999999999,0.27131300000000003,0.014101111111111064,-0.081039043209878203,0.27594350000000001,-0.013529444444444457,-0.085697067901233992,12.699999999999999,0.29446549999999999,0.072125277777777719,-0.4075242283950628,0.28554750000000001,0.0077174999999998399,-0.30467716049382804,12.699999999999999,0.26891199999999998,0.0042875000000001905,-0.018685030864195724,0.27234199999999997,0.0041922222222224156,-0.0030171296296279439,12.699999999999999,0.26805449999999997,0.00038111111111109212,-0.019214351851850914,0.27474299999999996,-0.00066694444444413399,-0.056743209876539476,,,,,,,,12.699999999999999,0.33030900000000002,-0.0054308333333333127,-0.58124737654321257,0.21420349999999999,0.023819444444444424,0.5320734567901243,12.699999999999999,0.27199899999999999,-0.17769305555555617,-0.0059283950617248712,0.27062700000000001,0.13481805555555595,0.016408950617281128,12.699999999999999,0.30269750000000001,-0.16101944444444474,-0.31510478395061547,0.24198649999999999,0.12824388888888924,0.24258780864197446
,,,,,,,,,,,,,,12.749999999999998,0.27491450000000001,-0.0069552777777778527,-0.022072685185184515,0.25656400000000001,-0.015816111111111072,0.21723333333333442,12.749999999999998,0.25450600000000001,-0.078318333333333226,0.21104027777777998,0.27062700000000001,0.047924722222222299,0.054255401234565105,12.749999999999998,0.2718275,0.0096230555555555219,-0.072834567901236255,0.275086,-0.017816944444444521,-0.063306790123456053,12.749999999999998,0.2975525,0.05097361111111115,-0.43473132716049417,0.28537599999999996,-0.011242777777777734,-0.3170103395061708,12.749999999999998,0.26908350000000003,0.0023819444444447202,-0.025142746913580899,0.27268500000000001,0.0051450000000001416,-0.012597839506173924,12.749999999999998,0.26805449999999997,-0.00038111111111109017,-0.019531944444443412,0.27457150000000002,-0.0026677777777773895,-0.052720370370371396,,,,,,,,12.749999999999998,0.32928000000000002,-0.035062222222222494,-0.56907299382716059,0.21574699999999999,0.050020833333333382,0.49655601851851677,12.749999999999998,0.26308100000000001,-0.17512055555555583,0.086702777777786996,0.277144,0.13386527777777771,-0.030224228395068661,12.749999999999998,0.29412250000000001,-0.17464416666666668,-0.21908595679011725,0.24867499999999998,0.13967722222222234,0.205270679012341
,,,,,,,,,,,,,,12.799999999999999,0.27474299999999996,-0.0076222222222222177,-0.027630555555553504,0.25587799999999999,-0.0048591666666667208,0.21845077160493778,12.799999999999999,0.25090450000000003,-0.066408611111110669,0.24809274691357622,0.27354250000000002,0.049925555555555085,0.035623302469135275,12.799999999999999,0.27217050000000004,0.006859999999999724,-0.063677314814815103,0.274057,-0.020008333333333243,-0.037740586419752642,12.799999999999999,0.2996105,0.028583333333333266,-0.45511018518518215,0.28417550000000003,-0.026391944444444107,-0.28091064814814609,12.799999999999999,0.26908350000000003,0.0014291666666667042,-0.025036882716051156,0.27302799999999999,0.0033347222222221509,-0.029112654320988557,12.799999999999999,0.26805449999999997,-0.0016197222222221277,-0.017149999999999003,0.27457150000000002,-0.0060024999999999523,-0.046421450617287079,,,,,,,,12.799999999999999,0.32670749999999998,-0.062883333333333249,-0.54419490740740273,0.2193485,0.073363888888888437,0.46109151234567625,12.799999999999999,0.25433449999999996,-0.16845111111111011,0.16848287037037127,0.28400399999999998,0.13195972222222122,-0.078604166666664657,12.799999999999999,0.28503300000000004,-0.18312388888888789,-0.11862083333333405,0.25604949999999999,0.14958611111111045,0.15482638888888897
,,,,,,,,,,,,,,12.85,0.27422849999999999,-0.0098136111111108582,-0.032341512345678239,0.25604949999999999,0.0063836111111112157,0.20934645061728499,12.85,0.24781750000000002,-0.052974444444444775,0.27191219135802125,0.27560049999999997,0.051735833333333335,0.010110030864200446,12.85,0.27251349999999996,0.0041922222222220409,-0.069605709876541438,0.27302799999999999,-0.020961111111111149,-0.021808024691358494,12.85,0.30046800000000001,0.0050497222222223642,-0.4628382716049399,0.28263199999999999,-0.039063888888888863,-0.24142330246913693,12.85,0.26925500000000002,0,-0.025513271604939963,0.27302799999999999,0.0011433333333333011,-0.028318672839506231,12.85,0.26788299999999998,-0.0025724999999998705,-0.0068811728395059045,0.2738855,-0.0078127777777779028,-0.03197098765432365,,,,,,,,12.85,0.32293449999999996,-0.089275277777777773,-0.51915802469135885,0.2231215,0.095373055555555489,0.43616049382716487,12.85,0.2461025,-0.15806583333333335,0.24459922839505541,0.29052099999999997,0.12633833333333347,-0.13243611111110212,12.85,0.27560049999999997,-0.18645861111111137,-0.019320216049390184,0.26376700000000003,0.1559697222222225,0.084956018518524704
,,,,,,,,,,,,,,12.899999999999999,0.27371400000000001,-0.011147499999999914,-0.029483179012346119,0.25656400000000001,0.016483055555555702,0.1932021604938268,12.899999999999999,0.24558799999999997,-0.038968611111111363,0.28710370370370536,0.27885900000000002,0.05087833333333347,-0.014609259259258685,12.899999999999999,0.27268500000000001,0,-0.078180709876541035,0.27199899999999999,-0.022104444444444465,-0.0063518518518519626,12.899999999999999,0.30012500000000003,-0.018579166666666831,-0.4490229938271646,0.28023100000000001,-0.050306666666666527,-0.2036297839506184,12.899999999999999,0.26908350000000003,-0.0013338888888889467,-0.022125617283952705,0.27302799999999999,0.00066694444444441155,-0.028583333333332944,12.899999999999999,0.26771149999999999,-0.0020961111111110074,0.00010586419753083841,0.27371400000000001,-0.0083844444444446786,-0.028847993827161401,,,,,,,,12.899999999999999,0.3177895,-0.11528611111111113,-0.4815233024691381,0.22878099999999998,0.1183350000000002,0.38730416666667095,12.899999999999999,0.23838499999999999,-0.14406000000000033,0.3201333333333311,0.29669499999999999,0.11881138888888949,-0.19082021604937904,12.899999999999999,0.26616800000000002,-0.18445777777777819,0.069552777777776312,0.2718275,0.15816111111111161,0.011592129629630799
,,,,,,,,,,,,,,12.949999999999999,0.27319949999999998,-0.013624722222222078,-0.010586419753086884,0.25776450000000001,0.025439166666666641,0.18219228395061604,12.949999999999999,0.24387300000000001,-0.024010000000000017,0.29551990740741013,0.28074549999999998,0.048782222222222255,-0.016038425925927174,12.949999999999999,0.27251349999999996,-0.0043827777777776236,-0.073469753086418788,0.2707985,-0.022485555555555561,0.02397824074074047,12.949999999999999,0.2985815,-0.041160000000000439,-0.40683611111111162,0.27748700000000004,-0.059072222222222213,-0.16954151234568038,12.949999999999999,0.26908350000000003,-0.0020961111111114082,-0.020167129629630368,0.27319949999999998,-0.0014291666666666266,-0.032076851851851419,12.949999999999999,0.26771149999999999,-0.0020961111111110074,-0.00010586419753083841,0.27319949999999998,-0.01105222222222251,-0.01693827160493604,,,,,,,,12.949999999999999,0.31127250000000001,-0.13824805555555583,-0.42340385802469133,0.23529799999999998,0.1349133333333338,0.32172129629629626,12.949999999999999,0.23152500000000001,-0.12586194444444479,0.39074475308642226,0.30252600000000002,0.10785444444444504,-0.25926141975308947,12.949999999999999,0.25707849999999999,-0.17950333333333371,0.15683780864197941,0.27971650000000003,0.15682722222222267,-0.058384104938276754
,,,,,,,,,,,,,,12.999999999999998,0.27217050000000004,-0.012767222222222124,0.016303086419751707,0.25913649999999999,0.033918888888888839,0.18123950617283791,12.999999999999998,0.24318699999999999,-0.0089561111111110207,0.29409074074074143,0.28348950000000001,0.05040194444444443,-0.039540277777780256,12.999999999999998,0.27217050000000004,-0.0074316666666664989,-0.063994907407408472,0.269598,-0.019913055555555614,0.057431327160493435,12.999999999999998,0.29583749999999998,-0.060120277777777974,-0.34490555555555075,0.27440000000000003,-0.068123611111111218,-0.11782685185185078,12.999999999999998,0.26891199999999998,-0.0033347222222224518,-0.017996913580244873,0.2728565,-0.0030488888888888263,-0.026413117283950835,12.999999999999998,0.26754,-0.0025724999999998705,0.0068282407407404752,0.27251349999999996,-0.011623888888888821,0.019955401234571572,,,,,,,,12.999999999999998,0.303898,-0.15873277777777789,-0.34040632716048796,0.2423295,0.1494908333333336,0.26730709876542513,12.999999999999998,0.22569399999999998,-0.10471027777777787,0.45267530864198052,0.30767100000000003,0.092800555555555761,-0.32378564814815475,12.999999999999998,0.24798900000000001,-0.1692133333333333,0.24883379629630367,0.28760550000000001,0.15253972222222215,-0.13190679012346598
,,,,,,,,,,,,,,13.049999999999999,0.2718275,-0.010290000000000001,0.012121450617281607,0.26102300000000001,0.044113611111110763,0.16684197530864164,13.049999999999999,0.24301550000000002,0.0054308333333333144,0.28969737654320765,0.28606199999999998,0.046781388888888442,-0.099882870370369248,13.049999999999999,0.2718275,-0.01105222222222231,-0.047903549382716515,0.26874049999999999,-0.01581611111111118,0.074687191358023888,13.049999999999999,0.29240749999999999,-0.075269444444443959,-0.28525108024690987,0.27045550000000002,-0.072506388888888482,-0.035887962962964197,13.049999999999999,0.26874049999999999,-0.0042874999999998982,-0.01090401234567745,0.2728565,-0.0040016666666667479,-0.019902469135801796,13.049999999999999,0.26736850000000001,-0.0016197222222221277,0.016832407407406425,0.2718275,-0.0085749999999996853,0.047903549382716425,,,,,,,,13.049999999999999,0.29515150000000001,-0.17350083333333233,-0.23353641975308526,0.25021850000000001,0.16292499999999902,0.18933811728394859,13.049999999999999,0.22089200000000001,-0.079938055555555027,0.49734999999999802,0.31195850000000003,0.074221388888888462,-0.36427870370370435,13.049999999999999,0.23992850000000002,-0.15377833333333235,0.3244208333333306,0.29515150000000001,0.14396472222222104,-0.21008749999999884
,,,,,,,,,,,,,,13.1,0.27131300000000003,-0.010671111111111242,-0.0092631172839532112,0.26359549999999998,0.052974444444444456,0.1095165123456827,13.1,0.24370149999999999,0.020198888888888811,0.27836990740740836,0.28829149999999998,0.040207222222222255,-0.16059598765431762,13.1,0.27096999999999999,-0.012767222222222187,-0.022813734567900812,0.26805449999999997,-0.012005000000000062,0.083262191358024359,13.1,0.28829149999999998,-0.088894166666666552,-0.21924475308642311,0.26685400000000004,-0.070886666666666889,0.036629012345674929,13.1,0.26839750000000001,-0.0040016666666666152,-0.01138040123456909,0.27251349999999996,-0.0055261111111109549,-0.0047109567901228635,13.1,0.26736850000000001,-0.00038111111111109017,0.018155709876542244,0.27165600000000001,-0.0050497222222220814,0.044410030864195517,,,,,,,,13.1,0.28623349999999997,-0.18131361111111119,-0.1386291666666741,0.258965,0.16940388888888899,0.095965895061735459,13.1,0.21763349999999998,-0.053641388888888884,0.5141824074074054,0.31504550000000003,0.055737499999999919,-0.38947438271604873,13.1,0.23255400000000001,-0.1360566666666668,0.38523981481480823,0.30218299999999998,0.13110222222222215,-0.27969320987653512
,,,,,,,,,,,,,,13.149999999999999,0.2707985,-0.01190972222222259,-0.020749382716050205,0.26668249999999999,0.0550705555555559,0.04837993827160561,13.149999999999999,0.2450735,0.033918888888889019,0.25105694444444576,0.29017799999999999,0.030584166666666798,-0.21495725308641797,13.149999999999999,0.27045550000000002,-0.012671944444444404,-0.0087867283950615587,0.26754,-0.0079080555555556906,0.096865740740741127,13.149999999999999,0.28331800000000001,-0.097850277777777925,-0.14169922839506491,0.26342399999999999,-0.068504722222222578,0.10496435185185128,13.149999999999999,0.26839750000000001,-0.0046686111111113116,-0.022707870370371318,0.27217050000000004,-0.0046686111111110054,0.011803858024690262,13.149999999999999,0.26736850000000001,0.00028583333333331954,0.016673611111110282,0.27148450000000002,-0.0041922222222223237,0.038640432098764298,,,,,,,,13.149999999999999,0.27697250000000001,-0.186649166666667,-0.057272530864201122,0.26736850000000001,0.17121416666666708,0.022972530864200185,13.149999999999999,0.2155755,-0.02782111111111105,0.51550570987654254,0.31761800000000001,0.03544333333333325,-0.41361141975308685,13.149999999999999,0.22620850000000001,-0.11528611111111144,0.4418771604938263,0.30835699999999999,0.115476666666667,-0.33797145061728057
,,,,,,,,,,,,,,13.199999999999999,0.27011249999999998,-0.013338888888889186,-0.020325925925923586,0.26908350000000003,0.056404444444444535,0.009474845679009419,13.199999999999999,0.2471315,0.046305000000000117,0.20251820987654232,0.29154999999999998,0.017435833333333584,-0.24105277777777742,13.199999999999999,0.2697695,-0.013338888888888817,-0.00015879629629672389,0.26719699999999996,-0.0025725000000001515,0.11253364197531111,13.199999999999999,0.27834449999999999,-0.1029952777777781,-0.063994907407407084,0.25982250000000001,-0.061740000000000232,0.19235524691358222,13.199999999999999,0.26805449999999997,-0.0072411111111112493,-0.016514814814813469,0.27199899999999999,-0.003144166666666818,0.0087337962962964893,13.199999999999999,0.26736850000000001,0.0013338888888888231,0.013497685185184497,0.27114149999999998,-0.0019055555555555551,0.045098148148148588,,,,,,,,13.199999999999999,0.26736850000000001,-0.18722083333333386,0.02524861111111373,0.276115,0.17102361111111153,-0.040493055555558592,13.199999999999999,0.21488950000000001,-0.0025725000000000899,0.52201635802469026,0.31864700000000001,0.013910555555555456,-0.42710910493827131,13.199999999999999,0.22089200000000001,-0.091561944444444654,0.48893379629629891,0.31384499999999999,0.096992777777778247,-0.38799228395062041
,,,,,,,,,,,,,,13.249999999999998,0.26942649999999996,-0.014005833333333322,-0.015932561728392029,0.27234199999999997,0.056499722222222104,-0.035358641975312056,13.249999999999998,0.2498755,0.054879999999999957,0.13995246913579976,0.29189300000000001,0.0043827777777780677,-0.22914305555555725,13.249999999999998,0.26908350000000003,-0.013148333333333305,0.015191512345677472,0.26719699999999996,0.0041922222222224104,0.11263950617284169,13.249999999999998,0.2728565,-0.10394805555555571,0.010215895061733175,0.256907,-0.048305833333333499,0.26180216049383037,13.249999999999998,0.26754,-0.0074316666666666871,0.0085750000000029032,0.27199899999999999,-0.0036205555555554607,0.0029641975308659619,13.249999999999998,0.26754,0.0017149999999999121,0.008680864197530367,0.27131300000000003,0.00028583333333335033,0.05282623456790167,,,,,,,,13.249999999999998,0.25810749999999999,-0.18398138888888904,0.10485848765433027,0.28451850000000001,0.16845111111111119,-0.12396697530864964,13.249999999999998,0.21523249999999999,0.024200555555555319,0.52836820987654176,0.31899,-0.007526944444444488,-0.43250817901234262,13.249999999999998,0.21694750000000002,-0.065455833333333366,0.51709367283950869,0.31813250000000004,0.076412777777777746,-0.4308672839506234
,,,,,,,,,,,,,,13.299999999999999,0.26874049999999999,-0.014958611111110916,-0.011539197530863736,0.27491450000000001,0.052974444444444012,-0.080509722222221983,13.299999999999999,0.25279099999999999,0.059643888888888462,0.089190586419752901,0.29172150000000002,-0.0043827777777776999,-0.23247777777778,13.299999999999999,0.26839750000000001,-0.011814444444444619,0.029694907407406292,0.26771149999999999,0.0095277777777780185,0.095383641975307132,13.299999999999999,0.26788299999999998,-0.10223305555555497,0.086067592592593514,0.25502049999999998,-0.034109444444444213,0.30573580246913551,13.299999999999999,0.26719699999999996,-0.0056213888888886274,0.021596296296298129,0.27165600000000001,-0.0043827777777775342,0.020855246913580108,13.299999999999999,0.26754,0.0020008333333332196,0.0070929012345676079,0.27114149999999998,0.0030488888888889087,0.064259567901234577,,,,,,,,13.299999999999999,0.2488465,-0.17721666666666544,0.19209058641975299,0.293265,0.1596855555555545,-0.22427330246913399,13.299999999999999,0.21729049999999997,0.051164166666666185,0.51397067901234472,0.31796099999999999,-0.030012499999999512,-0.42155123456789784,13.299999999999999,0.21437500000000001,-0.039254444444444293,0.53069722222221927,0.32156249999999997,0.053831944444443808,-0.46913719135802184
,,,,,,,,,,,,,,13.35,0.26788299999999998,-0.015149166666666755,-0.0095807098765434539,0.27765849999999997,0.04830583333333318,-0.1219555555555525,13.35,0.25587799999999999,0.062978611111111138,0.054520061728397989,0.29172150000000002,-0.017531111111111292,-0.25714413580247247,13.35,0.26788299999999998,-0.010004166666666816,0.037475925925926627,0.26822600000000002,0.013243611111111104,0.081356635802466923,13.35,0.26239499999999999,-0.095563611111111099,0.16276620370370129,0.25347700000000001,-0.01838861111111113,0.35395694444444459,13.35,0.26702550000000003,-0.0042874999999996223,0.017732253086417644,0.27131300000000003,-0.0011433333333332703,0.032817901234566647,13.35,0.26771149999999999,0.0026677777777776436,0.0021702160493832679,0.27148450000000002,0.0080033333333335479,0.050920679012344004,,,,,,,,13.35,0.24010000000000001,-0.16435416666666663,0.27260030864196733,0.300811,0.14406000000000022,-0.29223811728394428,13.35,0.22037749999999998,0.077079722222222286,0.46823734567901826,0.31590300000000004,-0.050592499999999783,-0.3920151234567954,13.35,0.213003,-0.01257666666666675,0.54186589506172833,0.32362049999999998,0.028964444444444501,-0.49359182098765081
,,,,,,,,,,,,,,13.399999999999999,0.26719699999999996,-0.015053888888888825,-0.023290123456789203,0.27988799999999997,0.040493055555555657,-0.15318549382715829,13.399999999999999,0.25913649999999999,0.064884166666666784,0.025619135802470137,0.2900065,-0.031536944444444832,-0.25576790123456833,13.399999999999999,0.26736850000000001,-0.0074316666666667608,0.031759259259261284,0.26891199999999998,0.018388611111110915,0.053937808641975359,13.399999999999999,0.25810749999999999,-0.08422555555555554,0.21141080246913505,0.25296249999999998,0.001333888888888945,0.39291496913580443,13.399999999999999,0.26685400000000004,-0.0042875000000000977,0.01900262345678657,0.27165600000000001,0.0003811111111110938,0.021543364197530349,13.399999999999999,0.26788299999999998,0.0020961111111110382,-0.00026466049382564677,0.27217050000000004,0.0088608333333331148,0.022178549382713547,,,,,,,,13.399999999999999,0.23238250000000002,-0.14949083333333368,0.34517021604937925,0.30749950000000004,0.12976833333333357,-0.34469382716049307,13.399999999999999,0.22517949999999998,0.099088888888889226,0.39857870370370813,0.31281600000000004,-0.069362222222222533,-0.35813858024691941,13.399999999999999,0.213003,0.01581611111111118,0.53472006172839581,0.32447799999999999,0.0035252777777779738,-0.4958149691358032
,,,,,,,,,,,,,,13.449999999999999,0.266511,-0.017245277777777637,-0.041975154320987453,0.28177449999999998,0.03163222222222236,-0.15800231481481394,13.449999999999999,0.26239499999999999,0.065836944444444531,-0.00793981481481538,0.28846299999999997,-0.043732500000000153,-0.2385120370370345,13.449999999999999,0.26719699999999996,-0.00609777777777763,0.014556327160495723,0.27028399999999997,0.019436666666666699,0.01503271604938422,13.449999999999999,0.25416300000000003,-0.074697777777777849,0.26423703703703721,0.25347700000000001,0.023343055555555797,0.38566327160493857,13.449999999999999,0.266511,-0.0029536111111113359,0.028953858024690655,0.27148450000000002,2.9165038439860069e-17,0.024931018518518686,13.449999999999999,0.26788299999999998,0.0021913888888889037,0.0037581790123479377,0.27234199999999997,0.0097183333333330409,0.0005293209876551802,,,,,,,,13.449999999999999,0.22500800000000001,-0.13072111111111159,0.42843240740741001,0.31401649999999998,0.11080805555555574,-0.41228811728395232,13.449999999999999,0.23049599999999998,0.11642944444444499,0.33400154320987613,0.30887150000000002,-0.085940555555556131,-0.33071975308641993,13.449999999999999,0.21471800000000002,0.041922222222222159,0.50687777777777743,0.32396350000000002,-0.0215327777777778,-0.47712993827160727
,,,,,,,,,,,,,,13.499999999999998,0.265482,-0.020008333333333298,-0.046897839506172274,0.28297499999999998,0.023819444444444574,-0.14858040123456681,13.499999999999998,0.26582499999999998,0.0644077777777778,-0.04785061728395195,0.285719,-0.056690277777777687,-0.1955841049382688,13.499999999999998,0.26685400000000004,-0.0064788888888886809,0.0065635802469131308,0.27096999999999999,0.018388611111111244,0.0020643518518517782,13.499999999999998,0.25039,-0.059834444444444489,0.34522314814814936,0.25553500000000001,0.041445833333333397,0.34617592592592278,13.499999999999998,0.266511,-0.00076222222222230372,0.028424537037037897,0.27148450000000002,0.0021913888888888985,0.037687654320988126,13.499999999999998,0.26805449999999997,0.0029536111111113615,-0.0017467592592582042,0.27319949999999998,0.0091466666666666346,-0.023237191358022099,,,,,,,,13.499999999999998,0.21900549999999999,-0.1058536111111112,0.49226851851852454,0.3188185,0.087179166666666905,-0.4555865740740786,13.499999999999998,0.23684150000000001,0.13224555555555587,0.2718592592592522,0.30424099999999998,-0.10232833333333362,-0.30393611111110475,13.499999999999998,0.21729049999999997,0.066027499999999864,0.48115277777777665,0.32224849999999999,-0.044875833333333531,-0.44457669753086299
,,,,,,,,,,,,,,13.549999999999999,0.26445299999999999,-0.021913888888888705,-0.046791975308640793,0.28400399999999998,0.018293333333333609,-0.16430123456789972,13.549999999999999,0.26891199999999998,0.06097777777777752,-0.086173456790121353,0.2824605,-0.063264444444444068,-0.15604382716049447,13.549999999999999,0.266511,-0.0062883333333333029,0.014397530864195826,0.27199899999999999,0.018960277777777753,0.0011645061728384521,13.549999999999999,0.24781750000000002,-0.038396944444444255,0.389209722222219,0.25776450000000001,0.056690277777777402,0.31902175925925619,13.549999999999999,0.266511,0.00019055555555551608,0.021860956790124206,0.27165600000000001,0.0051450000000000879,0.028106944444444382,13.549999999999999,0.26822600000000002,0.0026677777777779879,-0.017679320987655789,0.27337099999999998,0.0064788888888890174,-0.028847993827158584,,,,,,,,13.549999999999999,0.21437500000000001,-0.079461666666666084,0.51714660493826925,0.32259150000000003,0.064788888888888396,-0.48639305555555506,13.549999999999999,0.24387300000000001,0.14425055555555469,0.19807191358024442,0.2985815,-0.11709638888888818,-0.26254320987654006,13.549999999999999,0.22123499999999999,0.090704444444443963,0.4394952160493828,0.31933299999999998,-0.06545583333333295,-0.42028086419752836
,,,,,,,,,,,,,,13.6,0.26342399999999999,-0.025629722222222023,-0.026201388888889187,0.28503300000000004,0.0086702777777781376,-0.19902469135802758,13.6,0.27199899999999999,0.055642222222222516,-0.11952067901234341,0.2793735,-0.070124444444444642,-0.14799814814815168,13.6,0.26616800000000002,-0.0050497222222221786,0.023766512345676633,0.2728565,0.019436666666666661,-0.012968364197531898,13.6,0.246617,-0.017626388888889063,0.37041882716049318,0.26102300000000001,0.073840277777777727,0.27715246913580438,13.6,0.266511,0.0013338888888888526,0.016091358024692637,0.27217050000000004,0.005335555555555681,0.011327469135800634,13.6,0.26839750000000001,0.0010480555555555358,-0.029271450617286102,0.27371400000000001,0.0060025000000001605,-0.029112654320987669,,,,,,,,13.6,0.21111650000000001,-0.053450833333333364,0.5260921296296267,0.32550699999999999,0.038682777777777615,-0.5114828703703691,13.6,0.251419,0.15244444444444463,0.11650354938272116,0.29240749999999999,-0.12910138888888892,-0.20992870370370939,13.6,0.22655149999999999,0.11137972222222248,0.36994243827161077,0.3157315,-0.086131111111111158,-0.4075242283950658
,,,,,,,,,,,,,,13.649999999999999,0.26170900000000002,-0.025820277777777619,0.017467592592591383,0.28503300000000004,-0.0036205555555556567,-0.19600756172839939,13.649999999999999,0.27457150000000002,0.048305833333333603,-0.13735879629629832,0.27560049999999997,-0.078032500000000241,-0.13132453703703781,13.649999999999999,0.26599650000000002,-0.0035252777777780354,0.026571913580245011,0.274057,0.018102777777777596,-0.035252777777777876,13.649999999999999,0.24627399999999999,-0.00066694444444447172,0.3308785493827176,0.2653105,0.087083888888888891,0.188120679012347,13.649999999999999,0.26668249999999999,0.0017150000000000388,0.012650771604940348,0.27217050000000004,0.0055261111111109618,0.0051344135802442068,13.649999999999999,0.26839750000000001,-0.0016197222222223912,-0.016514814814814607,0.274057,0.0039063888888889132,-0.034352932098765693,,,,,,,,13.649999999999999,0.20905850000000001,-0.027725833333333477,0.54715910493827191,0.32653599999999999,0.011433333333333323,-0.49576203703703725,13.649999999999999,0.25930800000000004,0.15596972222222241,0.033823611111112747,0.28554750000000001,-0.13805750000000039,-0.1555145061728429,13.649999999999999,0.23255400000000001,0.12776750000000051,0.29493765432098878,0.31075799999999998,-0.10699694444444473,-0.37814691358025038
,,,,,,,,,,,,,,13.699999999999999,0.26068000000000002,-0.022961944444444424,0.047321296296295022,0.28451850000000001,-0.013148333333333583,-0.15191512345679156,13.699999999999999,0.27680100000000002,0.041255277777777682,-0.14164629629629868,0.2718275,-0.088608333333333511,-0.032129783950615297,13.699999999999999,0.26582499999999998,-0.0020961111111114082,0.023237191358025613,0.27474299999999996,0.015053888888888827,-0.045204012345677107,13.699999999999999,0.246617,0.014386944444444522,0.30404197530864213,0.27011249999999998,0.092800555555555553,0.095224845679012848,13.699999999999999,0.26668249999999999,0.0021913888888891813,0.016461882716050081,0.27268500000000001,0.0060977777777775086,-0.0050285493827173997,13.699999999999999,0.26805449999999997,-0.0011433333333332781,0.0057695987654338421,0.274057,0.002667777777777955,-0.041234104938272349,,,,,,,,13.699999999999999,0.208201,0.00076222222222219801,0.57489552469135907,0.3263645,-0.0111475000000001,-0.47204845679012369,13.699999999999999,0.26719699999999996,0.15520750000000025,-0.037158333333334174,0.27851599999999999,-0.14463166666666716,-0.099724074074071647,13.699999999999999,0.23941400000000002,0.141201666666667,0.21463966049382235,0.304927,-0.12529027777777821,-0.32219768518518482
,,,,,,,,,,,,,,13.749999999999998,0.25947950000000003,-0.020389444444444477,0.064630092592591948,0.28348950000000001,-0.018483888888889053,-0.1089871913580235,13.749999999999998,0.27868749999999998,0.034204722222222164,-0.1450339506172843,0.26565349999999999,-0.081462500000000063,0.067276697530868915,13.749999999999998,0.26582499999999998,-0.0013338888888889452,0.020696450617285742,0.27542899999999998,0.01381527777777794,-0.057272530864195925,13.749999999999998,0.24764600000000001,0.029821944444444446,0.27524691358024428,0.27474299999999996,0.094610833333333436,0.035252777777776349,13.749999999999998,0.26685400000000004,0.003430000000000225,0.018208641975305976,0.2728565,0.0052402777777775071,-0.018420370370370281,13.749999999999998,0.26822600000000002,0.00038111111111134192,0.0038640432098757771,0.27440000000000003,-9.5277777777773179e-05,-0.049544444444446195,,,,,,,,13.749999999999998,0.20905850000000001,0.030774722222222231,0.58071805555555389,0.32550699999999999,-0.034681111111111274,-0.46267947530863829,13.749999999999998,0.27491450000000001,0.15177750000000026,-0.099459413580252246,0.27096999999999999,-0.14825222222222234,-0.037370061728387048,13.749999999999998,0.24696000000000001,0.14872861111111091,0.14535154320986926,0.29806699999999997,-0.13996305555555585,-0.25036882716048697
,,,,,,,,,,,,,,13.799999999999999,0.25862200000000002,-0.017149999999999974,0.088343672839504575,0.28263199999999999,-0.022294999999999954,-0.094695524691356905,13.799999999999999,0.28023100000000001,0.026963611111111049,-0.15016836419752908,0.26359549999999998,-0.072125277777777233,0.012703703703705382,13.799999999999999,0.26565349999999999,-9.5277777777803442e-05,0.019108487654321996,0.27628649999999999,0.0098136111111111844,-0.07500478395061537,13.799999999999999,0.24970400000000001,0.042970277777777267,0.22766095679012185,0.27954499999999999,0.095658888888888557,-0.013021296296296225,13.799999999999999,0.26702550000000003,0.0045733333333331872,0.0098453703703672135,0.27319949999999998,0.0042874999999997438,-0.031282870370368691,13.799999999999999,0.26822600000000002,-0.00019055555555557606,-0.0093160493827191635,0.274057,-0.002953611111111244,-0.044515895061728615,,,,,,,,13.799999999999999,0.211288,0.060406111111110626,0.55351095679012052,0.32293449999999996,-0.058309999999999397,-0.43801311728394632,13.799999999999999,0.2824605,0.14567972222222142,-0.16800648148148098,0.26359549999999998,-0.14901444444444345,0.039010956790124597,13.799999999999999,0.25433449999999996,0.1544452777777767,0.09829490740740926,0.29069249999999996,-0.14958611111111023,-0.18711496913579928
,,,,,,,,,,,,,,13.85,0.25759300000000002,-0.011052222222222331,0.10194722222222076,0.2814315,-0.028488055555555645,-0.074898919753087573,13.85,0.2814315,0.018960277777777885,-0.15000956790123421,0.25982250000000001,-0.084225555555555345,0.029641975308638102,13.85,0.26582499999999998,0.00095277777777776258,0.011962654320989143,0.27645799999999998,0.0050497222222225134,-0.071722993827159756,13.85,0.25210499999999997,0.052688611111110985,0.17441126543210314,0.28434700000000002,0.09489666666666674,-0.088396604938269355,13.85,0.26736850000000001,0.0046686111111109039,-0.0033347222222233305,0.27337099999999998,0.0018102777777776852,-0.03705246913580048,13.85,0.26822600000000002,-0.0012386111111114186,-0.012809567901236435,0.274057,-0.0048591666666666323,-0.033558950617284471,,,,,,,,13.85,0.21523249999999999,0.087274444444444391,0.50063179012346171,0.31950450000000002,-0.078889999999999683,-0.40440123456790728,13.85,0.28966350000000002,0.13538972222222237,-0.24248194444443957,0.25587799999999999,-0.1451080555555555,0.12957777777777163,13.85,0.26239499999999999,0.15920916666666698,0.039328549382724044,0.28314649999999997,-0.1583516666666667,-0.12820154320988097
,,,,,,,,,,,,,,13.899999999999999,0.25759300000000002,-0.005907222222222455,0.097130401234567787,0.27954499999999999,-0.030584166666666829,-0.042239814814815702,13.899999999999999,0.28211750000000002,0.011242777777777808,-0.13682947530864309,0.25416300000000003,-0.078794722222222363,0.2118342592592565,13.899999999999999,0.26582499999999998,0.00076222222222230762,0.010162962962965174,0.27662950000000003,0.0026677777777780478,-0.067858950617285765,13.899999999999999,0.25502049999999998,0.060501388888889118,0.11560370370370694,0.28932049999999998,0.08813194444444454,-0.18796188271604888,13.899999999999999,0.26754,0.0038111111111109233,-0.0094219135802468389,0.27337099999999998,-0.0003811111111110938,-0.02641311728394936,13.899999999999999,0.26805449999999997,-0.0017150000000003163,-0.011062808641973678,0.27354250000000002,-0.0062883333333334859,-0.021702160493827869,,,,,,,,13.899999999999999,0.22020599999999999,0.11004583333333366,0.44981697530864562,0.31504550000000003,-0.098707777777778186,-0.36766635802469727,13.899999999999999,0.29618050000000001,0.12090750000000024,-0.30621219135802419,0.2488465,-0.13577083333333356,0.21442793209876265,13.899999999999999,0.27045550000000002,0.15949500000000039,-0.040545987654319715,0.27474299999999996,-0.16406833333333345,-0.04234567901234642
,,,,,,,,,,,,,,13.949999999999999,0.25707849999999999,-0.0020008333333335431,0.1015237654321008,0.27834449999999999,-0.031727500000000193,-0.02413703703703686,13.949999999999999,0.2824605,0.0052402777777776728,-0.1223790123456792,0.25124750000000001,-0.059739166666666864,0.34284120370370363,13.949999999999999,0.26582499999999998,0.0017150000000003163,0.012227314814815782,0.27680100000000002,-0.00085749999999995682,-0.076275154320990329,13.949999999999999,0.25827899999999998,0.064979444444444798,0.043192592592591283,0.29343649999999999,0.075078888888889042,-0.26963611111111202,13.949999999999999,0.26771149999999999,0.0034299999999998312,-0.0092631172839497383,0.27319949999999998,-0.00047638888888886476,-0.022019753086419142,13.949999999999999,0.26805449999999997,-0.0020961111111111306,-0.01159212962962655,0.27337099999999998,-0.0064788888888890643,-0.017573456790122125,,,,,,,,13.949999999999999,0.22620850000000001,0.13224555555555592,0.39587916666666523,0.30955749999999999,-0.11642944444444503,-0.31658688271604762,13.949999999999999,0.30184,0.10394805555555582,-0.35205138888889231,0.24215800000000001,-0.12271777777777808,0.2812282407407421,13.949999999999999,0.27851599999999999,0.15549333333333357,-0.1276722222222246,0.26633950000000001,-0.16197222222222224,0.035305709876545251
,,,,,,,,,,,,,,13.999999999999998,0.25724999999999998,0.0041922222222223202,0.10734629629629777,0.27645799999999998,-0.033633055555555784,0.0032288580246941155,13.999999999999998,0.28263199999999999,-0.00038111111111109017,-0.11814444444444334,0.24833200000000002,-0.040397777777777963,0.38465756172839588,13.999999999999998,0.26599650000000002,0.0025725000000002712,0.0053461419753067325,0.27662950000000003,-0.0057166666666667787,-0.07098194444444543,13.999999999999998,0.26170900000000002,0.065074722222222214,-0.032659104938275722,0.29686649999999998,0.060025000000000106,-0.32495015432098967,13.999999999999998,0.26788299999999998,0.0030488888888887647,-0.0098453703703684902,0.27337099999999998,-0.0014291666666666209,-0.035305709876542767,13.999999999999998,0.26788299999999998,-0.0030488888888887647,-0.0083632716049363304,0.27302799999999999,-0.0085749999999999976,-0.0053990740740712216,,,,,,,,13.999999999999998,0.23358299999999999,0.1507294444444445,0.32071558641974679,0.30321199999999998,-0.1302447222222223,-0.2657191358024607,13.999999999999998,0.30664200000000003,0.085178333333333286,-0.38386358024691919,0.2364985,-0.10718750000000017,0.33749506172839983,13.999999999999998,0.28623349999999997,0.14625138888888903,-0.205482407407412,0.25862200000000002,-0.15968555555555553,0.1017884259259309
,,,,,,,,,,,,,,14.049999999999999,0.25759300000000002,0.0089561111111111178,0.11115740740740621,0.27474299999999996,-0.031346388888888709,0.026730709876546261,14.049999999999999,0.2824605,-0.006574166666666467,-0.11338055555555558,0.24678849999999999,-0.015720833333333437,0.31568703703703599,14.049999999999999,0.26616800000000002,0.0020961111111111159,0.0010057098765405923,0.276115,-0.008575000000000027,-0.053514351851851133,14.049999999999999,0.26496749999999997,0.060977777777777242,-0.093583950617281864,0.2996105,0.041541111111110918,-0.35565077160493641,14.049999999999999,0.26805449999999997,0.0021913888888888881,-0.0055578703703674541,0.27319949999999998,-0.0045733333333331872,-0.038164043209876881,14.049999999999999,0.26771149999999999,-0.0032394444444442554,0.00037052469135812494,0.27234199999999997,-0.0077174999999996977,0.017255864197531872,,,,,,,,14.049999999999999,0.24147199999999999,0.16473527777777686,0.23533611111111022,0.2965235,-0.14282138888888782,-0.21675694444444224,14.049999999999999,0.310415,0.065074722222221479,-0.40366018518518237,0.23135349999999999,-0.089275277777777218,0.39709660493827026,14.049999999999999,0.293265,0.13376999999999936,-0.26121990740740492,0.25021850000000001,-0.15330194444444342,0.19537237654320708
,,,,,,,,,,,,,,14.1,0.25810749999999999,0.014672777777777701,0.1243374999999995,0.27337099999999998,-0.029726666666666405,0.029430246913581062,14.1,0.28194600000000003,-0.012100277777777802,-0.099935802469138843,0.24764600000000001,-0.0060977777777777948,0.20495308641975366,14.1,0.26616800000000002,0.0021913888888888057,0.0034405864197515255,0.27577200000000002,-0.011147499999999986,-0.032606172839506155,14.1,0.26788299999999998,0.054689444444444728,-0.13349475308641534,0.30098249999999999,0.023343055555555589,-0.36570787037036934,14.1,0.26805449999999997,0.0021913888888891761,0.0029112654321002823,0.2728565,-0.0067647222222222804,-0.014873919753087486,14.1,0.26754,-0.0030488888888887647,0.010162962962961512,0.27217050000000004,-0.0054308333333331722,0.017732253086418532,,,,,,,,14.1,0.25021850000000001,0.17445361111111124,0.14466342592593337,0.28880600000000001,-0.15253972222222217,-0.15609675925926741,14.1,0.31315899999999997,0.044494722222222192,-0.41567577160493285,0.227409,-0.067551944444444414,0.45563950617283616,14.1,0.2996105,0.1201452777777781,-0.31436373456789707,0.24301550000000002,-0.14063000000000014,0.29673734567900473
,,,,,,,,,,,,,,14.149999999999999,0.258965,0.021818611111111053,0.12888966049382725,0.2718275,-0.028678611111110867,0.036681944444442949,14.149999999999999,0.28126000000000001,-0.017340555555555939,-0.072040586419753583,0.24678849999999999,-0.0060977777777778139,0.27350015432098873,14.149999999999999,0.26633950000000001,0.0028583333333331937,-0.0004763888888892735,0.27491450000000001,-0.011814444444444447,-0.012280246913580968,14.149999999999999,0.27045550000000002,0.047353055555555905,-0.1648305555555559,0.30184,0.0061930555555556556,-0.39418533950617346,14.149999999999999,0.26822600000000002,0.0029536111111113672,0.0029112654320971204,0.27234199999999997,-0.0057166666666667865,0.0039169753086431697,14.149999999999999,0.26736850000000001,-0.0020008333333333276,0.015985493827158605,0.27199899999999999,-0.0060025000000000139,0.019743672839505611,,,,,,,,14.149999999999999,0.25913649999999999,0.17893166666666716,0.058754629629631822,0.28108850000000002,-0.15816111111111156,-0.096283487654325609,14.149999999999999,0.31487399999999999,0.023533611111111432,-0.42552114197530694,0.22449350000000001,-0.043256111111111328,0.50195509259259208,14.149999999999999,0.30544150000000003,0.10290000000000032,-0.37338302469136003,0.235984,-0.12348000000000038,0.39116820987654138
,,,,,,,,,,,,,,14.199999999999999,0.26033699999999999,0.028392777777777642,0.11703287037037148,0.27045550000000002,-0.02677305555555547,0.056743209876540211,14.199999999999999,0.28005949999999996,-0.019627222222222337,-0.039328549382712796,0.24541650000000001,0.019817777777777785,0.3659195987654334,14.199999999999999,0.266511,0.0025724999999998739,-0.0090513888888880348,0.27457150000000002,-0.011909722222222282,-0.0020114197530876842,14.199999999999999,0.27268500000000001,0.038396944444444643,-0.19558410493827508,0.30184,-0.015244444444444401,-0.43129074074074208,14.199999999999999,0.26839750000000001,0.0029536111111110896,-0.0055578703703727415,0.27234199999999997,-0.0053355555555554155,0.0044992283950636243,14.199999999999999,0.26736850000000001,-0.0013338888888891007,0.01804984567901249,0.27148450000000002,-0.0049544444444442953,0.044092438271604577,,,,,,,,14.199999999999999,0.26822600000000002,0.1800750000000004,-0.022654938271609592,0.27302799999999999,-0.16302027777777833,-0.020061265432096142,14.199999999999999,0.31556000000000001,0.0017150000000002857,-0.42848533950617518,0.22294999999999998,-0.016101944444444623,0.52064012345679256,14.199999999999999,0.31007200000000001,0.082034166666666658,-0.41562283950617673,0.23032450000000002,-0.099374722222222545,0.44219475308642164
,,,,,,,,,,,,,,14.249999999999998,0.26188049999999996,0.033442500000000035,0.10094151234568066,0.26908350000000003,-0.023343055555555808,0.08447962962962853,14.249999999999998,0.27920200000000001,-0.020008333333333135,-0.029430246913577551,0.24901799999999999,0.041922222222222215,0.27106527777777795,14.249999999999998,0.26668249999999999,0.0010480555555555306,-0.0010057098765417162,0.27371400000000001,-0.011814444444444704,0.0040757716049386562,14.249999999999998,0.27440000000000003,0.027344722222222086,-0.21538070987654626,0.30046800000000001,-0.039254444444444501,-0.42313919753086365,14.249999999999998,0.268569,0.0020961111111110326,-0.0098453703703714826,0.2718275,-0.0052402777777775704,0.0032817901234568612,14.249999999999998,0.26719699999999996,-9.5277777777773179e-05,0.016938271604940502,0.27131300000000003,-0.00085749999999998425,0.055631635802467834,,,,,,,,14.249999999999998,0.27731549999999999,0.17683555555555544,-0.1073462962963047,0.26445299999999999,-0.16101944444444452,0.070929012345686895,14.249999999999998,0.31504550000000003,-0.020008333333333357,-0.41641682098765664,0.22294999999999998,0.010004166666666784,0.51222391975308745,14.249999999999998,0.31367349999999999,0.06012027777777762,-0.43277283950617434,0.22620850000000001,-0.077175000000000285,0.44965817901234989
,,,,,,,,,,,,,,14.299999999999999,0.26359549999999998,0.039254444444444515,0.069129320987655174,0.26805449999999997,-0.018198055555555728,0.10761095679012571,14.299999999999999,0.278173,-0.022009166666666403,-0.03202391975308639,0.25073299999999998,0.045733333333333293,0.18536820987654332,14.299999999999999,0.266511,0.0014291666666667174,0.02450756172839624,0.27337099999999998,-0.01124277777777778,0.0067753086419770113,14.299999999999999,0.27542899999999998,0.015911388888888645,-0.21522191358024523,0.29772399999999999,-0.059834444444444128,-0.36814274691357896,14.299999999999999,0.268569,0.0017149999999999004,-0.0093160493827161104,0.2718275,-0.0052402777777775982,0.0056637345678989433,14.299999999999999,0.26736850000000001,0.00085750000000022093,0.0075692901234574068,0.27148450000000002,0.00209611111111101,0.04165756172839425,,,,,,,,14.299999999999999,0.28606199999999998,0.1695944444444433,-0.19748966049382524,0.25673550000000001,-0.15463583333333239,0.14281080246913511,14.299999999999999,0.313502,-0.040493055555555574,-0.39127407407407216,0.22397900000000001,0.035443333333333181,0.49295663580246657,14.299999999999999,0.31607449999999998,0.038111111111110964,-0.43420200617283555,0.22260699999999997,-0.055261111111110824,0.47183672839506174
,,,,,,,,,,,,,,14.35,0.26599650000000002,0.041255277777777939,0.023554783950618219,0.26719699999999996,-0.011814444444444148,0.11179259259259533,14.35,0.27697250000000001,-0.023628888888888786,-0.030277160493829263,0.25313400000000003,0.055261111111111337,0.18028672839506119,14.35,0.26668249999999999,0.0043827777777779575,0.033929475308642043,0.27268500000000001,-0.011909722222222171,0.021649228395062236,14.35,0.27594350000000001,0.0053355555555556211,-0.20209475308641914,0.294294,-0.076222222222222288,-0.30282453703704149,14.35,0.26874049999999999,0.0013338888888888218,-0.010004166666666226,0.27131300000000003,-0.0053355555555556879,0.019161419753083834,14.35,0.26736850000000001,0.0003811111111111827,0.003599382716048179,0.27165600000000001,0.0027630555555555017,0.033929475308642203,,,,,,,,14.35,0.29446549999999999,0.15739888888888895,-0.29223811728394256,0.24901799999999999,-0.14691833333333346,0.21770972222221577,14.35,0.31092949999999997,-0.059358055555555504,-0.35956774691358134,0.22655149999999999,0.059548611111111156,0.46426743827160738,14.35,0.31744650000000002,0.016768888888889017,-0.43361975308641904,0.220549,-0.030203055555555417,0.50513101851851816
,,,,,,,,,,,,,,14.399999999999999,0.26788299999999998,0.040302500000000234,0.00063518518518442847,0.26685400000000004,-0.0054308333333329692,0.08506188271604731,14.399999999999999,0.27577200000000002,-0.024772222222222234,-0.032076851851854354,0.25622100000000003,0.064503055555555411,0.17298209876543058,14.399999999999999,0.26702550000000003,0.0060977777777778798,0.019531944444442551,0.27199899999999999,-0.0095277777777777722,0.042504475308641987,14.399999999999999,0.27594350000000001,-0.0045733333333334483,-0.18044552469135847,0.2900065,-0.089751666666667076,-0.24105277777778022,14.399999999999999,0.26874049999999999,0.00047638888888886476,-0.0066694444444441283,0.27114149999999998,-0.0028583333333335927,0.025777932098765808,14.399999999999999,0.26736850000000001,0.00057166666666666824,0.010268827160492449,0.27165600000000001,0.0049544444444445078,0.033664814814813794,,,,,,,,14.399999999999999,0.30201149999999999,0.14015361111111144,-0.37825277777777472,0.241815,-0.13405583333333371,0.30801188271604829,14.399999999999999,0.30749950000000004,-0.076508055555555676,-0.32542654320987802,0.22998150000000001,0.082129444444444699,0.42652685185185318,14.399999999999999,0.3177895,-0.0051450000000000549,-0.4334080246913587,0.219863,-0.0080986111111110894,0.58897546296296344
,,,,,,,,,,,,,,14.449999999999999,0.26994100000000004,0.040207222222222366,-0.0034935185185216099,0.26685400000000004,-0.0027630555555557255,0.048379938271601752,14.449999999999999,0.27457150000000002,-0.026963611111111323,-0.031177006172840721,0.25965099999999997,0.073459166666666534,0.14963904320987653,14.449999999999999,0.26736850000000001,0.0063836111111109511,0.0024348765432085496,0.27165600000000001,-0.0059072222222221749,0.035411574074073304,14.449999999999999,0.27542899999999998,-0.013053055555555561,-0.15043302469135802,0.28520449999999997,-0.10023222222222265,-0.18113364197530576,14.449999999999999,0.26874049999999999,0.00047638888888886476,-0.002487808641975195,0.27114149999999998,-0.0020961111111111306,0.022178549382718099,14.449999999999999,0.26736850000000001,0.0016197222222221429,0.013550617283949505,0.27217050000000004,0.006669444444444241,0.023713580246911902,,,,,,,,14.449999999999999,0.30869999999999997,0.11814444444444483,-0.43356682098765525,0.23529799999999998,-0.11490500000000024,0.37433580246913906,14.449999999999999,0.30321199999999998,-0.091943055555555778,-0.28953858024691198,0.23478350000000001,0.10347166666666681,0.36443749999999847,14.449999999999999,0.31693199999999999,-0.026963611111111011,-0.42552114197530894,0.218834,0.029250277777777802,0.64820648148148219
,,,,,,,,,,,,,,14.499999999999998,0.2718275,0.041064722222222003,-0.025301543209879387,0.26668249999999999,-0.0021913888888891197,0.040175462962963343,14.499999999999998,0.27302799999999999,-0.028392777777777958,-0.02281373456790001,0.26359549999999998,0.080795555555555579,0.093319290123455023,14.499999999999998,0.26771149999999999,0.0056213888888887549,-0.0022231481481471173,0.27165600000000001,-0.0060977777777778998,0.03160046296296231,14.499999999999998,0.27457150000000002,-0.01981777777777784,-0.11555077160493797,0.27988799999999997,-0.10814027777777778,-0.11496851851851181,14.499999999999998,0.26874049999999999,0.00095277777777772908,-0.011062808641974809,0.27096999999999999,-0.0017149999999999171,0.034935185185186422,14.499999999999998,0.26754,0.0025724999999998705,0.0061930555555550779,0.27234199999999997,0.0078127777777775003,0.0053461419753091073,,,,,,,,14.499999999999998,0.31384499999999999,0.095087222222222614,-0.45447500000000446,0.23032450000000002,-0.094706111111111088,0.40461296296296689,14.499999999999998,0.29823850000000002,-0.10556777777777761,-0.25084521604937887,0.24061449999999998,0.11900194444444444,0.29356141975308209,14.499999999999998,0.31504550000000003,-0.047924722222222139,-0.41085895061728417,0.22277849999999999,0.066122777777777794,0.53821358024691202
,,,,,,,,,,,,,,14.549999999999999,0.27422849999999999,0.038587499999999726,-0.063518518518518183,0.266511,0.0002858333333333178,0.051185339506174682,14.549999999999999,0.27165600000000001,-0.028583333333333318,-0.025513271604936511,0.26788299999999998,0.084320833333332748,0.00719876543209987,14.549999999999999,0.26788299999999998,0.0056213888888889674,0.0035464506172851709,0.27096999999999999,-0.0047638888888889667,0.060501388888889139,14.549999999999999,0.27337099999999998,-0.024772222222222195,-0.076275154320986624,0.27422849999999999,-0.11214194444444359,-0.036417283950617212,14.549999999999999,0.26891199999999998,9.5277777777759098e-05,-0.029589043209874807,0.2707985,0.0014291666666667042,0.04530987654321051,14.549999999999999,0.26771149999999999,0.0020961111111109923,0.0001587962962964156,0.27302799999999999,0.0074316666666665648,-0.015826697530862185,,,,,,,,14.549999999999999,0.31813250000000004,0.072792222222221856,-0.47284243827160427,0.2258655,-0.07450722222222185,0.43219058641975056,14.549999999999999,0.29257900000000003,-0.11728694444444372,-0.20558827160494028,0.24678849999999999,0.13176916666666588,0.23909429012345707,14.549999999999999,0.31213000000000002,-0.068314166666666412,-0.38719830246913634,0.22655149999999999,0.08374916666666625,0.40588333333333271
,,,,,,,,,,,,,,14.6,0.27577200000000002,0.034109444444444331,-0.092631172839505338,0.26668249999999999,0.0034300000000001946,0.053884876543210357,14.6,0.27028399999999997,-0.030679444444444443,-0.03218271604938145,0.27234199999999997,0.081271944444444563,-0.074687191358020669,14.6,0.26822600000000002,0.0063836111111112157,0.0032817901234562484,0.27096999999999999,0.00019055555555554636,0.083315123456791207,14.6,0.27199899999999999,-0.027344722222222145,-0.037264197530864761,0.268569,-0.11261833333333345,0.061083641975302867,14.6,0.26891199999999998,-0.0033347222222220563,-0.024666358024690246,0.27114149999999998,0.0040969444444446381,0.033453086419753683,14.6,0.26771149999999999,0.0020961111111110022,0.0019584876543215714,0.27319949999999998,0.0050497222222221742,-0.016197222222220031,,,,,,,,14.6,0.32121949999999999,0.048591666666666644,-0.50190216049382463,0.22277849999999999,-0.052212222222222271,0.47072515432098588,14.6,0.28640500000000002,-0.12633833333333375,-0.1535030864197594,0.25381999999999999,0.14291666666666683,0.18303919753087219,14.6,0.3081855,-0.087560277777778098,-0.34464089506173273,0.23101050000000001,0.10166138888888902,0.35453919753086938
,,,,,,,,,,,,,,14.649999999999999,0.27765849999999997,0.028869166666666505,-0.11433333333333227,0.26685400000000004,0.0064788888888889723,0.039487345679010105,14.649999999999999,0.268569,-0.032394444444444233,-0.028795061728395244,0.276115,0.075174166666666847,-0.1227495370370365,14.649999999999999,0.268569,0.0063836111111110136,-0.0041287037037043553,0.27096999999999999,0.0055261111111112116,0.069923302469136056,14.649999999999999,0.27062700000000001,-0.028869166666666762,0.0059813271604935089,0.26273799999999997,-0.10737805555555592,0.18161003086419761,14.649999999999999,0.26839750000000001,-0.0037158333333331523,0.0033347222222215437,0.27131300000000003,0.0049544444444446327,0.017044135802467834,14.649999999999999,0.26788299999999998,0.0026677777777776774,-0.0017467592592576256,0.27337099999999998,0.0052402777777779503,-0.0062989197530849582,,,,,,,,14.649999999999999,0.323106,0.022199722222222548,-0.52270447530864206,0.220549,-0.02772583333333337,0.5136530864197536,14.649999999999999,0.27988799999999997,-0.13329361111111157,-0.089084722222221746,0.2611945,0.15092000000000064,0.11205725308642255,14.649999999999999,0.30321199999999998,-0.1033763888888893,-0.28900925925926013,0.23666999999999999,0.11881138888888931,0.31960401234568175
,,,,,,,,,,,,,,14.699999999999999,0.27868749999999998,0.022580833333333331,-0.13386527777777635,0.26736850000000001,0.0083844444444441876,0.0065635802469121924,14.699999999999999,0.26702550000000003,-0.03382361111111111,-0.020325925925927555,0.27988799999999997,0.068028333333333427,-0.14757469135802573,14.699999999999999,0.26891199999999998,0.00562138888888895,-0.0070929012345686063,0.27165600000000001,0.0084797222222222374,0.02964197530864085,14.699999999999999,0.26891199999999998,-0.02667777777777788,0.046474382716051497,0.25742149999999997,-0.093562777777777772,0.28440416666667029,14.699999999999999,0.26839750000000001,-0.001619722222222172,0.0094748456790104945,0.27165600000000001,0.0052402777777777352,0.0093689814814799568,14.699999999999999,0.26805449999999997,0.0020008333333333583,-0.0066694444444415774,0.27371400000000001,0.0056213888888890446,-0.016832407407407757,,,,,,,,14.699999999999999,0.32344900000000004,-0.0046686111111109438,-0.52355138888889197,0.219863,-9.5277777777805149e-05,0.53900756172839548,14.699999999999999,0.2728565,-0.1355802777777779,-0.019055555555551513,0.26908350000000003,0.15492166666666718,0.026254320987649637,14.699999999999999,0.29772399999999999,-0.11614361111111147,-0.23639475308641622,0.24301550000000002,0.13396055555555605,0.28207515432098446
,,,,,,,,,,,,,,14.749999999999998,0.27988799999999997,0.016387777777777873,-0.16726543209876474,0.26788299999999998,0.0067647222222220289,-0.018261574074072213,14.749999999999998,0.26513900000000001,-0.034300000000000185,-0.013180092592591829,0.28297499999999998,0.059643888888889031,-0.15667901234568163,14.749999999999998,0.26908350000000003,0.0054308333333331765,-0.0068282407407412411,0.27199899999999999,0.007717499999999846,-0.00026466049382733049,14.749999999999998,0.26788299999999998,-0.022676111111110866,0.062989197530866098,0.25330550000000002,-0.076889166666666495,0.34744629629629831,14.749999999999998,0.26839750000000001,-0.0019055555555555815,0.00037052469135553847,0.2718275,0.0055261111111111656,0.0084691358024673851,14.749999999999998,0.26805449999999997,0.0017150000000003128,-0.0068811728395043693,0.274057,0.0038111111111111275,-0.033611882716049514,,,,,,,,14.749999999999998,0.32259150000000003,-0.030679444444444506,-0.51031836419753229,0.220549,0.027535277777777659,0.53122654320987583,14.749999999999998,0.26616800000000002,-0.13415111111111103,0.034141203703708302,0.27697250000000001,0.15282555555555558,-0.050232561728404117,14.749999999999998,0.29154999999999998,-0.12710055555555558,-0.1817688271604859,0.25004700000000002,0.14834749999999997,0.21511604938270815
,,,,,,,,,,,,,,14.799999999999999,0.28057399999999999,0.0056213888888889986,-0.19468425925925859,0.26805449999999997,0.0048591666666667954,-0.01206851851851634,14.799999999999999,0.26359549999999998,-0.034776388888888655,-0.010586419753085774,0.285719,0.053069722222221859,-0.17748132716049328,14.799999999999999,0.26942649999999996,0.0056213888888887063,-0.017520524691355253,0.27234199999999997,0.0077174999999999752,-0.013709413580245465,14.799999999999999,0.26685400000000004,-0.021342222222221947,0.096389351851849978,0.24970400000000001,-0.05850055555555525,0.39662021604937853,14.799999999999999,0.26822600000000002,-0.002477222222222472,0.0031229938271587696,0.27217050000000004,0.0063836111111108601,0.0026466049382703112,14.799999999999999,0.26822600000000002,0.0014291666666669818,-0.0088396604938283368,0.274057,0.0021913888888890599,-0.048274074074073969,,,,,,,,14.799999999999999,0.32036200000000004,-0.056023333333333224,-0.48676358024691191,0.22260699999999997,0.054689444444444124,0.48623425925925812,14.799999999999999,0.25947950000000003,-0.13215027777777705,0.086491049382713389,0.28434700000000002,0.14949083333333227,-0.12126743827160512,14.799999999999999,0.28486149999999999,-0.13453222222222114,-0.12364938271604804,0.25810749999999999,0.15692249999999897,0.12010293209876532
,,,,,,,,,,,,,,14.85,0.2804025,-0.0045733333333334084,-0.19357268518518569,0.26822600000000002,0.0052402777777779408,0.0024348765432094543,14.85,0.26170900000000002,-0.035729166666666624,0.00037052469135561567,0.28846299999999997,0.043065555555555572,-0.21776265432098499,14.85,0.2697695,0.003715833333333573,-0.029377314814811678,0.2728565,0.0062883333333334452,-0.020272993827159764,14.85,0.265482,-0.014863333333333407,0.15831990740740573,0.247303,-0.03696777777777796,0.43245524691357845,14.85,0.26805449999999997,-0.0017150000000003128,0.0070929012345689853,0.27251349999999996,0.0062883333333331346,-0.012174382716048057,14.85,0.26822600000000002,0.00066694444444453059,-0.0086279320987680905,0.27440000000000003,-0.0014291666666665925,-0.053567283950618876,,,,,,,,14.85,0.31693199999999999,-0.079842777777777971,-0.45103441358024893,0.22620850000000001,0.077651388888889061,0.41223518518518903,14.85,0.25279099999999999,-0.12643361111111137,0.1517033950617219,0.2920645,0.14215444444444436,-0.21405740740739962,14.85,0.27800150000000001,-0.13939138888888883,-0.066800308641982928,0.26599650000000002,0.15987611111111119,0.031759259259267848
,,,,,,,,,,,,,,14.899999999999999,0.28005949999999996,-0.014005833333333292,-0.18145123456790122,0.268569,0.0060024999999999211,0.0039699074074069128,14.899999999999999,0.259994,-0.035824444444444659,0.029536111111109233,0.29017799999999999,0.030203055555555729,-0.24041759259259154,14.899999999999999,0.2697695,0.0020961111111114702,-0.032182716049383144,0.27302799999999999,0.0042875000000000326,-0.0038111111111108083,14.899999999999999,0.26513900000000001,-0.0040016666666666551,0.19103194444444427,0.24593099999999998,-0.014005833333333445,0.44124197530864429,14.899999999999999,0.26805449999999997,-0.00095277777777785279,-0.0017467592592566878,0.2728565,0.0050497222222222818,-0.025460339506171964,14.899999999999999,0.26822600000000002,0.00085749999999995856,-0.012915432098767802,0.2738855,-0.004573333333333417,-0.03451172839506287,,,,,,,,14.899999999999999,0.31230150000000001,-0.10166138888888898,-0.40291913580247174,0.2306675,0.094801388888889074,0.35596836419753419,14.899999999999999,0.246617,-0.11633416666666707,0.20468842592592373,0.29892449999999998,0.12767222222222255,-0.29668441358024161,14.899999999999999,0.2707985,-0.14120166666666692,-0.010215895061734113,0.27422849999999999,0.15901861111111157,-0.037899382716043928
,,,,,,,,,,,,,,14.949999999999999,0.27903050000000001,-0.023152499999999961,-0.15821404320987675,0.26891199999999998,0.0056213888888889873,0.0040757716049381566,14.949999999999999,0.257936,-0.032585000000000183,0.056213888888888362,0.29137849999999998,0.018388611111111303,-0.24957484567901314,14.949999999999999,0.26994100000000004,0.00085750000000023611,-0.039593209876547596,0.27302799999999999,0.0062883333333334616,0.0033347222222222129,14.949999999999999,0.26513900000000001,0.0062883333333332153,0.18240401234567974,0.24593099999999998,0.0085750000000001398,0.42112777777778065,14.949999999999999,0.26805449999999997,-0.0018102777777777212,-0.011750925925924041,0.27302799999999999,0.0034299999999999275,-0.033029629629629714,14.949999999999999,0.26839750000000001,-0.00038111111111121604,-0.019637808641977585,0.27371400000000001,-0.0039063888888889158,-0.030330092592593328,,,,,,,,14.949999999999999,0.30664200000000003,-0.12052638888888917,-0.3447996913580284,0.23564099999999999,0.11176083333333371,0.32479135802469394,14.949999999999999,0.24112899999999998,-0.10480555555555598,0.23692407407407512,0.304927,0.11042694444444506,-0.3429470679012343,14.949999999999999,0.26376700000000003,-0.14015361111111158,0.042239814814811684,0.28194600000000003,0.15606500000000065,-0.1047526234567895
,,,,,,,,,,,,,,14.999999999999998,0.27765849999999997,-0.030584166666666638,-0.12285540123456741,0.26908350000000003,0.0059072222222221532,0.010374691358024711,14.999999999999998,0.25673550000000001,-0.028869166666666935,0.061401234567902092,0.2920645,0.0056213888888890498,-0.25714413580247147,14.999999999999998,0.26994100000000004,-0.0018102777777780606,-0.045204012345683213,0.27371400000000001,0.0071458333333333885,-0.032076851851852529,14.999999999999998,0.26582499999999998,0.015339722222222312,0.1479452160493829,0.24696000000000001,0.028011666666666764,0.39683194444444575,14.999999999999998,0.26788299999999998,-0.0028583333333331955,-0.0094748456790118615,0.27319949999999998,0.001619722222222175,-0.036258487654320389,14.999999999999998,0.26822600000000002,-0.0020961111111114108,-0.009474845679013591,0.27371400000000001,-0.0067647222222223585,-0.038216975308642286,,,,,,,,14.999999999999998,0.30012500000000003,-0.13624722222222271,-0.28149290123456899,0.241815,0.12824388888888927,0.27953441358024672,14.999999999999998,0.23615549999999999,-0.092895833333333608,0.27048302469136076,0.30990050000000002,0.093181666666667107,-0.38211682098765881,14.999999999999998,0.25673550000000001,-0.13720000000000063,0.097395061728396445,0.2900065,0.14910972222222271,-0.18039259259259643
,,,,,,,,,,,,,,15.049999999999999,0.27577200000000002,-0.03439527777777756,-0.10290000000000042,0.26942649999999996,0.0073363888888889591,0.0059813271604943598,15.049999999999999,0.25519199999999997,-0.02715416666666684,0.077016203703706626,0.2920645,-0.0086702777777777854,-0.23702993827160701,15.049999999999999,0.2697695,-0.0044780555555560151,-0.035782098765430946,0.274057,0.0025724999999999971,-0.058595833333333347,15.049999999999999,0.26685400000000004,0.020770555555555518,0.11518024691357816,0.24867499999999998,0.047924722222222264,0.3715304012345686,15.049999999999999,0.26771149999999999,-0.0030488888888887695,-0.0012703703703714642,0.27319949999999998,-0.00028583333333331954,-0.035305709876542114,15.049999999999999,0.26805449999999997,-0.0015244444444447714,0.0026995370370384957,0.27302799999999999,-0.0091466666666667421,-0.0215962962962956,,,,,,,,15.049999999999999,0.29292200000000002,-0.1491097222222226,-0.20828780864197258,0.24867499999999998,0.14063000000000028,0.21929768518518231,15.049999999999999,0.2316965,-0.078127777777778018,0.30880586419753397,0.31435950000000001,0.07326861111111127,-0.43388441358025237,15.049999999999999,0.2498755,-0.13062583333333375,0.15535570987654887,0.29703800000000002,0.13786694444444472,-0.25375648148148733
,,,,,,,,,,,,,,15.099999999999998,0.27440000000000003,-0.040493055555555574,-0.088555401234568829,0.26994100000000004,0.0067647222222223065,-0.0011645061728401812,15.099999999999998,0.25381999999999999,-0.021913888888888844,0.1039586419753125,0.2910355,-0.019722500000000042,-0.18981450617284001,15.099999999999998,0.26942649999999996,-0.0059072222222221679,-0.017467592592589534,0.2738855,-0.00085749999999992516,-0.045997993827159765,15.099999999999998,0.26788299999999998,0.026010833333332956,0.095118981481481235,0.25176199999999999,0.066694444444444653,0.31431080246913362,15.099999999999998,0.26754,-0.0024772222222222157,-0.00031759259259439766,0.27319949999999998,-0.0024772222222220973,-0.023872376543209253,15.099999999999998,0.26805449999999997,-0.0007622222222223061,-0.0031759259259231498,0.27268500000000001,-0.0095277777777778138,0.0063518518518531041,,,,,,,,15.099999999999998,0.28503300000000004,-0.15758944444444464,-0.1251314814814751,0.25604949999999999,0.14939555555555567,0.1679535493827099,15.099999999999998,0.22826649999999998,-0.061549444444444545,0.33955941358025049,0.31744650000000002,0.049258611111110961,-0.47310709876543472,15.099999999999998,0.24353,-0.12081222222222225,0.20135370370371108,0.303898,0.12357527777777766,-0.32389151234568403
,,,,,,,,,,,,,,15.149999999999999,0.27165600000000001,-0.045066388888888746,-0.04488641975308761,0.27011249999999998,0.0061930555555554491,0.0091572530864197556,15.149999999999999,0.25296249999999998,-0.015816111111110781,0.11523317901234729,0.28983500000000001,-0.026487222222222228,-0.16011959876543141,15.149999999999999,0.26908350000000003,-0.0056213888888887514,-0.0093689814814816499,0.2738855,-0.0025724999999998453,-0.020908179012345724,15.149999999999999,0.26942649999999996,0.031060555555555314,0.061295370370374275,0.25553500000000001,0.081081388888888453,0.22400864197530682,15.149999999999999,0.26754,-0.0030488888888890783,-0.00021172839506174382,0.2728565,-0.0029536111111109664,-0.0078339506172850747,15.149999999999999,0.26805449999999997,-0.0012386111111110799,-0.018208641975306031,0.27199899999999999,-0.0081938888888888409,0.03038302469135935,,,,,,,,15.149999999999999,0.27697250000000001,-0.16149583333333253,-0.043880709876542606,0.26359549999999998,0.15720833333333242,0.11608009259259233,15.149999999999999,0.22552249999999999,-0.044018333333333041,0.36724290123456688,0.31933299999999998,0.024009999999999851,-0.4768652777777736,15.149999999999999,0.23787050000000001,-0.11099861111111033,0.25629722222222168,0.30955749999999999,0.10528194444444383,-0.38751589506172385
,,,,,,,,,,,,,,15.199999999999999,0.269598,-0.04430416666666679,-0.011962654320989861,0.27045550000000002,0.0073363888888889747,0.026042592592593269,15.199999999999999,0.25227650000000001,-0.010099444444444083,0.12200848765432031,0.28846299999999997,-0.033728333333333381,-0.16027839506172861,15.199999999999999,0.26891199999999998,-0.0060025000000001215,-0.015932561728396095,0.27354250000000002,-0.0025724999999999043,-0.0025407407407424527,15.199999999999999,0.27114149999999998,0.032966111111111425,0.013338888888893327,0.26016549999999999,0.089084722222222371,0.13248904320987862,15.199999999999999,0.26719699999999996,-0.0029536111111112383,0.0066694444444481164,0.2728565,-0.0024772222222222157,-0.0056108024691382645,15.199999999999999,0.26805449999999997,-0.0037158333333331462,-0.013762345679011141,0.2718275,-0.0057166666666664942,0.038693364197531735,,,,,,,,15.199999999999999,0.26874049999999999,-0.16159111111111121,0.029430246913573627,0.2718275,0.16282972222222244,0.030965277777784354,15.199999999999999,0.22380749999999999,-0.024962777777777792,0.39444999999999997,0.31967600000000002,0.0012386111111113262,-0.46908425925925945,15.199999999999999,0.232211,-0.096516388888888846,0.33024336419752603,0.31453100000000001,0.084416111111111469,-0.44076558641974906
,,,,,,,,,,,,,,15.249999999999998,0.26736850000000001,-0.045352222222222516,0.0065635802469142324,0.2707985,0.0095277777777778329,0.031759259259258987,15.249999999999998,0.25193350000000003,-0.003811111111110925,0.1325419753086394,0.286748,-0.044875833333333316,-0.12343765432098834,15.249999999999998,0.268569,-0.0077175000000001132,-0.015562037037036319,0.27354250000000002,-0.0010480555555556256,-0.015826697530866633,15.249999999999998,0.2728565,0.032013333333333789,-0.029377314814815064,0.26462450000000004,0.092705277777777803,0.06971157407407412,15.249999999999998,0.26719699999999996,-0.0020961111111107299,0.0087867283950654063,0.27268500000000001,-0.0032394444444446848,-0.0088396604938283819,15.249999999999998,0.26754,-0.003811111111110925,0.012068518518518062,0.27148450000000002,-0.0041922222222220461,0.040704783950616823,,,,,,,,15.249999999999998,0.26068000000000002,-0.15825638888888935,0.095489506172836844,0.28023100000000001,0.16111472222222259,-0.069923302469134502,15.249999999999998,0.22294999999999998,-0.0043827777777777164,0.41493472222222433,0.31950450000000002,-0.022009166666666722,-0.46977237654321341,15.249999999999998,0.22792350000000003,-0.076412777777777954,0.37502391975308424,0.31813250000000004,0.06040611111111141,-0.47718287037037332
,,,,,,,,,,,,,,15.299999999999999,0.26496749999999997,-0.044208888888888929,0.033717746913583091,0.27148450000000002,0.01067111111111114,0.03371774691357942,15.299999999999999,0.25193350000000003,0.002191388888888902,0.15890216049382391,0.28348950000000001,-0.047924722222222389,-0.055419907407406939,15.299999999999999,0.26805449999999997,-0.0080986111111111449,-0.0070399691358000371,0.27371400000000001,-0.0041922222222224468,-0.029218518518520017,15.299999999999999,0.27440000000000003,0.029345555555555774,-0.0616129629629667,0.26942649999999996,0.09537305555555553,0.019479012345679437,15.299999999999999,0.26702550000000003,-0.0018102777777773181,0.006987037037036653,0.27251349999999996,-0.003620555555555779,-0.0084162037037017103,15.299999999999999,0.26754,-0.001429166666666596,0.021066975308641014,0.27131300000000003,-0.0012386111111110491,0.034935185185184119,,,,,,,,15.299999999999999,0.25279099999999999,-0.15177750000000048,0.1561496913580277,0.28811999999999999,0.15482638888888914,-0.15419120370370604,15.299999999999999,0.22329299999999999,0.017626388888889177,0.41387608024691391,0.31761800000000001,-0.047162500000000267,-0.44362391975308818,15.299999999999999,0.224665,-0.057166666666666914,0.38598086419753103,0.32053350000000003,0.036396111111111018,-0.5026961419753132
,,,,,,,,,,,,,,15.349999999999998,0.26290950000000002,-0.042208055555555339,0.066323919753087407,0.2718275,0.012481388888888834,0.041181172839505183,15.349999999999998,0.25193350000000003,0.01210027777777762,0.18340972222221844,0.28177449999999998,-0.047067222222222226,-0.040598919753083912,15.349999999999998,0.26771149999999999,-0.0077174999999997567,-0.0096336419753067729,0.27302799999999999,-0.0057166666666669001,-0.012650771604937853,15.349999999999998,0.27577200000000002,0.026201388888888778,-0.099300617283953743,0.27422849999999999,0.095754166666666904,-0.049756172839508263,15.349999999999998,0.26702550000000003,-0.0016197222222220156,0.0089984567901209567,0.27234199999999997,-0.00438277777777768,-0.0026995370370341536,15.349999999999998,0.26754,-0.0011433333333332781,0.018949691358023744,0.27148450000000002,-0.00038111111111109017,0.02530154320987546,,,,,,,,15.349999999999998,0.24541650000000001,-0.14272611111111125,0.2181331790123526,0.29583749999999998,0.14491750000000017,-0.22284413580247439,15.349999999999998,0.22483650000000002,0.037634722222222375,0.39741419753086005,0.31453100000000001,-0.067647222222222483,-0.39265030864197231,15.349999999999998,0.22226400000000002,-0.03839694444444465,0.4027603395061739,0.32190550000000001,0.009908888888888568,-0.51746419753086448
,,,,,,,,,,,,,,15.399999999999999,0.26068000000000002,-0.03811111111111095,0.10824614197530534,0.27268500000000001,0.015053888888888688,0.043933641975309419,15.399999999999999,0.25313400000000003,0.022294999999999399,0.1767932098765419,0.27920200000000001,-0.052402777777777375,-0.021543364197531126,15.399999999999999,0.26736850000000001,-0.0087655555555552316,-0.015614969135804015,0.27302799999999999,-0.0053355555555557417,0.0042875000000022591,15.399999999999999,0.277144,0.020294166666666461,-0.15027422839506091,0.27920200000000001,0.091561944444443988,-0.13968780864197503,15.399999999999999,0.26685400000000004,-0.0012386111111110047,0.016779475308639071,0.27199899999999999,-0.0038111111111109237,0.0031759259259272472,15.399999999999999,0.26736850000000001,9.5277777777772623e-05,0.019743672839505039,0.27131300000000003,1.3480247011236438e-17,0.037846450617281958,,,,,,,,15.399999999999999,0.23838499999999999,-0.13033999999999923,0.28620385802469045,0.30269750000000001,0.13243611111111042,-0.28673317901234441,15.399999999999999,0.22706600000000002,0.057071388888888332,0.38089938271604562,0.31075799999999998,-0.085749999999999549,-0.34834614197530583,15.399999999999999,0.22072049999999999,-0.017721666666666799,0.43139660493827064,0.32156249999999997,-0.017054722222222204,-0.49750879629629097
,,,,,,,,,,,,,,15.449999999999999,0.258965,-0.031251111111111424,0.14275787037036874,0.27337099999999998,0.017150000000000106,0.040704783950619557,15.449999999999999,0.25433449999999996,0.029821944444444175,0.16594212962963437,0.276115,-0.050497222222222332,0.016250154320985231,15.449999999999999,0.26685400000000004,-0.010004166666666677,-0.007251697530867819,0.27251349999999996,-0.0048591666666667277,0.015562037037041695,15.449999999999999,0.27800150000000001,0.010480555555555542,-0.18854413580246834,0.283661,0.081271944444444563,-0.21940354938271445,15.449999999999999,0.26685400000000004,9.5277777777742333e-05,0.023343055555552394,0.27199899999999999,-0.0038111111111109146,0.0073575617283950954,15.449999999999999,0.26754,0.0012386111111110487,0.012703703703703091,0.27131300000000003,0.0032394444444442797,0.052879166666664645,,,,,,,,15.449999999999999,0.232211,-0.11395222222222227,0.35067515432098301,0.3092145,0.11662000000000011,-0.35607422839505776,15.449999999999999,0.23049599999999998,0.076698611111111009,0.34580540123457193,0.30595600000000001,-0.10280472222222235,-0.2960492283950652,15.449999999999999,0.22037749999999998,0.0052402777777777404,0.44976404320987934,0.320019,-0.040683611111110934,-0.45738626543209943
,,,,,,,,,,,,,,15.499999999999998,0.25742149999999997,-0.02210444444444459,0.14429290123457003,0.27440000000000003,0.019150833333333499,0.033506018518519337,15.499999999999998,0.25604949999999999,0.038206388888889067,0.16181342592593004,0.27422849999999999,-0.049639722222222397,0.037687654320988632,15.499999999999998,0.26633950000000001,-0.010480555555555842,0.019267283950616297,0.27251349999999996,-0.0036205555555551007,0.022337345679015921,15.499999999999998,0.278173,0.00028583333333331954,-0.20484722222222243,0.28743400000000002,0.068123611111111107,-0.26873626543209977,15.499999999999998,0.26685400000000004,0.001524444444444247,0.021913888888885694,0.27165600000000001,-0.003906388888888699,0.025301543209875373,15.499999999999998,0.26754,0.0015244444444443702,0.0037581790123454896,0.27165600000000001,0.0063836111111108288,0.047109567901233967,,,,,,,,15.499999999999998,0.2268945,-0.094801388888889213,0.4027603395061734,0.31453100000000001,0.096706944444444651,-0.42176296296296328,15.499999999999998,0.234955,0.092133611111111346,0.30139537037037306,0.30029649999999997,-0.11585777777777805,-0.23395987654321093,15.499999999999998,0.22123499999999999,0.028488055555555725,0.44298873456790405,0.31744650000000002,-0.062692777777777889,-0.41403487654321242
,,,,,,,,,,,,,,15.549999999999999,0.256907,-0.015434999999999949,0.1210557098765455,0.27525749999999999,0.021151666666666801,0.014291666666666316,15.549999999999999,0.25810749999999999,0.046876666666666948,0.14122283950617273,0.27114149999999998,-0.047638888888888786,0.074845987654323418,15.549999999999999,0.26565349999999999,-0.0080986111111112369,0.046474382716051442,0.27217050000000004,-0.002763055555555049,0.030912345679010956,15.549999999999999,0.27800150000000001,-0.0098136111111111809,-0.21892716049382699,0.29052099999999997,0.053355555555555427,-0.2938790123456787,15.549999999999999,0.26702550000000003,0.0026677777777772763,0.013762345679011538,0.27148450000000002,-0.0018102777777776896,0.048115277777775578,15.549999999999999,0.26771149999999999,0.001429166666666596,-0.0015350308641975154,0.27199899999999999,0.0084797222222219287,0.028106944444446131,,,,,,,,15.549999999999999,0.22260699999999997,-0.072982777777777799,0.43695447530864606,0.31899,0.074030833333333448,-0.47686527777778065,15.549999999999999,0.239757,0.10613944444444461,0.26672484567901172,0.294294,-0.126528888888889,-0.16504228395061629,15.549999999999999,0.22329299999999999,0.050401944444444687,0.41705200617283955,0.31367349999999999,-0.082510555555555767,-0.36184382716049357
,,,,,,,,,,,,,,15.599999999999998,0.25604949999999999,-0.011623888888888762,0.12454922839506255,0.27662950000000003,0.02105638888888911,-0.011962654320990524,15.599999999999998,0.26085150000000001,0.053355555555555594,0.10194722222221914,0.26925500000000002,-0.041826944444444208,0.10369398148148197,15.599999999999998,0.265482,-0.0045733333333332488,0.051132407407409174,0.27217050000000004,-0.00047638888888873747,0.038269907407403561,15.599999999999998,0.27731549999999999,-0.021913888888888875,-0.22347932098765289,0.29275049999999997,0.038587500000000115,-0.31076435185185014,15.599999999999998,0.26719699999999996,0.002477222222221815,0.012227314814818306,0.27131300000000003,0.0027630555555554193,0.038216975308640384,15.599999999999998,0.26771149999999999,0.00085749999999995346,0.0018526234567899718,0.27251349999999996,0.0099088888888888196,-0.0040757716049353437,,,,,,,,15.599999999999998,0.21952000000000002,-0.049639722222221953,0.4434651234567919,0.322077,0.048115277777777653,-0.51105941358024887,15.599999999999998,0.24558799999999997,0.11900194444444451,0.22739629629629268,0.28743400000000002,-0.13243611111111131,-0.095648302469131752,15.599999999999998,0.22638,0.0701244444444446,0.388997993827156,0.30904300000000001,-0.098898333333333352,-0.30864706790123053
,,,,,,,,,,,,,,15.649999999999999,0.25553500000000001,-0.0042874999999998383,0.15011543209876313,0.27748700000000004,0.018769722222221945,-0.019531944444447034,15.649999999999999,0.26359549999999998,0.056690277777777381,0.066906172839506353,0.26702550000000003,-0.036681944444444274,0.12052638888888602,15.649999999999999,0.2653105,-0.0027630555555554197,0.048538734567900706,0.27217050000000004,0.0010480555555555345,0.043774845679008571,15.649999999999999,0.27577200000000002,-0.033251944444444168,-0.20754675925925856,0.29446549999999999,0.022199722222222412,-0.32283287037036762,15.649999999999999,0.26719699999999996,0.0035252777777778506,0.016620679012349437,0.27199899999999999,0.0034299999999998173,0.0038111111111119498,15.649999999999999,0.26771149999999999,0.0016197222222221277,0.0052932098765429746,0.27319949999999998,0.0075269444444445374,-0.026042592592590032,,,,,,,,15.649999999999999,0.21780500000000003,-0.028583333333333145,0.4469586419753046,0.32379199999999997,0.022009166666666496,-0.52355138888888486,15.649999999999999,0.25176199999999999,0.12938722222222163,0.17795771604938207,0.28091699999999997,-0.13519916666666595,-0.042133950617284061,15.649999999999999,0.23032450000000002,0.088989444444443788,0.36443749999999686,0.30372650000000001,-0.11338055555555489,-0.25502685185185076
,,,,,,,,,,,,,,15.699999999999999,0.25553500000000001,0.0045733333333332236,0.15535570987654213,0.27834449999999999,0.018769722222221969,-0.022972530864196636,15.699999999999999,0.266511,0.05954861111111126,0.039487345679015823,0.265482,-0.029440833333333458,0.12656064814814641,15.699999999999999,0.26513900000000001,0,0.047903549382714856,0.27217050000000004,0.0042874999999997837,0.041075308641973347,15.699999999999999,0.2738855,-0.042779722222222254,-0.18584459876543499,0.29498000000000002,0.0056213888888891244,-0.32108611111111296,15.699999999999999,0.26754,0.0046686111111112734,0.011962654320988692,0.2718275,0.0010480555555555848,0.0028054012345691509,15.699999999999999,0.26788299999999998,0.0021913888888887806,-0.003758179012344967,0.27319949999999998,0.0060025000000002134,-0.02498395061728341,,,,,,,,15.699999999999999,0.21660450000000001,-0.0063836111111111741,0.47093688271604828,0.3243065,-0.0047638888888887699,-0.52101064814814801,15.699999999999999,0.25862200000000002,0.13729527777777792,0.11687407407407861,0.2738855,-0.13643777777777796,0.0086279320987600813,15.699999999999999,0.23529799999999998,0.10699694444444437,0.33098441358025266,0.2975525,-0.12443277777777791,-0.20013626543210317
,,,,,,,,,,,,,,15.749999999999998,0.25604949999999999,0.012576666666666604,0.13513564814814921,0.2793735,0.018198055555555526,-0.054784722222220444,15.749999999999998,0.269598,0.060977777777778047,0.0065635802469143703,0.26411000000000001,-0.023057222222222316,0.11353935185185231,15.749999999999998,0.2653105,0.0025724999999999047,0.038216975308641835,0.27268500000000001,0.0060024999999997363,0.022231481481481838,15.749999999999998,0.27148450000000002,-0.051640555555555766,-0.16160169753086587,0.29498000000000002,-0.010194722222222244,-0.3114524691358061,15.749999999999998,0.26771149999999999,0.0049544444444444479,0.0033347222222227177,0.2718275,0.0029536111111112418,0.015456172839505027,15.749999999999998,0.26805449999999997,0.00085749999999998772,-0.0071987654320974778,0.27371400000000001,0.0056213888888890446,-0.031282870370371779,,,,,,,,15.749999999999998,0.21694750000000002,0.019436666666666682,0.47575370370370423,0.3232775,-0.030679444444444509,-0.50179629629629829,15.749999999999998,0.26565349999999999,0.14129694444444471,0.049438580246914686,0.26719699999999996,-0.13519916666666706,0.073152160493827098,15.749999999999998,0.24112899999999998,0.1226225000000004,0.28530401234568253,0.29120699999999999,-0.1331983333333335,-0.14725709876543333
,,,,,,,,,,,,,,15.799999999999999,0.256907,0.018293333333333422,0.1080344135802478,0.2804025,0.013434166666666655,-0.088872993827158894,15.799999999999999,0.27268500000000001,0.060596666666666889,-0.033188425925927925,0.2632525,-0.017912222222222326,0.097500925925928128,15.799999999999999,0.265482,0.0037158333333332742,0.030647685185186676,0.2728565,0.0060024999999998283,0.010639351851853917,15.799999999999999,0.26874049999999999,-0.060025000000000224,-0.11428040123456688,0.29395100000000002,-0.025629722222222467,-0.29493765432098906,15.799999999999999,0.26805449999999997,0.0048591666666668587,-0.0031759259259256053,0.27217050000000004,0.0040969444444442756,0.0045521604938248304,15.799999999999999,0.26788299999999998,0.00076222222222227683,-0.00010586419752974987,0.2738855,0.0032394444444444094,-0.04112824074074193,,,,,,,,15.799999999999999,0.21866250000000001,0.043160833333333336,0.44404737654320936,0.32121949999999999,-0.055642222222222315,-0.46590833333333431,15.799999999999999,0.2728565,0.14234500000000019,-0.020696450617285634,0.26016549999999999,-0.12967305555555572,0.14540447530864622,15.799999999999999,0.24764600000000001,0.13596138888888928,0.22744922839505924,0.28417550000000003,-0.13986777777777795,-0.082627006172838011
,,,,,,,,,,,,,,15.849999999999998,0.257936,0.022676111111111147,0.091625462962963033,0.28074549999999998,0.0078127777777779305,-0.098347839506171639,15.849999999999998,0.27577200000000002,0.057643055555555496,-0.073522685185187328,0.26239499999999999,-0.014196388888888719,0.095330709876545461,15.849999999999998,0.26565349999999999,0.0052402777777779408,0.029165586419754058,0.27319949999999998,0.0071458333333333729,-0.0017467592592573069,15.849999999999998,0.2653105,-0.064503055555555563,-0.040122530864195108,0.29240749999999999,-0.040397777777777893,-0.260267129629628,15.849999999999998,0.26822600000000002,0.0041922222222224052,-0.0025407407407424545,0.27234199999999997,0.00352527777777741,-0.0093689814814806247,15.849999999999998,0.26805449999999997,0.0018102777777779678,-0.0083103395061734642,0.274057,0.0006669444444444405,-0.03705246913580227,,,,,,,,15.849999999999998,0.22140650000000001,0.064121944444444273,0.40403070987654205,0.31761800000000001,-0.07831833333333349,-0.40916512345678813,15.849999999999998,0.28005949999999996,0.13929611111111115,-0.092207716049385172,0.25399149999999998,-0.1192877777777776,0.19510771604938715,15.849999999999998,0.25484899999999999,0.14596555555555554,0.15572623456789511,0.27697250000000001,-0.14148749999999996,-0.017573456790120675
,,,,,,,,,,,,,,15.899999999999999,0.25913649999999999,0.027249444444444427,0.079345216049383119,0.28108850000000002,0.0033347222222224315,-0.1014179012345684,15.899999999999999,0.27851599999999999,0.052879166666666415,-0.10782268518518247,0.26170900000000002,-0.008670277777777468,0.098983024691356392,15.899999999999999,0.26599650000000002,0.0067647222222223281,0.025513271604937191,0.27371400000000001,0.0058119444444445501,-0.013656481481481159,15.899999999999999,0.26205200000000001,-0.063836111111110747,0.029959567901232099,0.28983500000000001,-0.052974444444444151,-0.19743672839506199,15.899999999999999,0.26839750000000001,0.0047638888888887673,-0.0056108024691372159,0.27251349999999996,0.0028583333333333807,-0.019161419753084174,15.899999999999999,0.26822600000000002,0.00019055555555554633,-0.020167129629631603,0.2738855,-0.0009527777777777165,-0.024348765432098282,,,,,,,,15.899999999999999,0.22517949999999998,0.082701111111110559,0.37613549382716377,0.31315899999999997,-0.096230555555555,-0.35586250000000064,15.899999999999999,0.28691949999999999,0.13281722222222167,-0.15858456790122874,0.24833200000000002,-0.10937888888888808,0.23194845679011789,15.899999999999999,0.26239499999999999,0.1520633333333323,0.074475462962966629,0.26994100000000004,-0.14072527777777702,0.034776388888881994
,,,,,,,,,,,,,,15.949999999999999,0.26068000000000002,0.031251111111111236,0.057484259259260866,0.28108850000000002,-0.0014291666666666283,-0.11613302469136093,15.949999999999999,0.28108850000000002,0.046971944444444767,-0.14323425925925645,0.26153750000000003,-0.0032394444444444116,0.085538271604935143,15.949999999999999,0.26633950000000001,0.0080986111111111519,0.016461882716047257,0.27371400000000001,0.0053355555555555136,-0.018526234567901367,15.949999999999999,0.25879350000000001,-0.060025000000000307,0.072305246913575441,0.28691949999999999,-0.061073055555555783,-0.11629182098765928,15.949999999999999,0.26874049999999999,0.0043827777777776895,-0.021119907407406505,0.27268500000000001,0.0010480555555555666,-0.018102777777777367,15.949999999999999,0.26805449999999997,-0.0011433333333335557,-0.016303086419753438,0.2738855,-0.001048055555555505,-0.023554783950617195,,,,,,,,15.949999999999999,0.2296385,0.10128027777777814,0.35512145061729533,0.30801400000000001,-0.11347583333333351,-0.30997037037038111,15.949999999999999,0.29343649999999999,0.12357527777777839,-0.2278197530864107,0.24301550000000002,-0.09785027777777823,0.29673734567900373,15.949999999999999,0.27028399999999997,0.15311138888888925,-0.0010586419752952273,0.26290950000000002,-0.13862916666666744,0.097236265432086674
,,,,,,,,,,,,,,15.999999999999998,0.26239499999999999,0.032870833333333668,0.036099691358023628,0.28108850000000002,-0.008479722222222404,-0.12603132716049673,15.999999999999998,0.28331800000000001,0.038682777777778288,-0.17901635802469604,0.26153750000000003,-0.00047638888888915749,0.077122067901233646,15.999999999999998,0.26685400000000004,0.0084797222222220345,0.0053461419753068019,0.27422849999999999,0.0048591666666667971,-0.036629012345680161,15.999999999999998,0.25604949999999999,-0.055546944444445086,0.09554243827160662,0.28348950000000001,-0.064121944444445161,-0.04213395061728268,15.999999999999998,0.26891199999999998,0.0026677777777779545,-0.034988117283950966,0.27251349999999996,0.0010480555555555497,-0.015773765432098703,15.999999999999998,0.26805449999999997,-0.0016197222222222505,-0.0079927469135787892,0.2738855,-0.0029536111111110254,-0.030118364197531663,,,,,,,,15.999999999999998,0.23529799999999998,0.11947833333333475,0.3109231481481502,0.30166850000000001,-0.12757694444444587,-0.25783225308642194,15.999999999999998,0.29943900000000001,0.11023638888889037,-0.29917222222222861,0.23821349999999999,-0.079938055555556636,0.36422577160494335,15.999999999999998,0.27782999999999997,0.15092000000000166,-0.059442746913581347,0.25587799999999999,-0.13205500000000173,0.17171172839506701
,,,,,,,,,,,,,,16.049999999999997,0.26393850000000002,0.034490555555555552,0.017626388888884629,0.28023100000000001,-0.015435000000000197,-0.11173966049382571,16.049999999999997,0.28503300000000004,0.02867861111111096,-0.20632932098765985,0.26136599999999999,0.0041922222222220461,0.072728703703704489,16.049999999999997,0.26719699999999996,0.0084797222222219582,-0.0031759259259253633,0.27440000000000003,0.0011433333333332764,-0.0446217592592612,16.049999999999997,0.25330550000000002,-0.05145000000000019,0.13630015432099374,0.2804025,-0.064026666666666801,0.010533487654329638,16.049999999999997,0.26908350000000003,-0.00028583333333332122,-0.028265740740742732,0.2728565,-9.5277777777772623e-05,-0.020272993827160312,16.049999999999997,0.26788299999999998,-0.0017149999999999464,-0.0024348765432086069,0.27354250000000002,-0.0041922222222221693,-0.033611882716051165,,,,,,,,16.049999999999997,0.241815,0.13310305555555596,0.24978657407405824,0.29515150000000001,-0.13901027777777819,-0.20707037037035494,16.049999999999997,0.30458400000000002,0.093658055555555786,-0.36554907407408899,0.234955,-0.059834444444444607,0.40069598765433012,16.049999999999997,0.28537599999999996,0.14749000000000045,-0.12465509259260947,0.249361,-0.11976416666666702,0.22083271604940005
,,,,,,,,,,,,,,16.099999999999998,0.26582499999999998,0.035729166666666229,-0.020061265432099868,0.2793735,-0.019531944444444362,-0.096706944444440682,16.099999999999998,0.28623349999999997,0.017435833333332946,-0.2212032407407393,0.26205200000000001,0.0071458333333332983,0.0612424382716047,16.099999999999998,0.26771149999999999,0.0081938888888888183,-0.011645061728392969,0.27422849999999999,-0.00076222222222244835,-0.033982407407407232,16.099999999999998,0.25073299999999998,-0.043637222222221959,0.20797021604938584,0.277144,-0.063740833333332622,0.070876080246918313,16.099999999999998,0.26874049999999999,-0.00085750000000022093,-0.0090513888888895267,0.27251349999999996,-0.0013338888888888365,-0.01879089506172826,16.099999999999998,0.26788299999999998,-0.0017149999999998954,-0.00010586419753023571,0.27354250000000002,-0.006574166666666788,-0.031229938271606524,,,,,,,,16.099999999999998,0.24867499999999998,0.14444111111110994,0.18425663580245422,0.28777700000000001,-0.14939555555555442,-0.13534737654319548,16.099999999999998,0.30904300000000001,0.072411111111110191,-0.40540694444444797,0.232211,-0.038873333333332927,0.41091188271604923,16.099999999999998,0.29275049999999997,0.13977249999999888,-0.21257530864198579,0.2440445,-0.10804499999999904,0.24295833333334357
,,,,,,,,,,,,,,16.149999999999999,0.26771149999999999,0.033061388888888738,-0.065582870370367238,0.27834449999999999,-0.024391111111110805,-0.091043209876542089,16.149999999999999,0.286748,0.0063836111111110457,-0.22977824074073636,0.26205200000000001,0.01028999999999987,0.048591666666665777,16.149999999999999,0.26805449999999997,0.0071458333333333747,-0.016673611111109411,0.27422849999999999,-0.0013338888888889324,-0.037052469135800931,16.149999999999999,0.24867499999999998,-0.030298333333332875,0.27408240740740547,0.27371400000000001,-0.057357222222221498,0.13487098765431568,16.149999999999999,0.26891199999999998,9.5277777777675587e-05,-0.010639351851850247,0.27268500000000001,-0.0020008333333332989,-0.016514814814815395,16.149999999999999,0.26771149999999999,-0.001714999999999892,0.0017996913580246483,0.2728565,-0.0083844444444447132,-0.0096865740740738199,,,,,,,,16.149999999999999,0.25639250000000002,0.15215861111110954,0.10681697530864415,0.27988799999999997,-0.15311138888888734,-0.053831944444446521,16.149999999999999,0.31178699999999998,0.051259444444443712,-0.41059429012344811,0.23101050000000001,-0.017340555555555377,0.3911152777777725,16.149999999999999,0.2996105,0.12643361111110973,-0.30314212962962267,0.23889949999999999,-0.10023222222222093,0.33262530864196999
,,,,,,,,,,,,,,16.199999999999999,0.26925500000000002,0.027821111111111099,-0.084426697530860975,0.27697250000000001,-0.029440833333333152,-0.072569907407411052,16.199999999999999,0.28691949999999999,-0.0055261111111111318,-0.23491265432098499,0.26308100000000001,0.013053055555555332,0.018208641975309848,16.199999999999999,0.26839750000000001,0.0064788888888889715,-0.019955401234567082,0.27422849999999999,-0.0039063888888888195,-0.047903549382716119,16.199999999999999,0.24764600000000001,-0.01486333333333305,0.31155833333332994,0.27131300000000003,-0.048591666666666554,0.16858873456789156,16.199999999999999,0.26891199999999998,-0.0015244444444443841,-0.019161419753084673,0.27234199999999997,-0.0030488888888890162,-0.012386111111110787,16.199999999999999,0.26771149999999999,-0.0016197222222221277,0.0050179629629624849,0.27251349999999996,-0.0068600000000001403,0.0026466049382743496,,,,,,,,16.199999999999999,0.26411000000000001,0.15501694444444339,0.031388734567922794,0.27234199999999997,-0.1536830555555545,0.010004166666646519,16.199999999999999,0.31401649999999998,0.032203888888888914,-0.42652685185184236,0.2306675,0.00076222222222217079,0.36163209876542962,16.199999999999999,0.30561299999999997,0.10804499999999938,-0.36718996913578378,0.23289700000000002,-0.074507222222221628,0.41107067901233091
,,,,,,,,,,,,,,16.25,0.27045550000000002,0.023152500000000228,-0.074369598765432546,0.27525749999999999,-0.032013333333333706,-0.048697530864201449,16.25,0.28623349999999997,-0.017912222222222187,-0.22395570987654576,0.26359549999999998,0.011528611111111191,-0.0010586419753072247,16.25,0.26874049999999999,0.0051450000000000393,-0.021913888888888549,0.2738855,-0.0072411111111112631,-0.040440123456791634,16.25,0.2471315,0.0019055555555557398,0.32172129629629859,0.26891199999999998,-0.040111944444445206,0.19304336419753065,16.25,0.26874049999999999,-0.002763055555555451,-0.01312716049382699,0.27234199999999997,-0.0033347222222221812,-0.0071458333333318524,16.25,0.26754,-0.0013338888888888385,0.0098136111111106431,0.27234199999999997,-0.0078127777777776235,0.011433333333336057,,,,,,,,16.25,0.27199899999999999,0.1548263888888908,-0.035729166666651817,0.26445299999999999,-0.15187277777777944,0.07161712962961557,16.25,0.31521700000000002,0.0095277777777782024,-0.45537484567901676,0.231182,0.017245277777777953,0.35628595679012798,16.25,0.310415,0.088608333333334607,-0.40763009259258709,0.23152500000000001,-0.049735000000000466,0.34474675925925341
,,,,,,,,,,,,,,16.299999999999997,0.27148450000000002,0.020008333333333347,-0.056319753086421787,0.27371400000000001,-0.03344250000000043,-0.037052469135800889,16.299999999999997,0.28503300000000004,-0.028488055555555673,-0.20225354938271753,0.26411000000000001,0.011814444444444523,0.001640895061727915,16.299999999999997,0.26891199999999998,0.0039063888888891266,-0.017150000000001105,0.27337099999999998,-0.0083844444444446335,-0.024348765432097821,16.299999999999997,0.24781750000000002,0.018769722222222517,0.30049552469135754,0.26719699999999996,-0.029440833333333499,0.21770972222222965,16.299999999999997,0.268569,-0.0030488888888887994,-0.0029112654320997051,0.27199899999999999,-0.0035252777777776642,-0.0058225308641963831,16.299999999999997,0.26754,-0.00038111111111109212,0.0097500925925922913,0.27165600000000001,-0.0069552777777775439,0.038402237654322054,,,,,,,,16.299999999999997,0.27971650000000003,0.15139638888889079,-0.10147083333335027,0.25707849999999999,-0.14729944444444615,0.14545740740742169,16.299999999999997,0.31504550000000003,-0.014577500000000252,-0.4623618827160545,0.232211,0.036110277777778178,0.35416867283950554,16.299999999999997,0.31453100000000001,0.06745666666666765,-0.44590000000001218,0.22929550000000001,-0.045256944444445175,0.36147330246913961
,,,,,,,,,,,,,,16.349999999999998,0.27234199999999997,0.018864999999999878,-0.061560030864197195,0.27199899999999999,-0.035729166666666652,-0.023872376543205533,16.349999999999998,0.28331800000000001,-0.037729999999999903,-0.1861092592592565,0.26479599999999998,0.011814444444444341,0.0060342592592589929,16.349999999999998,0.26908350000000003,0.0034300000000000784,-0.012386111111115141,0.27302799999999999,-0.0090513888888888901,-0.015562037037034307,16.349999999999998,0.24918950000000001,0.032299166666666435,0.2699007716049317,0.26599650000000002,-0.018674444444444053,0.24369938271604916,16.349999999999998,0.26839750000000001,-0.0024772222222222079,-0.0013233024691378713,0.27199899999999999,-0.0038111111111109237,-0.0046580246913577074,16.349999999999998,0.26754,-0.0001143333333333274,0.0052085185185182575,0.27148450000000002,-0.0034299999999998008,0.052164583333331453,,,,,,,,16.349999999999998,0.28726250000000003,0.14472694444444334,-0.1684828703703907,0.24953249999999999,-0.13843861111111025,0.23602422839507842,16.349999999999998,0.31367349999999999,-0.037539444444444327,-0.45129907407406727,0.23478350000000001,0.054879999999999485,0.31505185185184398,16.349999999999998,0.31727500000000003,0.043923055555555222,-0.47892962962963609,0.2258655,-0.022676111111111039,0.51862870370370262
,,,,,,,,,,,,,,16.399999999999999,0.27354250000000002,0.014768055555555588,-0.083579783950615064,0.27011249999999998,-0.037158333333333078,0.010904012345680001,16.399999999999999,0.28126000000000001,-0.046686111111110894,-0.17451712962962848,0.2653105,0.011814444444444391,0.020696450617285284,16.399999999999999,0.26925500000000002,0.003048888888888452,-0.014291666666669124,0.27251349999999996,-0.010099444444444277,-0.0015879629629605766,16.399999999999999,0.25107600000000002,0.044971111111110573,0.24909845679012091,0.26513900000000001,-0.0046686111111111641,0.25613842592592068,16.399999999999999,0.26839750000000001,-0.0030488888888890995,-0.0035464506172852087,0.27165600000000001,-0.0044780555555553637,0.0052932098765416163,16.399999999999999,0.26754,0,0.0025301543209875241,0.27131300000000003,-8.0953762212251003e-18,0.034855787037035062,,,,,,,,16.399999999999999,0.294294,0.13500861111110943,-0.24311712962962784,0.24284399999999998,-0.12195555555555421,0.29769012345678869,16.399999999999999,0.31127250000000001,-0.059834444444443746,-0.43224351851851539,0.23804199999999998,0.06764722222222147,0.27154166666666696,16.399999999999999,0.31899,0.018864999999999538,-0.49787932098765147,0.22603699999999999,0.016578333333333122,0.51137700617283566
,,,,,,,,,,,,,,16.449999999999999,0.2738855,0.0094325000000001057,-0.088079012345677554,0.26805449999999997,-0.034490555555555337,0.044198302469132034,16.449999999999999,0.27868749999999998,-0.055832777777777613,-0.14836867283950986,0.26582499999999998,0.014386944444444555,0.024137037037039222,16.449999999999999,0.26942649999999996,0.002000833333332942,-0.0173087962962938,0.27199899999999999,-0.010289999999999605,0.029906635802467996,16.449999999999999,0.2536485,0.057547777777777288,0.22030339506173527,0.265482,0.0098136111111108478,0.21474552469135677,16.449999999999999,0.26805449999999997,-0.0031441666666668817,-0.0013233024691345536,0.27148450000000002,-0.0039063888888889601,0.025195679012343986,16.449999999999999,0.26754,0,0.00080456790123451547,0.27165600000000001,0.00071458333333328618,0.0042081018518518023,,,,,,,,16.449999999999999,0.30098249999999999,0.12043111111111017,-0.31658688271603008,0.2375275,-0.10737805555555469,0.33754799382714512,16.449999999999999,0.30767100000000003,-0.081271944444444036,-0.40096064814815735,0.24147199999999999,0.080795555555555218,0.24512854938272696,16.449999999999999,0.31916149999999999,-0.006478888888889033,-0.50407237654320658,0.2289525,0.033633055555555388,0.40006080246913944
,,,,,,,,,,,,,,16.5,0.27440000000000003,0.0053355555555557694,-0.080456790123459007,0.26668249999999999,-0.031536944444444832,0.058119444444442635,16.5,0.27560049999999997,-0.06297861111111161,-0.094272067901239778,0.26685400000000004,0.015339722222222589,0.0035464506172842116,16.5,0.26942649999999996,0.0013338888888889927,-0.021066975308639522,0.27131300000000003,-0.0073363888888889435,0.062830401234566666,16.5,0.256907,0.068218888888889759,0.16985910493827985,0.266511,0.017340555555555533,0.15869043209876976,16.5,0.26805449999999997,-0.0027630555555555581,-0.005134413580244559,0.27114149999999998,-0.0011433333333333688,0.031177006172840093,16.5,,,,0.27148450000000002,-0.0011433333333332578,-0.019849537037035386,,,,,,,,16.5,0.30647049999999998,0.10242361111111238,-0.37100108024690487,0.23203950000000001,-0.090418611111112157,0.41059429012345167,16.5,0.30304049999999999,-0.1004227777777791,-0.35723873456791272,0.2461025,0.093372222222223536,0.1991834876543305,16.5,0.31830399999999998,-0.031441666666667055,-0.50756589506173289,0.22912399999999999,0.052402777777778346,0.34262947530865145
,,,,,,,,,,,,,,16.549999999999997,0.27440000000000003,0.0016197222222221579,-0.073469753086423215,0.26496749999999997,-0.029250277777778121,0.080562654320992674,16.549999999999997,0.27217050000000004,-0.065646388888889587,-0.030859413580243054,0.26736850000000001,0.015053888888889028,-0.020696450617286578,16.549999999999997,0.269598,0,-0.026995370370370021,0.27114149999999998,-0.0020961111111110985,0.061083641975309189,16.549999999999997,0.26068000000000002,0.074697777777778626,0.11369814814814165,0.26719699999999996,0.024200555555555812,0.12354351851852101,16.549999999999997,0.26788299999999998,-0.0040016666666665467,-0.0033347222222203815,0.27148450000000002,-9.5277777777772623e-05,0.023978240740741785,,,,,,,,,,,,,,,16.549999999999997,0.31127250000000001,0.082796388888889974,-0.41128240740741778,0.22809499999999999,-0.066218055555556224,0.47686527777778842,16.549999999999997,0.2975525,-0.11738222222222355,-0.30187175925924919,0.25107600000000002,0.10099444444444573,0.14879212962961788,16.549999999999997,0.31607449999999998,-0.057261944444444927,-0.50343719135802145,0.23409749999999999,0.070981944444445472,0.24772222222221871
,,,,,,,,,,,,,,16.599999999999998,0.27457150000000002,-0.001905555555555817,-0.067223765432098667,0.26359549999999998,-0.023914722222221907,0.10967530864198029,16.599999999999998,0.26891199999999998,-0.065169999999999811,0.018367438271611952,0.26839750000000001,0.013815277777777702,-0.036893672839506918,16.599999999999998,0.26942649999999996,-0.0015244444444445383,-0.029641975308639528,0.27131300000000003,-0.0002858333333333178,0.039963734567901289,16.599999999999998,0.26445299999999999,0.078889999999999419,0.066059259259249062,0.26891199999999998,0.030393611111111236,0.077386728395059667,16.599999999999998,0.26754,-0.0034299999999998008,0.003916975308642749,0.27114149999999998,0.00066694444444450414,0.025354475308643001,,,,,,,,,,,,,,,16.599999999999998,0.31487399999999999,0.060596666666666445,-0.43616049382716682,0.22535100000000002,-0.040207222222221908,0.49592083333333575,16.599999999999998,0.29120699999999999,-0.13148333333333231,-0.22898425925924129,0.25622100000000003,0.10747333333333232,0.11031049382714392,16.599999999999998,0.31264449999999999,-0.083558611111110237,-0.46278533950616074,0.23735600000000001,0.071458333333333138,0.25603256172838135
,,,,,,,,,,,,,,16.649999999999999,0.27422849999999999,-0.0056213888888889674,-0.052932098765430112,0.26256649999999998,-0.018007499999999465,0.13370648148148148,16.649999999999999,0.26565349999999999,-0.063645555555554983,0.061242438271604728,0.26925500000000002,0.0061930555555555654,0.041763425925925794,16.649999999999999,0.26942649999999996,-0.0027630555555551994,-0.03313549382715833,0.27114149999999998,0.00085750000000004269,0.032923765432098955,16.649999999999999,0.268569,0.081938888888888076,0.0067753086419758022,0.27045550000000002,0.03229916666666665,0.02561913580246682,16.649999999999999,0.26754,-0.0028583333333331577,0.00021172839506196578,0.27148450000000002,0.0025725000000001827,0.024242901234568109,,,,,,,,,,,,,,,16.649999999999999,0.31727500000000003,0.03887333333333301,-0.45341635802468977,0.2241505,-0.015053888888888744,0.48083518518518159,16.649999999999999,0.28417550000000003,-0.14062999999999845,-0.1485804012345692,0.26188049999999996,0.11214194444444305,0.071034876543210834,16.649999999999999,0.30749950000000004,-0.10537722222222105,-0.3857691358024693,0.23992850000000002,0.093276944444443385,0.31298749999999315
,,,,,,,,,,,,,,16.699999999999999,0.2738855,-0.0071458333333331986,-0.039116820987654753,0.26170900000000002,-0.010194722222221784,0.14884506172839096,16.699999999999999,0.26239499999999999,-0.059072222222221991,0.10035925925925249,0.26822600000000002,0.012862499999999881,0.19547824074074102,16.699999999999999,0.26925500000000002,-0.0055261111111108109,-0.023501851851853772,0.27131300000000003,0.002953611111111244,0.027365895061727704,16.699999999999999,0.2728565,0.080414444444444011,-0.066112191358014674,0.27217050000000004,0.032775555555555301,-0.023237191358023986,16.699999999999999,0.26736850000000001,-0.0039063888888886513,0.0046050925925920595,0.27148450000000002,0.0029536111111111668,0.025142746913580372,,,,,,,,,,,,,,,16.699999999999999,0.3188185,0.015816111111110861,-0.47675941358024349,0.22397900000000001,0.0075269444444445062,0.46522021604938163,16.699999999999999,0.27697250000000001,-0.14558444444444371,-0.078868827160514299,0.26754,0.11452388888888816,0.033241358024708303,16.699999999999999,0.30184,-0.12157444444444383,-0.31346388888890486,0.24678849999999999,0.11204666666666561,0.21501018518519746
,,,,,,,,,,,,,,16.75,0.27354250000000002,-0.0089561111111113,-0.033770679012347982,0.26153750000000003,-0.0022866666666665988,0.1470453703703675,16.75,0.25965099999999997,-0.052498055555556165,0.11994413580246797,0.269598,0.035157500000000355,0.17949274691358505,16.75,0.26874049999999999,-0.0059072222222223006,-0.00047638888889124366,0.27148450000000002,0.0041922222222221858,0.015032716049381792,16.75,0.27680100000000002,0.074697777777778626,-0.1277251543209835,0.2738855,0.029917222222222317,-0.069341049382714695,16.75,0.26702550000000003,-0.0029536111111109959,0.016991203703702901,0.27165600000000001,0.0054308333333335582,0.019426080246913658,,,,,,,,,,,,,,,16.75,0.31899,-0.0095277777777779248,-0.48506975308642369,0.22483650000000002,0.030965277777778175,0.45394567901235172,16.75,0.269598,-0.14872861111111313,-0.0057695987654448862,0.27337099999999998,0.11557194444444585,-0.0077810185185061068,16.75,0.295323,-0.13605666666666835,-0.25047469135803946,0.25210499999999997,0.11490500000000127,0.1098870370370509
,,,,,,,,,,,,,,16.799999999999997,0.27302799999999999,-0.011052222222222588,-0.019479012345677421,0.26153750000000003,0.0047638888888887621,0.13947608024691163,16.799999999999997,0.25724999999999998,-0.047067222222222559,0.13862916666667471,0.2728565,0.038778055555555933,0.017785185185181403,16.799999999999997,0.268569,-0.0045733333333333537,0.0060342592592581984,0.2718275,0.003906388888888849,0.013709413580246382,16.799999999999997,0.2804025,0.066694444444445083,-0.17245277777778686,0.27525749999999999,0.024867500000000192,-0.098136111111112131,16.799999999999997,0.26702550000000003,-0.0012386111111110491,0.01381527777777744,0.27217050000000004,0.0053355555555557399,0.0051344135802440039,,,,,,,,,,,,,,,16.799999999999997,0.3177895,-0.033728333333333645,-0.47273657407407388,0.22706600000000002,0.053927222222222813,0.42239814814814608,16.799999999999997,0.26188049999999996,-0.14691833333333504,0.078127777777795171,0.27920200000000001,0.11404750000000147,-0.055208179012355953,16.799999999999997,0.28811999999999999,-0.14729944444444623,-0.17663441358023388,0.25810749999999999,0.11871611111111269,0.069817438271595464
,,,,,,,,,,,,,,16.849999999999998,0.27234199999999997,-0.011338055555555447,0.00058225308642322201,0.26205200000000001,0.011147499999999637,0.1376234567901222,16.849999999999998,0.25484899999999999,-0.039635555555554931,0.17229398148148603,0.274057,0.031346388888888577,-0.061083641975311111,16.849999999999998,0.26839750000000001,-0.0048591666666668127,0.003758179012345356,0.2718275,0.0045733333333333832,0.028371604938269332,16.849999999999998,0.28348950000000001,0.057452499999999428,-0.21548657407408034,0.27628649999999999,0.020389444444444512,-0.1286779320987663,16.849999999999998,0.26702550000000003,-0.0014291666666665806,0.0082044753086417,0.27217050000000004,0.0054308333333331444,-0.0013762345679046225,,,,,,,,,,,,,,,16.849999999999998,0.31556000000000001,-0.056785555555555062,-0.45569243827159561,0.23032450000000002,0.074602499999999433,0.36581373456788979,16.849999999999998,0.2546775,-0.14015361111110994,0.14852746913581985,0.28486149999999999,0.11023638888888838,-0.10639351851853286,16.849999999999998,0.2804025,-0.15415944444444352,-0.095542438271582819,0.26393850000000002,0.12157444444444367,0.044092438271588985
,,,,,,,,,,,,,,16.899999999999999,0.2718275,-0.010385277777777443,0.0087337962962955786,0.26256649999999998,0.018674444444444268,0.13084814814814952,16.899999999999999,0.25313400000000003,-0.029345555555554959,0.19658981481481078,0.27560049999999997,0.028202222222222059,-0.056213888888887183,16.899999999999999,0.26805449999999997,-0.0046686111111112196,0.0065635802469146722,0.27217050000000004,0.0070505555555552372,0.036417283950614797,16.899999999999999,0.28623349999999997,0.045923888888888237,-0.26894799382715623,0.27748700000000004,0.012481388888888757,-0.16324259259259175,16.899999999999999,0.26685400000000004,-0.0011433333333332578,0.013497685185184341,0.27268500000000001,0.0056213888888885658,-0.013709413580247501,,,,,,,,,,,,,,,16.899999999999999,0.31213000000000002,-0.079652222222221278,-0.42837947530864101,0.23478350000000001,0.090323333333332353,0.30997037037036806,16.899999999999999,0.24781750000000002,-0.13129277777777645,0.20527067901234206,0.29034950000000004,0.10347166666666567,-0.15847870370370457,16.899999999999999,0.27251349999999996,-0.15654138888888705,-0.018737962962961638,0.27028399999999997,0.12433749999999881,0.0033347222222228153
,,,,,,,,,,,,,,16.949999999999999,0.27131300000000003,-0.009527777777777786,-0.00079398148148498299,0.26393850000000002,0.025534444444444426,0.10131203703704027,16.949999999999999,0.25193350000000003,-0.019055555555555433,0.20442376543209259,0.27680100000000002,0.026487222222222179,-0.046527314814811892,16.949999999999999,0.26788299999999998,-0.0039063888888888195,0.0040228395061737655,0.27251349999999996,0.0098136111111106778,0.01640895061728646,16.949999999999999,0.28829149999999998,0.030203055555555428,-0.31256404320986825,0.27765849999999997,0.002286666666666676,-0.16673611111111022,16.949999999999999,0.26685400000000004,0,0.017149999999998871,0.2728565,0.0038111111111108925,-0.019743672839504598,,,,,,,,,,,,,,,16.949999999999999,0.30749950000000004,-0.10032749999999956,-0.38529274691359411,0.23941400000000002,0.10413861111111038,0.27604089506174001,16.949999999999999,0.24147199999999999,-0.12004999999999939,0.2675717592592422,0.295323,0.093943888888888105,-0.20204182098764192,16.949999999999999,0.26462450000000004,-0.15549333333333215,0.049914969135780751,0.27662950000000003,0.12205083333333273,-0.043457253086404191
,,,,,,,,,,,,,,17,0.27096999999999999,-0.01038527777777816,-0.012968364197531395,0.2653105,0.028869166666667102,0.070664351851853185,17,0.25124750000000001,-0.0087655555555557225,0.20722916666666621,0.27834449999999999,0.024105277777778041,-0.04419830246913526,17,0.26771149999999999,-0.003906388888888849,-0.0035993827160493742,0.27337099999999998,0.008860833333333434,-0.010004166666662416,17,0.28932049999999998,0.0129577777777782,-0.32320339506172929,0.27748700000000004,-0.0044780555555555815,-0.16239567901234869,17,0.26685400000000004,0.0011433333333332933,0.01148626543209781,0.27302799999999999,0.0027630555555554636,-0.012703703703701949,,,,,,,,,,,,,,,17,0.30201149999999999,-0.1187161111111128,-0.32886712962964415,0.2450735,0.1189066666666679,0.2261259259259388,17,0.23564099999999999,-0.10490083333333461,0.33506018518517933,0.29978199999999999,0.083082222222223195,-0.24168796296295647,17,0.256907,-0.15206333333333519,0.12703703703702227,0.2824605,0.11938305555555695,-0.082150617283940977
,,,,,,,,,,,,,,17.049999999999997,0.27028399999999997,-0.011528611111111205,-0.013180092592588928,0.26685400000000004,0.031441666666666958,0.058384104938265909,17.049999999999997,0.25107600000000002,0.0012386111111110491,0.21305169753086528,0.27920200000000001,0.021723333333333556,-0.042769135802472956,17.049999999999997,0.26754,-0.0046686111111112049,-0.0048168209876527498,0.27337099999999998,0.0077175000000002658,-0.019214351851850196,17.049999999999997,0.28949200000000003,-0.0029536111111109959,-0.31494598765432502,0.27731549999999999,-0.012957777777778137,-0.16922391975308682,17.049999999999997,0.26702550000000003,0.0013338888888888075,0.0023290123456773441,0.27302799999999999,0.0030488888888888632,-0.014715123456788501,,,,,,,,,,,,,,,17.049999999999997,0.29549449999999999,-0.13377000000000178,-0.25963194444443277,0.25159049999999999,0.12814861111111248,0.15345015432097756,17.049999999999997,0.23083899999999999,-0.086226388888889852,0.39482052469137036,0.30372650000000001,0.069838611111111989,-0.28154583333334265,17.049999999999997,0.24918950000000001,-0.14348833333333502,0.21490432098766876,0.28863450000000002,0.11461916666666803,-0.1332830246913706
,,,,,,,,,,,,,,17.099999999999998,0.2697695,-0.011909722222221836,-0.0094219135802454668,0.26839750000000001,0.034490555555554935,0.048115277777771949,17.099999999999998,0.25124750000000001,0.013053055555555346,0.20738796296296039,0.2804025,0.020770555555555292,-0.05986620370370771,17.099999999999998,0.26719699999999996,-0.0047638888888886398,0.00052932098765656038,0.274057,0.0077175000000002702,-0.038111111111111803,17.099999999999998,0.2889775,-0.018007499999999944,-0.30997037037036773,0.27628649999999999,-0.022580833333333179,-0.15297376543209404,17.099999999999998,0.26702550000000003,0.00076222222222206096,0.003652314814812424,0.27337099999999998,0.0026677777777778804,-0.037581790123455701,,,,,,,,,,,,,,,17.099999999999998,0.28846299999999997,-0.14472694444444364,-0.18753842592590375,0.25810749999999999,0.13291249999999907,0.10025339506171209,17.099999999999998,0.2268945,-0.064598333333332883,0.43568410493827781,0.30681350000000002,0.055070555555555123,-0.32092731481482117,17.099999999999998,0.2423295,-0.12976833333333262,0.28763302469137281,0.29412250000000001,0.1059488888888882,-0.1821922839506315
,,,,,,,,,,,,,,17.149999999999999,0.26908350000000003,-0.012100277777777613,-0.012650771604941326,0.27028399999999997,0.03772999999999934,0.0075692901234591997,17.149999999999999,0.25244800000000001,0.023533611111110752,0.17361728395061746,0.2814315,0.016959444444443965,-0.096548148148147217,17.149999999999999,0.26702550000000003,-0.0041922222222218093,5.2932098763869967e-05,0.27440000000000003,0.0034300000000000337,-0.046844907407408515,17.149999999999999,0.28777700000000001,-0.034109444444444074,-0.29753132716049163,0.27491450000000001,-0.029536111111110805,-0.11295709876543043,17.149999999999999,0.26702550000000003,0.0015244444444439825,0.0081515432098759368,0.27354250000000002,-0.0017149999999998868,-0.043721913580247462,,,,,,,,,,,,,,,17.149999999999999,0.28091699999999997,-0.15253972222222051,-0.11570956790123155,0.26479599999999998,0.13777166666666527,0.052085185185186345,17.149999999999999,0.22432199999999999,-0.041541111111110689,0.45241064814814463,0.30938599999999999,0.037348888888888356,-0.35025169753086094,17.149999999999999,0.23615549999999999,-0.11385694444444339,0.34220601851851634,0.29926750000000002,0.095754166666665586,-0.22146790123456861
,,,,,,,,,,,,,,17.199999999999999,0.268569,-0.012671944444444637,-0.02456049382716342,0.27234199999999997,0.036586666666666511,-0.05647854938270843,17.199999999999999,0.25381999999999999,0.030012499999999897,0.14349891975309118,0.28228899999999996,0.009813611111110827,-0.11089274691357527,17.199999999999999,0.26685400000000004,-0.0047638888888889173,-0.00010586419753415577,0.27422849999999999,0.001905555555555569,-0.035623302469136114,17.199999999999999,0.28554750000000001,-0.049353888888888621,-0.25449753086420251,0.27319949999999998,-0.033728333333333034,-0.071722993827164197,17.199999999999999,0.26719699999999996,0.0019055555555551693,0.0069341049382755961,0.27302799999999999,-0.0034300000000000949,-0.020961111111112152,,,,,,,,,,,,,,,17.199999999999999,0.27302799999999999,-0.15625555555555434,-0.045733333333353741,0.27199899999999999,0.13958194444444375,-0.018420370370352279,17.199999999999999,0.22277849999999999,-0.018864999999999812,0.45675108024690864,0.31058649999999999,0.018579166666666588,-0.35088688271604468,17.199999999999999,0.23083899999999999,-0.095277777777777198,0.38756882716048052,0.30372650000000001,0.084225555555554651,-0.26757175925924831
,,,,,,,,,,,,,,17.25,0.26788299999999998,-0.014482222222222585,-0.035199845679011861,0.274057,0.03239444444444501,-0.10909305555555436,17.25,0.25536350000000002,0.037253611111111674,0.12206141975309075,0.28228899999999996,0.0044780555555557645,-0.10226481481481214,17.25,0.266511,-0.0046686111111112977,0.0070929012345673096,0.27457150000000002,0.00066694444444461191,-0.035623302469138064,17.25,0.28263199999999999,-0.060406111111111861,-0.19288456790124112,0.27148450000000002,-0.036110277777778109,-0.038587500000004958,17.25,0.26719699999999996,0.0025725000000001818,4.2853452268213727e-15,0.27302799999999999,-0.0023819444444445107,-0.018473302469135495,,,,,,,,,,,,,,,17.25,0.26513900000000001,-0.15635083333333519,0.013285956790107627,0.27903050000000001,0.13596138888889056,-0.088502469135792586,17.25,0.22243550000000001,0.0039063888888889418,0.46151496913580564,0.31110100000000002,0.0021913888888888413,-0.34559367283950865,17.25,0.22655149999999999,-0.074793055555556417,0.42440956790123147,0.30784249999999996,0.069362222222222755,-0.31912762345678442
,,,,,,,,,,,,,,17.299999999999997,0.26719699999999996,-0.017435833333333355,-0.021596296296292561,0.276115,0.020770555555555705,-0.06812361111111484,17.299999999999997,0.25759300000000002,0.043065555555556051,0.087496759259254875,0.28263199999999999,0.00066694444444470602,-0.11205725308642082,17.299999999999997,0.26633950000000001,-0.0038111111111111076,0.010956944444445138,0.27440000000000003,-0.0020008333333335735,-0.029747839506175017,17.299999999999997,0.2793735,-0.068123611111111815,-0.13709413580246391,0.269598,-0.03801583333333388,0.0031759259259280339,17.299999999999997,0.26754,0.0018102777777780734,-0.0053990740740742045,0.27302799999999999,-0.0047638888888890084,-0.023343055555553081,,,,,,,,,,,,,,,17.299999999999997,0.25742149999999997,-0.15549333333333518,0.083685648148163663,0.285719,0.1291966666666681,-0.13280663580248475,17.299999999999997,0.2231215,0.027440000000000155,0.46003287037037172,0.31092949999999997,-0.016006666666666895,-0.3377067901234565,17.299999999999997,0.22329299999999999,-0.052593333333333971,0.45473966049383591,0.31075799999999998,0.052021666666667223,-0.36290246913580737
,,,,,,,,,,,,,,17.349999999999998,0.26599650000000002,-0.017721666666666306,0.012862500000001354,0.27560049999999997,0.018960277777777881,0.074581327160489305,17.349999999999998,0.25982250000000001,0.046019166666666306,0.052508641975301668,0.2824605,-0.0052402777777778237,-0.14593379629629519,17.349999999999998,0.26616800000000002,-0.0034299999999999544,0.013444753086418876,0.27422849999999999,-0.002381944444444682,-0.023237191358023077,17.349999999999998,0.27577200000000002,-0.074030833333332879,-0.082150617283941615,0.26754,-0.036586666666666566,0.05981327160494284,17.349999999999998,0.26736850000000001,0.0012386111111111723,0.0013233024691333244,0.27251349999999996,-0.0063836111111107534,-0.0031759259259232175,,,,,,,,,,,,,,,17.349999999999998,0.249361,-0.14949083333333221,0.18007500000001816,0.29189300000000001,0.12243194444444344,-0.17155293209878134,17.349999999999998,0.22517949999999998,0.050783055555555158,0.43833070987653627,0.30938599999999999,-0.032108611111110623,-0.32092731481480907,17.349999999999998,0.22123499999999999,-0.028964444444444331,0.47607129629629868,0.31315899999999997,0.032299166666666539,-0.38915679012345605
,,,,,,,,,,,,,,17.399999999999999,0.2653105,-0.015530277777777671,0.036099691358022989,0.27680100000000002,0.036777222222221954,0.062989197530860422,17.399999999999999,0.2622235,0.04782944444444396,0.024295833333331438,0.28228899999999996,-0.014386944444444197,-0.16906512345678751,17.399999999999999,0.26599650000000002,-0.0028583333333335216,0.021808024691357272,0.27422849999999999,-0.0038111111111110291,-0.029959567901232404,17.399999999999999,0.2718275,-0.076508055555554913,-0.023978240740739759,0.26582499999999998,-0.032299166666666317,0.12026172839506104,17.399999999999999,0.26754,0.0024772222222220939,-0.00079398148148307512,0.27217050000000004,-0.0045733333333328975,0.0092101851851828561,,,,,,,,,,,,,,,17.399999999999999,0.24215800000000001,-0.13681888888888746,0.26587793209876237,0.29806699999999997,0.11309472222222082,-0.22697283950616942,17.399999999999999,0.22826649999999998,0.07241111111111051,0.39053302469135587,0.30767100000000003,-0.047353055555554989,-0.31515771604938303,17.399999999999999,0.22037749999999998,-0.0046686111111110193,0.48729290123456592,0.31401649999999998,0.011719166666666897,-0.38698657407407028
,,,,,,,,,,,,,,17.449999999999999,0.26445299999999999,-0.013243611111110984,0.039593209876540948,0.2804025,0.035443333333333028,-0.127831018518516,17.449999999999999,0.26462450000000004,0.048686944444443853,-0.0075692901234520283,0.28108850000000002,-0.024676944444444099,-0.14498101851852074,17.449999999999999,0.26582499999999998,-0.0013338888888890857,0.030647685185187557,0.2738855,-0.0055261111111109332,-0.050338425925926987,17.449999999999999,0.26805449999999997,-0.076793888888888287,0.040228395061719852,0.26411000000000001,-0.023819444444444293,0.16599506172839015,17.449999999999999,0.26771149999999999,0.0020961111111109788,-0.016144290123456324,0.27217050000000004,-0.0042875000000000656,0.0034935185185149356,,,,,,,,,,,,,,,17.449999999999999,0.23564099999999999,-0.12195555555555478,0.33331342592590807,0.30338349999999997,0.099946388888888335,-0.2864685185185023,17.449999999999999,0.23255400000000001,0.090799722222221754,0.32060972222223116,0.30475550000000001,-0.06402666666666651,-0.29938395061729212,17.449999999999999,0.22072049999999999,0.02038944444444454,0.48205262345679128,0.31418800000000002,-0.0063836111111108757,-0.38026419753086521
,,,,,,,,,,,,,,17.5,0.26393850000000002,-0.010385277777777925,0.018685030864196719,0.28126000000000001,0.017626388888888955,-0.22030339506173033,17.5,0.26719699999999996,0.047353055555555718,-0.044727623456783404,0.27954499999999999,-0.029917222222222536,-0.09988287037037423,17.5,0.26582499999999998,0.00085750000000025129,0.028477469135805452,0.27354250000000002,-0.0050497222222224206,-0.17573456790123634,17.5,0.26393850000000002,-0.072601666666667328,0.10665817901233877,0.26342399999999999,-0.014386944444444813,0.18685030864197513,17.5,0.26788299999999998,-0.0002858333333333364,-0.011539197530863939,0.2718275,-0.0051450000000001789,0.010004166666666005,,,,,,,,,,,,,,,17.5,0.22981000000000001,-0.10337638888889016,0.39333842592591944,0.3081855,0.083749166666667707,-0.33447793209875981,17.5,0.2375275,0.1047102777777789,0.24608132716050468,0.30115399999999998,-0.078318333333334433,-0.26291373456790895,17.5,0.22243550000000001,0.044780555555556302,0.45055802469136452,0.313502,-0.026296666666666999,-0.37190092592593271
,,,,,,,,,,,,,,17.549999999999997,0.26359549999999998,-0.010956944444444549,-0.0091043209876526272,0.28160299999999999,0.0068599999999998862,-0.19219645061728594,17.549999999999997,0.26942649999999996,0.044113611111111804,-0.079927469135803661,0.27800150000000001,-0.033156666666666987,-0.078762962962960176,17.549999999999997,0.26599650000000002,0.0017150000000003007,0.022019753086418608,0.27337099999999998,-0.015816111111111291,-0.37200679012345678,17.549999999999997,0.26068000000000002,-0.065265277777778727,0.15704953703704355,0.26273799999999997,-0.0054308333333335295,0.20828780864197924,17.549999999999997,0.26754,-0.0002858333333333364,0.013338888888888532,0.27148450000000002,-0.0035252777777777882,0.019690740740741532,,,,,,,,,,,,,,,17.549999999999997,0.22517949999999998,-0.081938888888889908,0.43690154320988878,0.31178699999999998,0.066122777777778571,-0.37343595679013181,17.549999999999997,0.24318699999999999,0.11490500000000131,0.18351558641974397,0.29686649999999998,-0.090895000000000906,-0.21463966049381855,17.549999999999997,0.22535100000000002,0.066027500000000725,0.40498348765431619,0.311444,-0.044113611111111554,-0.35406280864197437
,,,,,,,,,,,,,,17.599999999999998,0.26290950000000002,-0.012767222222222027,-0.0087867283950594545,0.28177449999999998,-0.00066694444444450414,-0.15863749999999815,17.599999999999998,0.27165600000000001,0.039445000000000036,-0.11211018518519027,0.27628649999999999,-0.036777222222221878,-0.076592746913575038,17.599999999999998,0.26599650000000002,0.0024772222222222079,0.024189969135799228,0.27319949999999998,-0.041159999999999926,-0.46664938271603013,17.599999999999998,0.25742149999999997,-0.057166666666666373,0.20685864197531664,0.26273799999999997,0.0060977777777778616,0.22998996913580208,17.599999999999998,0.26771149999999999,0.0021913888888887515,0.019426080246912905,0.27148450000000002,-0.0019055555555555841,0.010480555555555391,,,,,,,,,,,,,,,17.599999999999998,0.221578,-0.059167499999999505,0.46707283950617823,0.31487399999999999,0.046590833333333227,-0.41080601851852178,17.599999999999998,0.24918950000000001,0.12147916666666586,0.14900385802467567,0.29189300000000001,-0.099851111111110322,-0.16578333333332032,17.599999999999998,0.22912399999999999,0.085083055555554885,0.35925015432097512,0.30904300000000001,-0.061073055555555061,-0.34363518518517688
,,,,,,,,,,,,,,17.649999999999999,0.2622235,-0.01295777777777752,0.015138580246913183,0.28160299999999999,-0.0080033333333333016,-0.13741172839505983,17.649999999999999,0.27354250000000002,0.031822777777777318,-0.12190262345679058,0.27440000000000003,-0.041541111111110619,-0.065053549382715917,17.649999999999999,0.26616800000000002,0.0043827777777775655,0.022337345679011047,0.2728565,-0.11404749999999809,0.28879753086419913,17.649999999999999,0.2546775,-0.043827777777777084,0.23978240740740642,0.2632525,0.01905555555555544,0.22427330246913466,17.649999999999999,0.26788299999999998,0.002763055555555408,0.0058754629629642853,0.27148450000000002,-0.0032394444444445482,0.013550617283950702,,,,,,,,,,,,,,,17.649999999999999,0.21917700000000001,-0.034585833333333052,0.48115277777777349,0.31658900000000001,0.024295833333333305,-0.43092021604938097,17.649999999999999,0.25519199999999997,0.12957777777777649,0.11745632716049392,0.286748,-0.10604416666666559,-0.14106404320987639,17.649999999999999,0.233926,0.102042499999999,0.31002330246913429,0.30544150000000003,-0.079175833333332654,-0.31727499999999859
,,,,,,,,,,,,,,17.699999999999999,0.26153750000000003,-0.011338055555555416,0.043139660493824457,0.28091699999999997,-0.014196388888888746,-0.12296126543209968,17.699999999999999,0.27474299999999996,0.025724999999999779,-0.10432916666666199,0.27199899999999999,-0.043827777777777445,-0.046686111111117118,17.699999999999999,0.266511,0.0050497222222220519,0.014609259259261084,0.25193350000000003,-0.022866666666666272,1.1568839506172701,17.699999999999999,0.25313400000000003,-0.031632222222221958,0.24391111111110519,0.26479599999999998,0.029631388888888822,0.19664274691358377,17.699999999999999,0.26805449999999997,0.0021913888888888881,-0.00015879629629328285,0.27096999999999999,-0.0014291666666666749,0.030277160493827449,,,,,,,,,,,,,,,17.699999999999999,0.21814799999999998,-0.010385277777777807,0.47940601851851622,0.31727500000000003,0.0022866666666665992,-0.42567993827160516,17.699999999999999,0.2622235,0.13548499999999938,0.045945061728411042,0.2814315,-0.11385694444444376,-0.11819737654322347,17.699999999999999,0.23941400000000002,0.11661999999999928,0.25100401234569325,0.30098249999999999,-0.094229722222221854,-0.26481929012346539
,,,,,,,,,,,,,,17.75,0.26102300000000001,-0.008193888888889023,0.061930555555554573,0.28023100000000001,-0.020865833333333583,-0.099618209876546279,17.75,0.27594350000000001,0.022390277777778186,-0.10162962962962818,0.26994100000000004,-0.045352222222222717,-0.037422993827166066,17.75,0.26668249999999999,0.0056213888888890576,0.0057166666666684266,0.26925500000000002,0.09203833333333529,0.47273657407407527,17.75,0.25159049999999999,-0.020294166666666853,0.25777932098765427,0.26633950000000001,0.037730000000000652,0.17975740740741231,17.75,0.26805449999999997,0.0021913888888891965,0.002329012345680797,0.27131300000000003,0.00085749999999997373,0.029377314814815786,,,,,,,,,,,,,,,17.75,0.21814799999999998,0.013624722222222566,0.46839614197531493,0.3167605,-0.018674444444444955,-0.4079476851851897,17.75,0.26908350000000003,0.13462750000000159,-0.036734876543201532,0.27525749999999999,-0.11947833333333462,-0.066959104938282943,17.75,0.24575949999999999,0.12738638888889042,0.18616219135803888,0.29583749999999998,-0.10556777777777876,-0.21188719135803366
,,,,,,,,,,,,,,17.799999999999997,0.26068000000000002,-0.0042875000000000343,0.064471296296296221,0.27868749999999998,-0.024772222222222622,-0.065477006172836402,17.799999999999997,0.277144,0.016578333333333441,-0.11560370370370614,0.26754,-0.046971944444445156,-0.032341512345674818,17.799999999999997,0.26702550000000003,0.0061930555555557154,-0.015085648148149817,0.27199899999999999,0.026582500000000023,-0.3372833333333527,17.799999999999997,0.25090450000000003,-0.0057166666666666468,0.26428996913580421,0.26839750000000001,0.048020000000000701,0.15191512345678507,17.799999999999997,0.26822600000000002,0.0028583333333336244,-0.0012703703703720152,0.27114149999999998,0.0018102777777777976,0.023343055555556758,,,,,,,,,,,,,,,17.799999999999997,0.21952000000000002,0.036967777777778342,0.44621759259259136,0.31538849999999996,-0.038778055555555878,-0.38195802469135542,17.799999999999997,0.27577200000000002,0.13091166666666779,-0.10634058641976801,0.26925500000000002,-0.12043111111111245,-0.013974074074063952,17.799999999999997,0.25227650000000001,0.13491333333333511,0.12481388888887662,0.29034950000000004,-0.11461916666666773,-0.17277037037036214
,,,,,,,,,,,,,,17.849999999999998,0.26068000000000002,-0.0016197222222224361,0.063571450617283851,0.27765849999999997,-0.026391944444444121,-0.051714660493821459,17.849999999999998,0.27765849999999997,0.0098136111111111358,-0.11454506172839451,0.265482,-0.052307499999999514,0.037793518518524992,17.849999999999998,0.26736850000000001,0.0057166666666664326,-0.064841820987655105,0.26822600000000002,0.0085750000000001728,-0.33532484567901388,17.849999999999998,0.25107600000000002,0.0076222222222219896,0.24343472222221965,0.27131300000000003,0.054689444444443992,0.091572530864187929,17.849999999999998,0.26839750000000001,0.0025724999999999667,-0.012174382716051431,0.27148450000000002,0.0029536111111112735,0.020114197530863801,,,,,,,,,,,,,,,17.849999999999998,0.22192100000000001,0.058691111111110583,0.41678734567900161,0.31281600000000004,-0.057261944444443907,-0.34839907407406506,17.849999999999998,0.28228899999999996,0.12386111111111003,-0.17091774691359254,0.2632525,-0.12100277777777711,0.043827777777792204,17.849999999999998,0.25930800000000004,0.14024888888888795,0.056478549382696031,0.28434700000000002,-0.12262249999999926,-0.1385762345678869
,,,,,,,,,,,,,,17.899999999999999,0.26050849999999998,0.0012386111111110691,0.075534104938272409,0.276115,-0.029631388888888294,-0.042239814814815223,17.899999999999999,0.27800150000000001,0.004859166666666798,-0.10845787037036907,0.26153750000000003,-0.043541944444444002,0.11729753086419596,17.899999999999999,0.26788299999999998,-0.0015244444444444413,-0.081303703703702684,0.27217050000000004,-0.0031441666666665968,-0.28276327160493697,17.899999999999999,0.25176199999999999,0.019246111111110898,0.2088700617283944,0.274057,0.057261944444443651,0.027630555555555058,17.899999999999999,0.268569,0.00095277777777775467,-0.012386111111111743,0.27148450000000002,0.0032394444444444315,0.025036882716047464,,,,,,,,,,,,,,,17.899999999999999,0.22552249999999999,0.077937222222221311,0.397943518518516,0.30955749999999999,-0.073459166666665868,-0.31722206790123297,17.899999999999999,0.28829149999999998,0.11366638888888776,-0.22909012345678412,0.256907,-0.11633416666666552,0.10782268518518474,17.899999999999999,0.266511,0.14091583333333177,-0.01799691358024744,0.27800150000000001,-0.12862499999999871,-0.098612500000000311
,,,,,,,,,,,,,,17.949999999999999,0.26068000000000002,0.0061930555555555905,0.083262191358025192,0.27457150000000002,-0.029821944444444165,-0.04351018518519225,17.949999999999999,0.278173,-0.00047638888888877222,-0.10893425925925887,0.26136599999999999,-0.03801583333333311,0.15434999999999519,17.949999999999999,0.26702550000000003,-0.0039063888888889687,-0.052402777777778527,0.26925500000000002,-0.029154999999999848,-0.0082044753086436481,17.949999999999999,0.25313400000000003,0.028011666666666556,0.17869876543210128,0.277144,0.056976111111110589,-0.027895216049373461,17.949999999999999,0.26839750000000001,0.00076222222222218424,-0.0044462962962965955,0.27165600000000001,0.0059072222222221792,0.021172839506170733,,,,,,,,,,,,,,,17.949999999999999,0.2296385,0.098040833333332675,0.38254027777778993,0.30544150000000003,-0.088703611111110484,-0.28985617283951737,17.949999999999999,0.29377949999999997,0.10051805555555519,-0.2778935185185018,0.25159049999999999,-0.11004583333333266,0.16922391975307258,17.949999999999999,0.27354250000000002,0.13805749999999906,-0.087390895061710494,0.27148450000000002,-0.13348416666666593,-0.038216975308659577
,,,,,,,,,,,,,,18,0.2611945,0.010194722222222336,0.079715740740741503,0.27354250000000002,-0.036681944444445162,-0.0021702160493869971,18,0.27800150000000001,-0.0063836111111109815,-0.10215895061728668,0.25759300000000002,-0.02867861111111128,0.19584876543209753,18,0.26805449999999997,-0.013624722222222579,0.085644135802470558,0.26582499999999998,0.0046686111111111919,0.10321759259259111,18,0.25450600000000001,0.036967777777778078,0.15032716049383182,0.27988799999999997,0.053546111111111773,-0.064312499999992778,18,0.268569,0.0017149999999999475,-0.016832407407407286,0.27217050000000004,0.0067647222222219977,-0.006510648148149608,,,,,,,,,,,,,,,18,0.23529799999999998,0.11785861111111257,0.33421327160495323,0.3006395,-0.10261416666666795,-0.25682654320988946,18,0.29841000000000001,0.085368888888890257,-0.31521064814814398,0.24575949999999999,-0.10013694444444556,0.24068225308641381,18,0.2804025,0.13224555555555695,-0.1572083333333219,0.26445299999999999,-0.13386527777777948,0.046103858024679388
,,,,,,,,,,,,,,18.049999999999997,0.26170900000000002,0.014005833333333379,0.077016203703702907,0.27011249999999998,-0.030298333333333812,0.046686111111117125,18.049999999999997,0.27748700000000004,-0.011338055555555658,-0.083526851851854197,0.25845050000000003,-0.01772166666666692,0.20701743827160726,18.049999999999997,0.26393850000000002,0.0053355555555556653,0.20018919753086764,0.2728565,-0.011623888888889331,0.048009413580246053,18.049999999999997,0.256907,0.044113611111111568,0.10406450617283775,0.2824605,0.050306666666667575,-0.095118981481486772,18.049999999999997,0.26874049999999999,-0.00038111111111112128,-0.036893672839506279,0.27251349999999996,0.0044780555555552111,-0.021596296296294629,,,,,,,,,,,,,,,18.049999999999997,0.24164350000000001,0.13310305555555721,0.25280370370369337,0.29515150000000001,-0.11519083333333473,-0.20728209876542367,18.049999999999997,0.30235450000000003,0.068981111111112062,-0.34813441358026048,0.2413005,-0.084892500000000856,0.29292623456791184,18.049999999999997,0.28691949999999999,0.12271777777777922,-0.22882546296297604,0.25776450000000001,-0.12757694444444603,0.10702870370371682
,,,,,,,,,,,,,,18.099999999999998,0.26256649999999998,0.01810277777777752,0.070717283950617119,0.2707985,-0.027916388888888657,0.030753549382722904,18.099999999999998,0.27680100000000002,-0.014863333333333421,-0.061930555555555156,0.2557065,-0.0066694444444444613,0.18891466049382558,18.099999999999998,0.26874049999999999,0.021913888888888414,0.047744753086420212,0.26273799999999997,0.0020961111111110213,0.062354012345678729,18.099999999999998,0.25913649999999999,0.046971944444444309,0.062936265432092867,0.28503300000000004,0.044399444444444179,-0.13254197530864906,18.099999999999998,0.268569,-0.0031441666666666059,-0.034194135802469314,0.27251349999999996,0.0036205555555556541,-0.019743672839502971,,,,,,,,,,,,,,,18.099999999999998,0.2488465,0.14301194444444348,0.16832407407405528,0.2889775,-0.12433749999999928,-0.14111697530862607,18.099999999999998,0.30544150000000003,0.050020833333332793,-0.3688308641975393,0.23735600000000001,-0.069933888888888407,0.32971404320988318,18.099999999999998,0.29292200000000002,0.10823555555555482,-0.27731126543211182,0.25176199999999999,-0.12138388888888833,0.13423580246915187
,,,,,,,,,,,,,,18.149999999999999,0.26359549999999998,0.020961111111111198,0.06604867283950773,0.26771149999999999,-0.031155833333332741,0.077280864197530982,18.149999999999999,0.27594350000000001,-0.017150000000000012,-0.046686111111110672,0.25759300000000002,0.0069552777777775613,0.087496759259259108,18.149999999999999,0.26805449999999997,0.0063836111111111376,-0.056743209876539087,0.27251349999999996,0.02086583333333325,-0.39540277777777194,18.149999999999999,0.26153750000000003,0.050116111111110646,0.025460339506171117,0.28691949999999999,0.037539444444443917,-0.17832824074073908,18.149999999999999,0.26839750000000001,-0.0051450000000000679,-0.0067753086419764007,0.2728565,0.0029536111111112952,-0.023184259259258568,,,,,,,,,,,,,,,18.149999999999999,0.25604949999999999,0.14949083333333194,0.090778549382715901,0.2824605,-0.12852972222222098,-0.087920216049382896,18.149999999999999,0.30732799999999999,0.031251111111110431,-0.37280077160493597,0.23426900000000001,-0.053355555555555038,0.38629845679011998,18.149999999999999,0.29772399999999999,0.093372222222221093,-0.29578456790123159,0.24558799999999997,-0.11452388888888777,0.1721881172839522
,,,,,,,,,,,,,,18.199999999999999,0.26462450000000004,0.024391111111111207,0.066323919753087421,0.26685400000000004,-0.020484722222221929,0.12375524691357405,18.199999999999999,0.275086,-0.019150833333333332,-0.038111111111112185,0.257936,-0.0039063888888889705,0.094960185185186674,18.199999999999999,0.26822600000000002,0.0080986111111111519,-0.032817901234565884,0.26925500000000002,-0.043637222222221606,-0.69981527777777774,18.199999999999999,0.2642815,0.050211388888888396,-0.023025462962956867,0.2889775,0.026677777777777734,-0.22490848765431518,18.199999999999999,0.26788299999999998,-0.0040016666666668251,0.023184259259258991,0.2728565,0.0015244444444444784,-0.028689197530864536,,,,,,,,,,,,,,,18.199999999999999,0.26393850000000002,0.15225388888888808,0.013180092592610456,0.276115,-0.13157861111111052,-0.059601543209892478,18.199999999999999,0.30852849999999998,0.01295777777777748,-0.37735293209876031,0.2316965,-0.030965277777777609,0.43399027777777205,18.199999999999999,0.30218299999999998,0.079175833333332904,-0.32008040123455528,0.24027149999999997,-0.10518666666666578,0.23427746913578937
,,,,,,,,,,,,,,18.25,0.26599650000000002,0.028297500000000222,0.051291203703704775,0.26599650000000002,-0.015339722222222523,0.11295709876542898,18.25,0.274057,-0.021342222222222481,-0.024189969135803516,0.25604949999999999,0.0056213888888887184,0.27233564814815531,18.25,0.26891199999999998,0.0074316666666668909,-0.068970524691357074,0.26582499999999998,-0.064407777777778397,-0.67975401234570132,18.25,0.26668249999999999,0.047543611111111723,-0.065741666666662646,0.28966350000000002,0.013910555555555917,-0.24825154320987844,18.25,0.26788299999999998,-0.00076222222222229082,0.016197222222223799,0.27302799999999999,-0.00019055555555551608,-0.028583333333333825,,,,,,,,,,,,,,,18.25,0.27148450000000002,0.150348333333335,-0.055102314814803453,0.26942649999999996,-0.13577083333333492,-0.0098983024691462126,18.25,0.30869999999999997,-0.006574166666666866,-0.37703533950617402,0.231182,-0.0079080555555555796,0.44240648148148476,18.25,0.30578450000000001,0.062216388888889661,-0.35639182098765199,0.23512650000000002,-0.095373055555556585,0.36634305555554986
,,,,,,,,,,,,,,18.299999999999997,0.26754,0.030298333333333659,0.02048472222221882,0.2653105,-0.0093372222222224861,0.10078271604938294,18.299999999999997,0.2728565,-0.021818611111111344,-0.0067753086419728792,0.25724999999999998,0.033918888888889526,0.27307669753086627,18.299999999999997,0.26925500000000002,0.0022866666666669327,-0.11089274691358215,0.26582499999999998,-0.13710472222222422,-0.16964737654320575,18.299999999999997,0.26908350000000003,0.043351388888889342,-0.10136496913580816,0.29034950000000004,0.0012386111111110951,-0.25698533950617763,18.299999999999997,0.26805449999999997,-0.0016197222222221871,-0.007357561728393823,0.2728565,-0.0020961111111110395,-0.015456172839506566,,,,,,,,,,,,,,,18.299999999999997,0.27903050000000001,0.14634666666666812,-0.11697993827161927,0.2622235,-0.13396055555555694,0.065635802469149865,18.299999999999997,0.30784249999999996,-0.025439166666666846,-0.36168503086419584,0.23101050000000001,0.013529444444444672,0.43674274691358156,18.299999999999997,0.30852849999999998,0.042875000000000489,-0.38089938271605756,0.2296385,-0.066313333333334099,0.46162083333334314
,,,,,,,,,,,,,,18.349999999999998,0.26908350000000003,0.030774722222221929,-0.017414660493831519,0.26513900000000001,-0.0056213888888891209,0.096548148148148383,18.349999999999998,0.2718275,-0.021342222222222096,-0.00010586419752787024,0.26068000000000002,0.043446666666666238,0.099512345679006922,18.349999999999998,0.26925500000000002,-0.0042874999999999502,-0.14233441358024604,0.24524500000000002,-0.086226388888888325,0.4996260802469244,18.349999999999998,0.27114149999999998,0.036681944444444108,-0.12248487654321438,0.28983500000000001,-0.012386111111111242,-0.25211558641975157,18.349999999999998,0.26771149999999999,-0.0026677777777776471,-0.013497685185184585,0.27268500000000001,-0.001714999999999931,-0.0029641975308654883,,,,,,,,,,,,,,,18.349999999999998,0.28623349999999997,0.13910555555555462,-0.18632098765433547,0.25587799999999999,-0.12843444444444355,0.13291250000001534,18.349999999999998,0.3061275,-0.043446666666666224,-0.33124907407406573,0.23238250000000002,0.036872499999999649,0.4060421296296215,18.349999999999998,0.31007200000000001,0.023057222222222031,-0.38529274691358184,0.2289525,-0.04344666666666655,0.46283827160494223
,,,,,,,,,,,,,,18.399999999999999,0.2707985,0.027821111111110648,-0.041075308641974319,0.26479599999999998,-0.0015244444444446649,0.12539614197530982,18.399999999999999,0.2707985,-0.021818611111110862,0.0059813271604941057,0.26273799999999997,0.033633055555555021,0.074951851851852769,18.399999999999999,0.26925500000000002,-0.017912222222221972,-0.083050462962963756,0.25947950000000003,-0.058976944444443839,0.65328796296296476,18.399999999999999,0.27268500000000001,0.030679444444444075,-0.13481805555555484,0.2889775,-0.023724166666666522,-0.24761635802468931,18.399999999999999,0.26771149999999999,-0.0028583333333332506,-0.018049845679012352,0.27268500000000001,-0.0012386111111111616,-0.010321759259261206,,,,,,,,,,,,,,,18.399999999999999,0.29309350000000001,0.12814861111111001,-0.26132577160493525,0.249361,-0.1210027777777765,0.20632932098765208,18.399999999999999,0.30338349999999997,-0.058976944444443576,-0.29154999999999814,0.234955,0.055261111111110289,0.35559783950617074,18.399999999999999,0.31075799999999998,0.0043827777777776271,-0.38592793209876136,0.22569399999999998,-0.025058055555555347,0.5361492283950593
,,,,,,,,,,,,,,18.449999999999999,0.2718275,0.025248611111110885,-0.039487345679007142,0.26479599999999998,0.005907222222222161,0.15900802469136133,18.449999999999999,0.269598,-0.021342222222222054,0.020061265432096052,0.26256649999999998,0.045447499999999648,0.14032299382716765,18.449999999999999,0.26599650000000002,-0.0097183333333333323,-0.05414953703704059,0.24027149999999997,-0.04211277777777684,1.0000990740740741,18.449999999999999,0.27422849999999999,0.024009999999999698,-0.15789645061727994,0.28760550000000001,-0.037158333333333265,-0.23994120370370639,18.449999999999999,0.26754,-0.0046686111111111138,-0.015350308641974481,0.27268500000000001,-0.0028583333333335619,-0.016091358024692262,,,,,,,,,,,,,,,18.449999999999999,0.29926750000000002,0.11242777777777718,-0.32500308641973891,0.24353,-0.10814027777777713,0.28069891975307137,18.449999999999999,0.30012500000000003,-0.072125277777777122,-0.2586791666666774,0.23804199999999998,0.071077222222221723,0.32653811728396076,18.449999999999999,0.31058649999999999,-0.01543499999999978,-0.38449876543209743,0.22552249999999999,0.0086702777777778236,0.61385354938271508
,,,,,,,,,,,,,,18.5,0.27319949999999998,0.024486388888889304,-0.047374228395059108,0.26496749999999997,0.019246111111111571,0.10226481481481943,18.5,0.268569,-0.01934138888888912,0.025619135802468013,0.26719699999999996,0.058310000000000924,0.044198302469142615,18.5,0.26925500000000002,-0.014863333333333374,-0.14011126543210708,0.24781750000000002,0.08565472222222438,0.51645848765432978,18.5,0.27525749999999999,0.014386944444444535,-0.16996496913580106,0.28520449999999997,-0.049258611111111766,-0.20437083333333728,18.5,0.26719699999999996,-0.0054308333333331592,0.0044462962962973848,0.27234199999999997,-0.0035252777777780367,-0.0093689814814799741,,,,,,,,,,,,,,,18.5,0.30441250000000003,0.094420277777778686,-0.36459629629629192,0.23838499999999999,-0.091847777777778791,0.33331342592592111,18.5,0.29618050000000001,-0.084797222222223412,-0.22586126543211019,0.24198649999999999,0.087369722222223334,0.30446543209877858,18.5,0.3092145,-0.03496694444444471,-0.36570787037037661,0.22638,0.044494722222222872,0.54424783950618194
,,,,,,,,,,,,,,18.549999999999997,0.27440000000000003,0.021532777777778025,-0.073099228395064705,0.26736850000000001,0.020865833333333791,-0.035782098765435415,18.549999999999997,0.26771149999999999,-0.018007500000000065,0.018473302469137257,0.2697695,0.049353888888889696,-0.046844907407414378,18.549999999999997,0.26599650000000002,-0.041731666666667479,0.059231018518517829,0.25845050000000003,0.046209722222223082,-0.51841697530866482,18.549999999999997,0.27560049999999997,0.0058119444444446342,-0.15985493827160577,0.2824605,-0.05735722222222276,-0.16890632716048767,18.549999999999997,0.26685400000000004,-0.0038111111111107988,0.016938271604936571,0.27234199999999997,-0.0041922222222221858,0.0053461419753113096,,,,,,,,,,,,,,,18.549999999999997,0.30869999999999997,0.075841111111111914,-0.39767885802470149,0.23426900000000001,-0.073363888888889645,0.35993827160494835,18.549999999999997,0.29154999999999998,-0.095182500000001127,-0.18452129629628825,0.24678849999999999,0.10280472222222359,0.25984367283950044,18.549999999999997,0.30698500000000001,-0.052498055555556089,-0.33606589506172657,0.2306675,0.068218888888889731,0.37883503086419368
,,,,,,,,,,,,,,18.599999999999998,0.27542899999999998,0.01695944444444426,-0.096971604938272171,0.26771149999999999,0.010480555555555484,-0.085273611111113159,18.599999999999998,0.26685400000000004,-0.018007499999999933,0.018579166666667854,0.27165600000000001,0.046686111111110921,-0.032288580246921952,18.599999999999998,0.26153750000000003,-0.010290000000000177,0.25830864197530756,0.25536350000000002,-0.035919722222221714,-0.39540277777778127,18.599999999999998,0.27577200000000002,-0.0016197222222221277,-0.14641018518518442,0.27954499999999999,-0.065932222222221615,-0.13206558641974311,18.599999999999998,0.26685400000000004,-0.0026677777777779376,0.011962654320984874,0.2718275,-0.0030488888888887387,0.021119907407408028,,,,,,,,,,,,,,,18.599999999999998,0.31213000000000002,0.054689444444444187,-0.42959691358025337,0.231182,-0.056309166666666272,0.39026836419753597,18.599999999999998,0.28657650000000001,-0.10347166666666589,-0.13815277777776444,0.25244800000000001,0.11452388888888843,0.19230231481479917,18.599999999999998,0.303898,-0.068409444444443884,-0.30547114197529901,0.233926,0.077651388888888367,0.28795061728393984
,,,,,,,,,,,,,,18.649999999999999,0.276115,0.011528611111111224,-0.11443919753086272,0.26788299999999998,0.0078127777777778056,-0.047162500000000107,18.649999999999999,0.26582499999999998,-0.016673611111111028,0.026095524691358233,0.274057,0.048686944444443929,-0.050391358024692752,18.649999999999999,0.26565349999999999,0.0087655555555552801,0.046156790123457213,0.24816049999999998,-0.020675277777777473,0.20812901234566586,18.649999999999999,0.27542899999999998,-0.0085749999999998987,-0.1346592592592579,0.27577200000000002,-0.071839444444443415,-0.07156419753086514,18.649999999999999,0.26668249999999999,-0.0029536111111112952,0.012121450617284197,0.27199899999999999,-0.0011433333333332647,0.020431790123456191,,,,,,,,,,,,,,,18.649999999999999,0.31418800000000002,0.032489722222221552,-0.45283410493826964,0.228438,-0.035538611111110695,0.43684861111110723,18.649999999999999,0.28108850000000002,-0.10899777777777682,-0.09040802469135778,0.25845050000000003,0.12157444444444339,0.1292601851851817,18.649999999999999,0.30012500000000003,-0.083272777777776905,-0.26820694444444315,0.23804199999999998,0.092133611111110333,0.28715663580246747
,,,,,,,,,,,,,,18.699999999999999,0.27662950000000003,0.0051450000000001017,-0.12237901234568015,0.26839750000000001,0.0072411111111111105,-0.019637808641975483,18.699999999999999,0.26513900000000001,-0.014577499999999839,0.018737962962961666,0.27697250000000001,0.04420888888888852,-0.10549367283950002,18.699999999999999,0.26462450000000004,-0.0079080555555555449,-0.13068935185185129,0.25107600000000002,0.037729999999999458,0.012068518518512797,18.699999999999999,0.27491450000000001,-0.015244444444444205,-0.11809151234568027,0.27217050000000004,-0.073649722222221756,-0.00026466049383955264,18.699999999999999,0.266511,-0.0023819444444444218,0.026889506172840524,0.2718275,-0.0010480555555554885,0.019584876543208975,,,,,,,,,,,,,,,18.699999999999999,0.31538849999999996,0.0097183333333329333,-0.47432453703703076,0.227409,-0.010766388888888761,0.44944645061727934,18.699999999999999,0.27560049999999997,-0.11242777777777717,-0.043086728395073749,0.26462450000000004,0.12710055555555469,0.072093518518531199,18.699999999999999,0.29549449999999999,-0.096039999999999362,-0.21601589506174046,0.24301550000000002,0.10804499999999943,0.26736003086420929
,,,,,,,,,,,,,,18.75,0.27662950000000003,-0.0012386111111113436,-0.11952067901234874,0.26874049999999999,0.0059072222222222061,0.0032288580246915177,18.75,0.26445299999999999,-0.014196388888888955,0.0016938271604920042,0.27868749999999998,0.035633888888889298,-0.12550200617283602,18.75,0.26445299999999999,-0.020103611111111769,-0.031653395061729976,0.25845050000000003,-0.0080986111111112872,-0.398261111111121,18.75,0.2738855,-0.021151666666666843,-0.085538271604941984,0.26822600000000002,-0.071363055555556679,0.065053549382710033,18.75,0.26633950000000001,0,0.036152623456791669,0.2718275,0.0002858333333333178,0.025407407407406934,,,,,,,,,,,,,,,18.75,0.31538849999999996,-0.016578333333333365,-0.46199135802469321,0.22758050000000002,0.01067111111111122,0.43541944444444763,18.75,0.2697695,-0.11357111111111219,0.0083103395061639353,0.27131300000000003,0.12910138888889006,0.010004166666678397,18.75,0.29034950000000004,-0.10509138888889018,-0.16011959876544415,0.24901799999999999,0.12109805555555701,0.20955817901235774
,,,,,,,,,,,,,,18.799999999999997,0.27645799999999998,-0.006860000000000247,-0.11438626543209851,0.26874049999999999,0.0083844444444445398,-0.00079398148148239359,18.799999999999997,0.26376700000000003,-0.014672777777777918,-0.0079398148148152915,0.28023100000000001,0.031060555555556132,-0.13360061728395525,18.799999999999997,0.26188049999999996,-0.018102777777777964,0.21215185185185814,0.24918950000000001,-0.039635555555556319,-0.19447253086419825,18.799999999999997,0.27268500000000001,-0.024486388888889116,-0.038746296296296598,0.26496749999999997,-0.066599166666667403,0.12137330246914517,18.799999999999997,0.266511,0.0023819444444444825,0.02434876543210077,0.2718275,0.001810277777777736,0.025248611111111315,,,,,,,,,,,,,,,18.799999999999997,0.313502,-0.038682777777777934,-0.40942978395061669,0.228438,0.032489722222222427,0.41916929012345688,18.799999999999997,0.26411000000000001,-0.11176083333333442,0.061560030864206999,0.27765849999999997,0.12795805555555698,-0.05055015432099802,18.799999999999997,0.28486149999999999,-0.11128444444444589,-0.11735046296295322,0.25536350000000002,0.12919666666666821,0.14154043209875292
,,,,,,,,,,,,,,18.849999999999998,0.27594350000000001,-0.012386111111111072,-0.11269243827160151,0.269598,0.0089561111111108975,-0.051397067901235244,18.849999999999998,0.26308100000000001,-0.016578333333333493,0.011856790123459145,0.28194600000000003,0.023819444444444154,-0.16064891975309051,18.849999999999998,0.26153750000000003,0.0062883333333334712,0.35379814814814442,0.25227650000000001,-0.034109444444444269,0.15980200617284232,18.849999999999998,0.27131300000000003,-0.024962777777777834,0.0093160493827171634,0.26153750000000003,-0.060120277777777155,0.18833240740741322,18.849999999999998,0.26668249999999999,0.0028583333333335637,0.0035993827160505851,0.27199899999999999,0.0036205555555554551,0.01122160493827281,,,,,,,,,,,,,,,18.849999999999998,0.31127250000000001,-0.056213888888888418,-0.37565910493826443,0.23083899999999999,0.053355555555555108,0.3881510802469057,18.849999999999998,0.25845050000000003,-0.10671111111111047,0.1028470679012452,0.28417550000000003,0.12452805555555495,-0.11973240740742362,18.849999999999998,0.27920200000000001,-0.11633416666666598,-0.083315123456773318,0.26205200000000001,0.13415111111111011,0.088608333333314374
,,,,,,,,,,,,,,18.899999999999999,0.27525749999999999,-0.018388611111110953,-0.10570540123456562,0.27011249999999998,0.0025724999999998262,-0.077598456790120104,18.899999999999999,0.26188049999999996,-0.01438694444444419,0.048221141975310085,0.28280349999999999,0.013719999999999587,-0.16530694444444197,18.899999999999999,0.26239499999999999,0.031918055555555151,0.21114614197530468,0.24541650000000001,-0.016197222222222151,0.39725540123456132,18.899999999999999,0.27011249999999998,-0.023247777777777801,0.050338425925926134,0.25862200000000002,-0.047448333333332947,0.24608132716048922,18.899999999999999,0.26685400000000004,0.0020961111111113826,-0.0064577160493837901,0.27234199999999997,0.0026677777777779806,0.00010586419753151393,,,,,,,,,,,,,,,18.899999999999999,0.30801400000000001,-0.07517416666666589,-0.35866790123456704,0.233926,0.071458333333332527,0.35411574074073932,18.899999999999999,0.25347700000000001,-0.10137555555555476,0.13974074074073925,0.29034950000000004,0.11595305555555409,-0.18780308641975382,18.899999999999999,0.27319949999999998,-0.12024055555555423,-0.038269907407406371,0.26874049999999999,0.13843861111110958,0.030171296296295641
,,,,,,,,,,,,,,18.949999999999999,0.274057,-0.023438333333333075,-0.089561111111112743,0.27011249999999998,-0.0070505555555554411,0.032553240740743596,18.949999999999999,0.26153750000000003,-0.010099444444444178,0.056266820987651726,0.28314649999999997,0.006002500000000059,-0.14715123456789758,18.949999999999999,0.26599650000000002,0.033633055555555263,-0.053249691358021482,0.249361,0.025153333333333,0.26428996913580022,18.949999999999999,0.26891199999999998,-0.019627222222222181,0.081409567901233951,0.25673550000000001,-0.033156666666666605,0.26407824074073355,18.949999999999999,0.26685400000000004,0.0017150000000000236,-0.0051344135802490025,0.27217050000000004,0.0031441666666667894,-0.0031759259259284659,,,,,,,,,,,,,,,18.949999999999999,0.30372650000000001,-0.093086388888888413,-0.32532067901235712,0.23804199999999998,0.088131944444443958,0.32579706790124496,18.949999999999999,0.24816049999999998,-0.093086388888888372,0.1802867283950508,0.29583749999999998,0.10518666666666569,-0.24518148148146604,18.949999999999999,0.26702550000000003,-0.1207169444444436,0.01762638888887233,0.276115,0.13824805555555456,-0.046262654320970049
,,,,,,,,,,,,,,19,0.2728565,-0.027344722222222381,-0.070981944444448747,0.26805449999999997,0.0059072222222224238,0.13709413580247429,19,0.26102300000000001,-0.008098611111111249,0.050073765432095886,0.28331800000000001,2.0021600118565649e-16,-0.14154043209876757,19,0.26668249999999999,0.017531111111111195,-0.15831990740740867,0.25090450000000003,0.014672777777777882,0.029959567901232872,19,0.26805449999999997,-0.014196388888888987,0.092895833333334857,0.25553500000000001,-0.021628055555556094,0.28747422839506248,19,0.26702550000000003,0.0015244444444444144,0.00031759259259106775,0.27268500000000001,0.0028583333333330389,-0.013497685185186861,,,,,,,,,,,,,,,19,0.2985815,-0.10852138888889035,-0.27482345679013481,0.24267250000000001,0.10480555555555678,0.28154583333334532,19,0.2440445,-0.082224722222223032,0.20347098765431568,0.30098249999999999,0.091371388888889918,-0.29806064814814065,19,0.26102300000000001,-0.1185255555555571,0.075110648148137685,0.28280349999999999,0.13291250000000138,-0.11089274691356825
,,,,,,,,,,,,,,19.049999999999997,0.27131300000000003,-0.030584166666667068,-0.049650308641975255,0.2707985,0.017721666666667146,0.052826234567901149,19.049999999999997,0.26068000000000002,-0.0054308333333336059,0.046686111111110574,0.28331800000000001,-0.008384444444444741,-0.13323009259259358,19.049999999999997,0.26736850000000001,0.0069552777777777894,-0.066747376543211251,0.25039,0.010671111111110876,0.082838734567900307,19.049999999999997,0.26754,-0.0094325000000000433,0.086861574074077616,0.25433449999999996,-0.0060025000000001839,0.33040216049383303,19.049999999999997,0.26702550000000003,0.0012386111111110491,0.014450462962961555,0.27251349999999996,0.0016197222222220963,-0.018155709876542185,,,,,,,,,,,,,,,19.049999999999997,0.29275049999999997,-0.12081222222222354,-0.21532777777776677,0.24867499999999998,0.11814444444444576,0.20521774691357098,19.049999999999997,0.24010000000000001,-0.073268611111111936,0.23644768518519299,0.30509849999999999,0.074888333333334167,-0.33940061728395987,19.049999999999997,0.25502049999999998,-0.11280888888889018,0.12555493827161798,0.28932049999999998,0.12738638888889028,-0.1782223765432219
,,,,,,,,,,,,,,19.099999999999998,0.2697695,-0.032870833333333356,-0.019108487654317378,0.27096999999999999,0.010671111111111235,-0.033664814814817638,19.099999999999998,0.26050849999999998,-0.0034300000000002319,0.043721913580248239,0.28228899999999996,-0.01371999999999985,-0.1199441358024655,19.099999999999998,0.26633950000000001,0.013529444444444261,-0.011433333333335063,0.25073299999999998,0.023914722222221973,0.14895092592592438,19.099999999999998,0.26719699999999996,-0.0060024999999996748,0.086967438271606287,0.2546775,0.014005833333333327,0.3243679012345661,19.099999999999998,0.26702550000000003,0.003144166666666481,0.024084104938269828,0.2728565,0.00038111111111109049,-0.010904012345677115,,,,,,,,,,,,,,,19.099999999999998,0.28640500000000002,-0.13033999999999907,-0.14926851851850131,0.25484899999999999,0.12443277777777706,0.14196388888887138,19.099999999999998,0.2364985,-0.059929722222221878,0.29006790123457343,0.30852849999999998,0.056785555555555152,-0.36893672839506647,19.099999999999998,0.24970400000000001,-0.10556777777777698,0.16747716049384009,0.29583749999999998,0.11595305555555478,-0.25571496913581432
,,,,,,,,,,,,,,19.149999999999999,0.26788299999999998,-0.032394444444444184,0.0093160493827169118,0.27148450000000002,0.0084797222222222132,-0.025566203703706634,19.149999999999999,0.26033699999999999,-0.0013338888888888977,0.046209722222224144,0.28194600000000003,-0.019150833333332982,-0.12280246913580145,19.149999999999999,0.26891199999999998,0.016578333333333157,-0.13222438271604736,0.25347700000000001,0.029821944444444137,0.16461882716049445,19.149999999999999,0.26685400000000004,-0.001238611111110754,0.093848611111107802,0.25604949999999999,0.02858333333333311,0.27477052469135543,19.149999999999999,0.26736850000000001,0.0045733333333330449,0.016091358024690947,0.27251349999999996,-9.5277777777674462e-05,0.0052402777777785792,,,,,,,,,,,,,,,19.149999999999999,0.27954499999999999,-0.13586611111110972,-0.080986111111111314,0.26102300000000001,0.13110222222222073,0.099988734567899043,19.149999999999999,0.233926,-0.043160833333332919,0.32336219135802197,0.31075799999999998,0.038206388888888575,-0.39847283950616902,19.149999999999999,0.24438750000000001,-0.096325833333332292,0.21204598765431804,0.30115399999999998,0.099755833333332336,-0.29790185185184742
,,,,,,,,,,,,,,19.199999999999999,0.266511,-0.031155833333333185,0.023872376543207025,0.27165600000000001,0.0081938888888885633,-0.0049226851851860353,19.199999999999999,0.26033699999999999,0.0013338888888889007,0.046897839506175092,0.28057399999999999,-0.027154166666666493,-0.10300586419753423,19.199999999999999,0.26925500000000002,-0.0010480555555554903,-0.23152499999999843,0.25381999999999999,0.035729166666666472,0.21770972222222748,19.199999999999999,0.26702550000000003,0.0041922222222220947,0.086755709876539841,0.25759300000000002,0.041350555555555266,0.22104444444444729,19.199999999999999,0.26754,0.004954444444444186,0.0025936728395081722,0.27268500000000001,0.0020008333333334841,0.0013233024691343103,,,,,,,,,,,,,,,19.199999999999999,0.27268500000000001,-0.13805749999999914,-0.019373148148166427,0.26805449999999997,0.13529444444444336,0.045098148148165956,19.199999999999999,0.232211,-0.026201388888888757,0.32955524691357563,0.312473,0.017245277777777748,-0.42710910493826743,19.199999999999999,0.23992850000000002,-0.084034999999999541,0.25015709876541858,0.30561299999999997,0.085749999999999715,-0.33183132716048042
,,,,,,,,,,,,,,19.25,0.26479599999999998,-0.030107777777778108,0.039169753086419082,0.27234199999999997,0.008670277777777612,0.010480555555558593,19.25,0.26050849999999998,0.0034300000000002926,0.047797685185187178,0.27903050000000001,-0.031536944444444798,-0.047268364197534385,19.25,0.26874049999999999,-0.017816944444444784,-0.1507506172839525,0.25587799999999999,0.057738333333334037,0.13026589506173725,19.25,0.26736850000000001,0.0080033333333332009,0.069023456790124421,0.26033699999999999,0.050497222222222631,0.16959444444445068,19.25,0.26788299999999998,0.0047638888888888236,-0.011009876543206449,0.2728565,0.0015244444444443715,-0.026836574074077173,,,,,,,,,,,,,,,19.25,0.26565349999999999,-0.13767638888889053,0.03938148148146832,0.27474299999999996,0.13558027777777937,-0.011962654320973397,19.25,0.23135349999999999,-0.010004166666666772,0.32690864197531105,0.31264449999999999,-0.0063836111111111836,-0.419433950617288,19.25,0.235984,-0.071077222222223263,0.28361018518518133,0.30990050000000002,0.068123611111112106,-0.38804521604938075
,,,,,,,,,,,,,,19.299999999999997,0.26342399999999999,-0.027440000000000121,0.056849074074078097,0.27251349999999996,0.0093372222222223942,0.017626388888891783,19.299999999999997,0.26068000000000002,0.0056213888888891816,0.058701697530862997,0.277144,-0.03067944444444486,-0.010110030864194491,19.299999999999997,0.26616800000000002,-0.014958611111111214,-0.075851697530861892,0.26033699999999999,0.063455000000000941,-0.20426496913580974,19.299999999999997,0.26788299999999998,0.010671111111111201,0.055525771604939211,0.26273799999999997,0.057357222222222976,0.13460632716049023,19.299999999999997,0.26805449999999997,0.0036205555555558089,-0.019426080246911583,0.27302799999999999,-0.0020008333333336372,-0.033082561728395958,,,,,,,,,,,,,,,19.299999999999997,0.25879350000000001,-0.13424638888889057,0.099882870370383681,0.28160299999999999,0.13472277777777938,-0.083791512345691502,19.299999999999997,0.231182,0.0064788888888890469,0.3225152777777795,0.31161549999999999,-0.026201388888889048,-0.38275200617284028,19.299999999999997,0.23272549999999997,-0.055832777777778404,0.31722206790124363,0.31264449999999999,0.046305000000000568,-0.43113194444445296
,,,,,,,,,,,,,,19.349999999999998,0.26205200000000001,-0.024486388888888561,0.073363888888890907,0.27319949999999998,0.011147500000000239,0.0075692901234562862,19.349999999999998,0.26102300000000001,0.0089561111111111456,0.075692901234564111,0.276115,-0.031441666666666465,0.0035993827160541014,19.349999999999998,0.26754,-0.014768055555555592,-0.16250154320987223,0.2642815,0.032680277777777517,-0.44378271604938457,19.349999999999998,0.26839750000000001,0.01352944444444449,0.040175462962960873,0.26599650000000002,0.064598333333332855,0.088290740740732135,19.349999999999998,0.26822600000000002,0.0027630555555557897,-0.024666358024691765,0.27251349999999996,-0.0034300000000001569,-0.011221604938268822,,,,,,,,,,,,,,,19.349999999999998,0.25210499999999997,-0.12767222222222152,0.16043719135804177,0.28846299999999997,0.12814861111111028,-0.1703884259259407,19.349999999999998,0.23203950000000001,0.022294999999999815,0.31685154320987102,0.30990050000000002,-0.043637222222221911,-0.35866790123456121,19.349999999999998,0.23032450000000002,-0.03896861111111085,0.34130617283950943,0.31453100000000001,0.02372416666666673,-0.4476467592592604
,,,,,,,,,,,,,,19.399999999999999,0.26085150000000001,-0.019531944444444223,0.080033333333332166,0.27371400000000001,0.011242777777777902,-0.026518981481484485,19.399999999999999,0.26153750000000003,0.013148333333333135,0.090619753086416913,0.2738855,-0.030203055555555223,0.0060871913580255316,19.399999999999999,0.26616800000000002,-0.038587499999999615,-0.12724876543209737,0.26359549999999998,0.00028583333333325546,-0.33987700617283556,19.399999999999999,0.26925500000000002,0.015625555555555254,0.0080986111111104892,0.26942649999999996,0.067170833333332583,0.024878086419754388,19.399999999999999,0.26839750000000001,0.00076222222222229981,-0.021543364197532073,0.27251349999999996,-0.0019055555555554718,-0.0071458333333295453,,,,,,,,,,,,,,,19.399999999999999,0.24593099999999998,-0.11833499999999862,0.22162669753086325,0.29463699999999998,0.11690583333333217,-0.24025879629629263,19.399999999999999,0.23341149999999999,0.038015833333332784,0.31229938271604724,0.30732799999999999,-0.061644722222221594,-0.3382361111111083,19.399999999999999,0.22878099999999998,-0.020961111111111014,0.3501987654320966,0.31504550000000003,0.00057166666666672819,-0.43954814814814602
,,,,,,,,,,,,,,19.449999999999999,0.26016549999999999,-0.015530277777777568,0.073787345679009894,0.27440000000000003,0.0087655555555552541,-0.057960648148149836,19.449999999999999,0.2622235,0.019150833333332978,0.083685648148150479,0.27302799999999999,-0.029059722222221879,-0.016250154320991188,19.449999999999999,0.26205200000000001,-0.034776388888888919,0.035199845679007809,0.26273799999999997,-0.0060024999999999757,-0.10776975308641799,19.449999999999999,0.27011249999999998,0.014672777777777597,-0.030012499999996379,0.2728565,0.066503888888888654,-0.030806481481471821,19.449999999999999,0.26822600000000002,0.00019055555555557606,-0.010374691358025571,0.27251349999999996,-0.0033347222222217792,-0.016250154320986771,,,,,,,,,,,,,,,19.449999999999999,0.24010000000000001,-0.10528194444444376,0.27651728395060177,0.30029649999999997,0.10232833333333291,-0.27810524691356459,19.449999999999999,0.23581249999999998,0.054022499999999633,0.29716080246914339,0.30372650000000001,-0.0787947222222216,-0.29382608024692275,19.449999999999999,0.22826649999999998,-0.0035252777777776811,0.3496165123456782,0.31453100000000001,-0.02115166666666651,-0.410858950617286
,,,,,,,,,,,,,,19.5,0.25947950000000003,-0.014005833333333354,0.099459413580244724,0.27474299999999996,0.0043827777777776175,-0.057590123456790848,19.5,0.26359549999999998,0.022676111111111504,0.054996450617287078,0.27131300000000003,-0.032394444444444573,-0.017943981481488399,19.5,0.26273799999999997,-0.0300125000000004,0.11676820987654425,0.26273799999999997,-0.0033347222222219661,0.042292746913580363,19.5,0.2707985,0.011909722222222576,-0.055366975308640654,0.276115,0.063931388888889704,-0.083315123456784948,19.5,0.26839750000000001,0,-0.0034405864197534883,0.27217050000000004,-0.004478055555555382,-0.011274537037040025,,,,,,,,,,,,,,,19.5,0.23529799999999998,-0.089656388888889951,0.31235231481480868,0.30475550000000001,0.088703611111112371,-0.30716496913579772,19.5,0.23889949999999999,0.06821888888888987,0.27154166666667662,0.29926750000000002,-0.092133611111112249,-0.22946064814815978,19.5,0.228438,0.013815277777778035,0.35083395061728845,0.31281600000000004,-0.040588333333333892,-0.37841157407408227
,,,,,,,,,,,,,,19.549999999999997,0.25845050000000003,-0.0069552777777779455,0.14614552469135716,0.275086,-0.0027630555555556761,0.038428703703705373,19.549999999999997,0.26462450000000004,0.023628888888889126,0.041922222222219148,0.26994100000000004,-0.036872500000000689,0.074475462962963243,19.549999999999997,0.258965,-0.021628055555555675,0.15567330246914179,0.26308100000000001,-0.0055261111111110581,0.22914305555555523,19.549999999999997,0.27131300000000003,0.008575000000000178,-0.069552777777780558,0.2793735,0.058405277777778604,-0.13540030864198249,19.549999999999997,0.26822600000000002,0,0.00068811728395046191,0.27199899999999999,-0.0047638888888890084,-0.00026466049382861071,,,,,,,,,,,,,,,19.549999999999997,0.231182,-0.074030833333334212,0.34464089506173828,0.3092145,0.073554444444445324,-0.36607839506174006,19.549999999999997,0.24267250000000001,0.081367222222223326,0.24031172839505541,0.294294,-0.10099444444444576,-0.1759992283950533,19.549999999999997,0.2296385,0.031346388888889326,0.35369228395061686,0.310415,-0.058500555555556388,-0.35199845679012104
,,,,,,,,,,,,,,19.599999999999998,0.25862200000000002,0.0030488888888886025,0.14889799382715743,0.27337099999999998,0.0084797222222222513,0.12073811728394962,19.599999999999998,0.26582499999999998,0.026487222222221902,0.035940895061724758,0.266511,-0.023914722222222382,0.14974490740740973,19.599999999999998,0.26016549999999999,-0.0081938888888886587,0.07765138888889149,0.26085150000000001,0.016673611111111108,0.37936435185184242,19.599999999999998,0.27165600000000001,0.00495444444444431,-0.082256481481482444,0.28211750000000002,0.049639722222221988,-0.17171172839506918,19.599999999999998,0.26839750000000001,9.5277777777772623e-05,0.0025936728395059496,0.27165600000000001,-0.004096944444444397,0.0064577160493825532,,,,,,,,,,,,,,,19.599999999999998,0.22775199999999998,-0.055546944444444114,0.37862330246914189,0.312473,0.051735833333333009,-0.41668148148148748,19.599999999999998,0.2471315,0.092324166666666166,0.20511188271603417,0.28914899999999999,-0.10861666666666599,-0.13905262345677372,19.599999999999998,0.23152500000000001,0.049544444444444197,0.34797561728394105,0.30698500000000001,-0.076126944444443984,-0.31775138888887722
,,,,,,,,,,,,,,19.649999999999999,0.258965,0.0096230555555550674,0.11782685185185153,0.27594350000000001,0.019531944444444293,0.022866666666667246,19.649999999999999,0.26736850000000001,0.027630555555555287,0.023501851851851621,0.26771149999999999,-0.012290833333333336,0.07135246913580566,19.649999999999999,0.25930800000000004,-0.014101111111110792,0.012333179012346138,0.26342399999999999,0.055356388888888136,0.072040586419746686,19.649999999999999,0.2718275,0.00076222222222216971,-0.10094151234567733,0.28434700000000002,0.040111944444443867,-0.18685030864197524,19.649999999999999,0.26822600000000002,0.00028583333333331444,0.0023290123456786451,0.27165600000000001,-0.0042875000000000699,0.015614969135802674,,,,,,,,,,,,,,,19.649999999999999,0.22552249999999999,-0.035062222222221773,0.39106234567901033,0.31435950000000001,0.029726666666666179,-0.42673858024690997,19.649999999999999,0.25193350000000003,0.10204249999999876,0.16541280864197205,0.28348950000000001,-0.11595305555555428,-0.085167746913577771,19.649999999999999,0.23461200000000001,0.0671708333333325,0.32214475308641605,0.30269750000000001,-0.091180833333332489,-0.26640725308641722
,,,,,,,,,,,,,,19.699999999999999,0.25965099999999997,0.014577499999999702,0.086649845679016888,0.27645799999999998,0.011242777777777864,-0.095489506172836414,19.699999999999999,0.268569,0.028869166666666307,0.0093689814814855582,0.26668249999999999,-0.022771388888888518,0.080350925925926131,19.699999999999999,0.25862200000000002,-0.01676888888888876,0.11025756172839289,0.268569,0.048591666666666249,-0.63825524691357649,19.699999999999999,0.2718275,-0.0052402777777776277,-0.11708580246913546,0.28606199999999998,0.031251111111110827,-0.20310046296295811,19.699999999999999,0.26839750000000001,0.00085749999999994338,-0.0079398148148149428,0.27114149999999998,-0.0029536111111110284,0.031177006172839885,,,,,,,,,,,,,,,19.699999999999999,0.22432199999999999,-0.015625555555555292,0.38730416666666262,0.31538849999999996,0.0084797222222221906,-0.42038672839505692,19.699999999999999,0.25742149999999997,0.10956944444444357,0.11290416666668018,0.27731549999999999,-0.11862083333333238,-0.0073046296296441241,19.699999999999999,0.23838499999999999,0.082034166666665964,0.28784475308643026,0.29772399999999999,-0.10309055555555495,-0.20749382716050466
,,,,,,,,,,,,,,19.75,0.26050849999999998,0.017531111111111386,0.068547067901239642,0.27680100000000002,0.0048591666666669047,-0.12343765432098901,19.75,0.27028399999999997,0.029250277777778153,-0.016832407407403677,0.26393850000000002,-0.0096230555555556711,0.16938271604938446,19.75,0.25656400000000001,-0.0024772222222222075,0.20013626543210172,0.27217050000000004,-0.026868333333333789,-0.95971188271607122,19.75,0.27131300000000003,-0.011623888888888977,-0.12005000000000306,0.28760550000000001,0.020103611111111291,-0.22152083333333372,19.75,0.26839750000000001,-0.0002858333333333487,-0.020749382716050081,0.27131300000000003,-0.00057166666666663907,0.035146913580247421,,,,,,,,,,,,,,,19.75,0.22397900000000001,0.0034300000000001235,0.38624552469136003,0.31521700000000002,-0.012576666666666724,-0.40635972222222572,19.75,0.26308100000000001,0.1130947222222235,0.063359722222233267,0.27131300000000003,-0.11500027777777889,0.043245524691345738,19.75,0.24284399999999998,0.095754166666667875,0.2528037037037168,0.292236,-0.11147500000000116,-0.15318549382717156
,,,,,,,,,,,,,,19.799999999999997,0.26136599999999999,0.020865833333333691,0.061560030864197819,0.27697250000000001,-0.0021913888888888469,-0.10856373456790368,19.799999999999997,0.27165600000000001,0.026677777777778203,-0.035093981481484814,0.26565349999999999,0.0040016666666667401,0.10237067901234743,19.799999999999997,0.25845050000000003,0.011909722222222474,0.14471635802469193,0.26565349999999999,-0.096897500000001982,-0.35580956790123364,19.799999999999997,0.27062700000000001,-0.017435833333333612,-0.11645061728395088,0.28811999999999999,0.0080033333333332443,-0.21977407407407612,19.799999999999997,0.26839750000000001,-0.0018102777777778284,-0.021543364197532458,0.27114149999999998,0.00076222222222227835,0.033929475308642425,,,,,,,,,,,,,,,19.799999999999997,0.224665,0.022580833333333539,0.39185632716049329,0.31401649999999998,-0.031727500000000283,-0.39767885802469105,19.799999999999997,0.26874049999999999,0.11557194444444553,0.018685030864187758,0.26599650000000002,-0.11338055555555694,0.07717500000000832,19.799999999999997,0.24798900000000001,0.10804500000000138,0.20389444444443652,0.28657650000000001,-0.11852555555555687,-0.097500925925916471
,,,,,,,,,,,,,,19.849999999999998,0.26256649999999998,0.024391111111111193,0.043510185185182015,0.27680100000000002,-0.010575833333333194,-0.013127160493828628,19.849999999999998,0.2728565,0.025343888888888649,-0.048168209876547095,0.265482,1.40042780612711e-16,0.041816358024691046,19.849999999999998,0.25862200000000002,0.011909722222222209,0.074687191358021571,0.25742149999999997,-0.073649722222221672,0.48512268518519136,19.849999999999998,0.269598,-0.023533611111110974,-0.10485848765431836,0.28829149999999998,-0.0021913888888888591,-0.20987577160493545,19.849999999999998,0.26822600000000002,-0.0034300000000001877,-0.0051873456790134257,0.27131300000000003,0.0033347222222223209,0.023713580246912197,,,,,,,,,,,,,,,19.849999999999998,0.22620850000000001,0.042303333333332915,0.39995493827159656,0.31213000000000002,-0.052021666666666112,-0.39005663580246136,19.849999999999998,0.27474299999999996,0.11538138888888815,-0.033029629629641989,0.25982250000000001,-0.10842611111111065,0.12883672839507462,19.849999999999998,0.25381999999999999,0.11671527777777709,0.14498101851850265,0.28023100000000001,-0.12214611111111036,-0.029800771604922949
,,,,,,,,,,,,,,19.899999999999999,0.26393850000000002,0.025534444444444363,0.019161419753083993,0.27491450000000001,-0.0024772222222222309,0.054149537037032479,19.899999999999999,0.27422849999999999,0.022771388888888574,-0.075428240740739519,0.26513900000000001,0.0031441666666666471,0.055684567901233502,19.899999999999999,0.25930800000000004,0.015911388888888617,0.053779012345677495,0.25673550000000001,-0.014386944444444308,0.70092685185184311,19.899999999999999,0.26822600000000002,-0.028488055555555409,-0.081356635802469254,0.2879485,-0.01295777777777756,-0.19801898148147956,19.899999999999999,0.26788299999999998,-0.0020961111111113826,0.0074104938271612941,0.27165600000000001,0.0028583333333332506,0.017308796296294077,,,,,,,,,,,,,,,19.899999999999999,0.22878099999999998,0.063740833333332483,0.38365185185184997,0.30887150000000002,-0.072601666666665898,-0.34786975308641965,19.899999999999999,0.2804025,0.11233249999999896,-0.086808641975306924,0.25502049999999998,-0.10051805555555458,0.18166296296296316,19.899999999999999,0.25982250000000001,0.12186027777777664,0.095436574074072147,0.274057,-0.12004999999999873,0.01344475308642014
,,,,,,,,,,,,,,19.949999999999999,0.26513900000000001,0.025820277777777512,0.0027524691358031088,0.27662950000000003,0.00419222222222189,-0.038746296296298978,19.949999999999999,0.27525749999999999,0.017912222222222159,-0.10168256172839107,0.26565349999999999,0.00762222222222219,0.043351388888889571,19.949999999999999,0.26016549999999999,0.018864999999999806,0.020749382716051434,0.25724999999999998,0.024867499999999831,0.32119197530864257,19.949999999999999,0.26668249999999999,-0.031918055555555609,-0.052085185185187156,0.28691949999999999,-0.022199722222222041,-0.18086898148148398,19.949999999999999,0.26805449999999997,-0.001333888888888945,-0.002858333333330939,0.27148450000000002,0.0041922222222220149,0.024189969135801265,,,,,,,,,,,,,,,19.949999999999999,0.23272549999999997,0.082319999999999505,0.33389567901235701,0.30458400000000002,-0.087846111111110778,-0.28514521604939386,19.949999999999999,0.28606199999999998,0.10680638888888827,-0.14381651234566453,0.24970400000000001,-0.090513888888888269,0.2399941358024579,19.949999999999999,0.26599650000000002,0.12605249999999901,0.048009413580262679,0.26839750000000001,-0.11976416666666583,0.040016666666651789
,,,,,,,,,,,,,,20,0.266511,0.026010833333333438,-0.015032716049381438,0.27645799999999998,-0.0078127777777782393,-0.1122689814814833,20,0.276115,0.011338055555555766,-0.10522901234567801,0.26616800000000002,0.0084797222222224057,0.017732253086420725,20,0.26153750000000003,0.017626388888889108,0.0034405864197534588,0.26102300000000001,0.024010000000000729,-0.20791728395062178,20,0.26496749999999997,-0.033633055555555867,-0.024242901234567859,0.285719,-0.030965277777778161,-0.16223688271605408,20,0.26788299999999998,-0.0027630555555554805,-0.0066694444444429816,0.27199899999999999,0.0065741666666664514,0.0086808641975319924,,,,,,,,,,,,,,,20,0.23718449999999999,0.097183333333334621,0.27821111111112407,0.29995349999999998,-0.09994638888889025,-0.23835324074075037,20,0.29120699999999999,0.098136111111112437,-0.20341805555554957,0.24575949999999999,-0.075936388888889692,0.2862567901234529,20,0.27251349999999996,0.1277675000000015,-0.017202932098751539,0.26205200000000001,-0.11814444444444568,0.10062391975307598
,,,,,,,,,,,,,,20.049999999999997,0.26788299999999998,0.023724166666666806,-0.022760802469137961,0.27542899999999998,-0.013720000000000379,-0.075322376543206268,20.049999999999997,0.27628649999999999,0.0063836111111113649,-0.090778549382717566,0.266511,0.008575000000000178,0.0030700617283937301,20.049999999999997,0.26205200000000001,0.014577499999999965,0.048962191358023537,0.26170900000000002,-0.014577500000000229,-0.38169336419753913,20.049999999999997,0.2632525,-0.034014166666666713,-0.0015350308641941532,0.28383249999999999,-0.039349722222222716,-0.12439043209876216,20.049999999999997,0.26771149999999999,-0.0029536111111109985,0.0049756172839512582,0.27234199999999997,0.0054308333333332364,-0.012809567901232277,,,,,,,,,,,,,,,20.049999999999997,0.24250099999999999,0.11004583333333484,0.22136203703702828,0.29463699999999998,-0.11166555555555673,-0.19182592592591541,20.049999999999997,0.29600900000000002,0.086321666666667587,-0.25926141975309897,0.24215800000000001,-0.061549444444445024,0.32299166666667462,20.049999999999997,0.27903050000000001,0.12433750000000177,-0.082785802469148503,0.25622100000000003,-0.10985527777777898,0.16514814814815798
,,,,,,,,,,,,,,20.099999999999998,0.26874049999999999,0.023533611111110849,-0.028106944444446641,0.27474299999999996,-0.014482222222222065,-0.042874999999994834,20.099999999999998,0.27662950000000003,0.0034300000000000949,-0.094325000000001991,0.26702550000000003,0.0082891666666666444,0.0013233024691338294,20.099999999999998,0.26205200000000001,0.025820277777777595,0.025142746913577412,0.258965,-0.041541111111110661,-0.086385185185185898,20.099999999999998,0.26153750000000003,-0.033442499999999729,0.01900262345679218,0.28160299999999999,-0.044018333333332965,-0.071987654320980213,20.099999999999998,0.26754,-0.0023819444444442969,0.017996913580246011,0.27251349999999996,0.004573333333333463,-0.02127870370370143,,,,,,,,,,,,,,,20.099999999999998,0.24833200000000002,0.11938305555555491,0.16329552469133948,0.28863450000000002,-0.11995472222222132,-0.13423580246912034,20.099999999999998,0.29995349999999998,0.071648888888888207,-0.30324799382716799,0.23941400000000002,-0.043256111111110822,0.3476580246913607,20.099999999999998,0.28503300000000004,0.11843027777777705,-0.13243611111112888,0.25107600000000002,-0.10051805555555508,0.21199305555556577
,,,,,,,,,,,,,,20.149999999999999,0.27028399999999997,0.022199722222221913,-0.054467129629627943,0.274057,-0.015434999999999671,-0.048591666666664569,20.149999999999999,0.27680100000000002,-0.0022866666666668378,-0.10972824074074099,0.26736850000000001,0.0079080555555553489,0.016726543209876713,20.149999999999999,0.26513900000000001,0.026963611111110813,-0.16705370370370223,0.25381999999999999,-0.011433333333333184,0.028636265432090514,20.149999999999999,0.259994,-0.033442499999999785,0.063836111111110025,0.2793735,-0.046686111111110408,-0.014185802469135403,20.149999999999999,0.26736850000000001,-6.7581935418263112e-18,0.011168672839504882,0.2728565,0.0026677777777780183,-0.017467592592593006,,,,,,,,,,,,,,,20.149999999999999,0.25450600000000001,0.12662416666666521,0.10205308641975047,0.2824605,-0.12462333333333209,-0.084638425925926283,20.149999999999999,0.30321199999999998,0.055642222222221566,-0.33749506172838956,0.23787050000000001,-0.025629722222222009,0.34723456790123092,20.149999999999999,0.29086400000000001,0.11147499999999864,-0.18870293209876632,0.2461025,-0.088798888888888164,0.25359768518518344
,,,,,,,,,,,,,,20.199999999999999,0.27114149999999998,0.017721666666666629,-0.074263734567897893,0.27337099999999998,-0.019150833333332933,-0.061877623456792652,20.199999999999999,0.27645799999999998,-0.0088608333333333317,-0.10401157407407396,0.26771149999999999,0.009527777777777786,0.038481635802471353,20.199999999999999,0.26599650000000002,0.0060024999999998925,-0.30541820987654078,0.25930800000000004,-0.002572500000000253,-0.44346512345679528,20.199999999999999,0.257936,-0.028392777777777618,0.130107098765429,0.27680100000000002,-0.045923888888888424,0.050179629629621629,20.199999999999999,0.26771149999999999,-0.00057166666666666824,-0.007886882716050073,0.27268500000000001,0.0023819444444444352,-0.0049756172839526018,,,,,,,,,,,,,,,20.199999999999999,0.2611945,0.12948249999999906,0.044251234567917519,0.276115,-0.12748166666666594,-0.047956481481497386,20.199999999999999,0.30561299999999997,0.037539444444444424,-0.3617908950617193,0.23684150000000001,-0.0079080555555556126,0.33389567901234313,20.199999999999999,0.296352,0.10061333333333243,-0.26143163580245482,0.24198649999999999,-0.074316666666666281,0.28323966049381771
,,,,,,,,,,,,,,20.25,0.27199899999999999,0.013815277777777897,-0.076381018518517724,0.27217050000000004,-0.023533611111111259,-0.043721913580251903,20.25,0.27577200000000002,-0.01324361111111126,-0.088396604938273185,0.26822600000000002,0.01286250000000032,0.038216975308642681,20.25,0.265482,-0.012481388888889207,-0.28366311728395366,0.25862200000000002,-0.079175833333334777,-0.54377145061729515,20.25,0.256907,-0.018579166666666737,0.16361311728395048,0.27457150000000002,-0.040874166666667211,0.096759876543204434,20.25,0.26736850000000001,-0.0020961111111111323,-0.0058225308641990927,0.27302799999999999,0.0033347222222221348,-0.01254490740740829,,,,,,,,,,,,,,,20.25,0.26754,0.13014944444444584,0.0025936728395189296,0.2697695,-0.13024472222222364,0.0053461419752963328,20.25,0.30698500000000001,0.018865000000000593,-0.37295956790123763,0.23718449999999999,0.0079080555555556733,0.31679861111111474,20.25,0.30115399999999998,0.084892500000000912,-0.32495015432098112,0.238728,-0.059167500000000588,0.2999662037037007
,,,,,,,,,,,,,,20.299999999999997,0.27251349999999996,0.010004166666666819,-0.072940432098766494,0.2707985,-0.023819444444444875,-0.02196682098765344,20.299999999999997,0.275086,-0.016673611111111413,-0.087708487654319059,0.26908350000000003,0.014577500000000068,0.013391820987651465,20.299999999999997,0.2642815,-0.02353361111111137,-0.21982700617283815,0.246617,-0.081367222222223118,-0.18219228395060716,20.299999999999997,0.25622100000000003,-0.010480555555555686,0.16726543209876663,0.27268500000000001,-0.034776388888889544,0.11465092592592975,20.299999999999997,0.26736850000000001,-0.0015244444444446937,0.0013762345679010513,0.27319949999999998,0.0011433333333332781,-0.021278703703703748,,,,,,,,,,,,,,,20.299999999999997,0.27422849999999999,0.129673055555557,-0.039222685185196518,0.26290950000000002,-0.12881555555555702,0.091731327160504916,20.299999999999997,0.30749950000000004,0,-0.37793518518519281,0.23769900000000002,0.022580833333333574,0.31679861111111141,20.299999999999997,0.304927,0.066789722222222944,-0.36232021604939063,0.2364985,-0.049544444444445009,0.39593209876543939
,,,,,,,,,,,,,,20.349999999999998,0.27302799999999999,0.0060977777777778616,-0.061454166666667913,0.2697695,-0.024200555555555409,-0.025566203703700618,20.349999999999998,0.27422849999999999,-0.021913888888888691,-0.088449537037031609,0.2697695,0.014386944444444187,-0.015138580246914828,20.349999999999998,0.26308100000000001,-0.032108611111110949,-0.18340972222221699,0.25090450000000003,-0.083653888888888472,0.031388734567914002,20.349999999999998,0.25587799999999999,-0.0024772222222223489,0.17589336419753054,0.27114149999999998,-0.029059722222222164,0.12296126543210373,20.349999999999998,0.26719699999999996,-0.00085750000000007858,-0.0091043209876530782,0.27302799999999999,0.00076222222222216906,-0.021649228395060584,,,,,,,,,,,,,,,20.349999999999998,0.28057399999999999,0.12710055555555475,-0.097712654321002443,0.25656400000000001,-0.12081222222222165,0.17504645061729773,20.349999999999998,0.30698500000000001,-0.018960277777778031,-0.38021126543209616,0.2392425,0.04011194444444411,0.30420077160493203,20.349999999999998,0.30784249999999996,0.047924722222222049,-0.38232854938271993,0.23255400000000001,-0.019627222222221994,0.48131157407407321
,,,,,,,,,,,,,,20.399999999999999,0.27302799999999999,0.0038111111111109983,-0.051344135802469749,0.26839750000000001,-0.024867499999999824,-0.046527314814814084,20.399999999999999,0.2728565,-0.026487222222221714,-0.07235817901234419,0.27062700000000001,0.012195555555555388,-0.026466049382713717,20.399999999999999,0.2611945,-0.041731666666666251,-0.15196805555555401,0.23941400000000002,-0.094515555555554617,0.49205679012345033,20.399999999999999,0.25587799999999999,0.0069552777777777798,0.18478595679012286,0.2697695,-0.023057222222221924,0.138735030864198,20.399999999999999,0.26736850000000001,-0.0017150000000000238,-0.028742129629628136,0.27337099999999998,-0.0011433333333332578,-0.018685030864196334,,,,,,,,,,,,,,,20.399999999999999,0.28709099999999999,0.12090749999999885,-0.17488765432098607,0.25073299999999998,-0.10975999999999904,0.23057222222222262,20.399999999999999,0.30561299999999997,-0.038015833333333159,-0.38058179012345134,0.241815,0.05535638888888833,0.24978657407407326,20.399999999999999,0.30972900000000003,0.028583333333333096,-0.39879043209876369,0.23461200000000001,0.0089561111111110016,0.38746296296295907
,,,,,,,,,,,,,,20.449999999999999,0.27337099999999998,0.00209611111111101,-0.061612962962961648,0.26771149999999999,-0.031822777777777686,-0.010586419753088411,20.449999999999999,0.27148450000000002,-0.029250277777777344,-0.052085185185190806,0.27096999999999999,0.010290000000000063,-0.010639351851848841,20.449999999999999,0.25879350000000001,-0.048877499999999734,-0.097712654320992798,0.2364985,-0.023247777777777937,0.70166790123455625,20.449999999999999,0.25656400000000001,0.016673611111111094,0.18118657407407457,0.26874049999999999,-0.015244444444444234,0.15413827160493521,20.449999999999999,0.26719699999999996,-0.0052402777777777699,-0.020378858024690038,0.2728565,-0.0019055555555554319,-0.0032288580246918205,,,,,,,,,,,,,,,20.449999999999999,0.29292200000000002,0.10918833333333262,-0.24512854938270112,0.24558799999999997,-0.097564444444443621,0.27572330246912419,20.449999999999999,0.30321199999999998,-0.057547777777777316,-0.36835447530864474,0.2450735,0.064979444444444159,0.19574290123457558,20.449999999999999,0.31075799999999998,0.0080986111111108847,-0.41361141975308358,0.23461200000000001,0.018198055555555405,0.29948981481481596
,,,,,,,,,,,,,,20.5,0.27337099999999998,-0.0020008333333332794,-0.077227932098764648,0.26479599999999998,-0.0308700000000003,0.11147500000000067,20.5,0.26994100000000004,-0.031727500000000387,-0.029483179012352947,0.27148450000000002,0.01143333333333371,0.0004763888888885028,20.5,0.25604949999999999,-0.051164166666667267,-0.050391358024695208,0.23992850000000002,0.0044780555555556587,0.34786975308642076,20.5,0.25759300000000002,0.025534444444444651,0.16615385802469423,0.26822600000000002,-0.0069552777777779273,0.15482638888888886,20.5,0.26668249999999999,-0.0058119444444443289,0.023554783950617969,0.27302799999999999,-0.00028583333333333352,-0.0084162037037048467,,,,,,,,,,,,,,,20.5,0.29806699999999997,0.095373055555556682,-0.29578456790122826,0.24078600000000003,-0.08193888888888963,0.31251111111110536,20.5,0.29978199999999999,-0.075460000000000749,-0.33913595679013203,0.24833200000000002,0.073459166666667561,0.16790061728395769,20.5,0.31058649999999999,-0.013338888888889002,-0.41641682098765803,0.235984,0.033442500000000312,0.29716080246914139
,,,,,,,,,,,,,,20.549999999999997,0.27319949999999998,-0.0065741666666665277,-0.074687191358024416,0.26393850000000002,-0.017531111111111171,0.18351558641975751,20.549999999999997,0.26822600000000002,-0.032299166666667399,-0.0054520061728388089,0.27217050000000004,0.011528611111111177,-0.0092101851851900049,20.549999999999997,0.2536485,-0.052212222222222632,-0.0358350308641932,0.23821349999999999,0.0053355555555553366,-0.026889506172839295,20.549999999999997,0.25913649999999999,0.033633055555555867,0.14212268518518326,0.26805449999999997,0.0010480555555555206,0.13730586419753218,20.549999999999997,0.26633950000000001,-0.0015244444444443995,0.045098148148148463,0.27302799999999999,-0.0020008333333333718,-0.025301543209877642,,,,,,,,,,,,,,,20.549999999999997,0.30252600000000002,0.079461666666667666,-0.33892422839507308,0.23735600000000001,-0.065074722222223033,0.32955524691358756,20.549999999999997,0.29566599999999998,-0.092514722222223025,-0.2856745370370315,0.25244800000000001,0.081081388888889785,0.15360895061727631,20.549999999999997,0.30938599999999999,-0.034109444444444768,-0.40609506172839488,0.23787050000000001,0.048877500000000511,0.28810941358024494
,,,,,,,,,,,,,,20.599999999999998,0.27268500000000001,-0.010575833333333139,-0.050285493827160133,0.26342399999999999,-0.0088608333333332501,0.18753842592592659,20.599999999999998,0.26668249999999999,-0.032108611111111275,0.015509104938277396,0.27268500000000001,0.010861666666666209,-0.025354475308644334,20.599999999999998,0.25090450000000003,-0.054213055555555278,-0.039804938271599394,0.23821349999999999,0.023724166666666047,-0.74110231481480382,20.599999999999998,0.26102300000000001,0.040111944444444166,0.11110447530863619,0.26839750000000001,0.0074316666666666273,0.10597006172839389,20.599999999999998,0.26668249999999999,0.00066694444444442889,0.030806481481481796,0.2728565,-0.0040969444444445688,-0.02101404320987561,,,,,,,,,,,,,,,20.599999999999998,0.3061275,0.061168333333332763,-0.37227145061729061,0.2344405,-0.050116111111110827,0.36433163580247302,20.599999999999998,0.29034950000000004,-0.10537722222222146,-0.20632932098764203,0.25639250000000002,0.089084722222221524,0.13375941358023397,20.599999999999998,0.3071565,-0.05430833333333291,-0.38571620370369503,0.24095749999999999,0.063645555555555081,0.25878503086418819
,,,,,,,,,,,,,,20.649999999999999,0.27199899999999999,-0.011719166666666489,-0.022125617283952122,0.26308100000000001,-0.00019055555555541059,0.19611342592592429,20.649999999999999,0.26496749999999997,-0.0306794444444442,0.03509398148148507,0.27337099999999998,0.0080986111111107668,-0.02614845679012066,20.649999999999999,0.24816049999999998,-0.055356388888888435,-0.069658641975308605,0.2471315,-0.069457499999999242,-1.2815919753086165,20.649999999999999,0.2632525,0.044494722222221672,0.082944598765431019,0.26891199999999998,0.011528611111110946,0.075375308641975239,20.649999999999999,0.266511,0.00095277777777784053,0.022496141975310049,0.27251349999999996,-0.0046686111111111268,-0.0053461419753058443,,,,,,,,,,,,,,,20.649999999999999,0.30869999999999997,0.041445833333332883,-0.38947438271604562,0.23203950000000001,-0.029631388888888641,0.41228811728394676,20.649999999999999,0.28486149999999999,-0.11261833333333225,-0.13571790123456756,0.26136599999999999,0.096230555555554417,0.082944598765432059,20.649999999999999,0.303898,-0.073078055555554772,-0.35501558641975067,0.24438750000000001,0.075078888888888043,0.21765679012345526
,,,,,,,,,,,,,,20.699999999999999,0.27148450000000002,-0.012004999999999948,-0.0085750000000032762,0.26308100000000001,0.012481388888888943,0.16498935185185079,20.699999999999999,0.26359549999999998,-0.02858333333333293,0.053090895061726595,0.27337099999999998,0.0073363888888888966,-0.0083103395061690441,20.699999999999999,0.24541650000000001,-0.059358055555555185,-0.12407283950618031,0.23255400000000001,-0.17750249999999831,-0.49009830246914476,20.699999999999999,0.265482,0.04811527777777732,0.057325462962969337,0.269598,0.01429166666666655,0.055049382716052565,20.699999999999999,0.26668249999999999,0.002572500000000243,0.019637808641976014,0.27234199999999997,-0.004096944444444057,0.0041816358024698045,,,,,,,,,,,,,,,20.699999999999999,0.31024350000000001,0.021913888888888722,-0.39847283950616746,0.23135349999999999,-0.006764722222222244,0.42123364197530516,20.699999999999999,0.27903050000000001,-0.11776333333333255,-0.086967438271618638,0.26633950000000001,0.097469166666665996,0.028636265432112732,20.699999999999999,0.29978199999999999,-0.090132777777777104,-0.31531651234569025,0.24850349999999999,0.085083055555554885,0.18044552469136943
,,,,,,,,,,,,,,20.75,0.2707985,-0.012100277777778152,-0.0054520061728405003,0.26462450000000004,0.019627222222222431,0.077333796296296456,20.75,0.26205200000000001,-0.025343888888889009,0.070187962962960593,0.274057,0.0078127777777779912,0.0016938271604952763,20.75,0.24250099999999999,-0.067647222222223025,-0.15720833333334355,0.2210635,-0.13815277777777976,0.67043796296296421,20.75,0.26805449999999997,0.051164166666667232,0.015032716049389017,0.27028399999999997,0.017435833333333695,0.028265740740744397,20.75,0.26685400000000004,0.0027630555555558356,0.020008333333331321,0.27217050000000004,-0.0042874999999998661,0.013074228395059171,,,,,,,,,,,,,,,20.75,0.31092949999999997,0.0016197222222222505,-0.40514228395061957,0.23152500000000001,0.013720000000000046,0.40265447530864679,20.75,0.27302799999999999,-0.12109805555555681,-0.043774845679023781,0.27114149999999998,0.097373888888890037,0.00037052469136900296,20.75,0.29480850000000003,-0.10509138888889018,-0.26407824074075498,0.25296249999999998,0.093276944444445606,0.14085231481482696
,,,,,,,,,,,,,,20.799999999999997,0.27028399999999997,-0.012386111111111256,-0.0056108024691328721,0.265482,0.018579166666666706,0.016356018518516632,20.799999999999997,0.26102300000000001,-0.021151666666666888,0.080509722222223731,0.27422849999999999,0.0072411111111113239,0.012650771604936458,20.799999999999997,0.2392425,-0.083939722222223415,-0.02900679012345056,0.21729049999999997,-0.060882500000000513,0.91636049382718354,20.799999999999997,0.2707985,0.050211388888889534,-0.03742299382716438,0.27148450000000002,0.017816944444444999,-0.010798148148151042,20.799999999999997,0.26685400000000004,0.0046686111111110505,0.01783811728394705,0.2718275,-0.0030488888888890466,0.024507561728393912,,,,,,,,,,,,,,,20.799999999999997,0.310415,-0.018865000000000038,-0.40471882716049618,0.23272549999999997,0.033633055555555867,0.37470632716049496,20.799999999999997,0.26685400000000004,-0.12252722222222349,0.0069341049382810743,0.27594350000000001,0.098421944444445783,-0.041551697530873254,20.799999999999997,0.28914899999999999,-0.11700111111111276,-0.20235941358023779,0.257936,0.099088888888890281,0.10274120370369601
,,,,,,,,,,,,,,20.849999999999998,0.269598,-0.013148333333333149,0.0035464506172865492,0.26633950000000001,0.018769722222222146,0.0034405864197518381,20.849999999999998,0.259994,-0.017626388888888806,0.095807098765433876,0.27457150000000002,0.010004166666666531,0.0041816358024662215,20.849999999999998,0.23272549999999997,-0.075745833333332777,0.19039675925926761,0.21609,-0.0047638888888887872,0.31446959876543468,20.849999999999998,0.27319949999999998,0.04649555555555529,-0.074740123456794247,0.27217050000000004,0.015816111111110968,-0.042081018518523049,20.849999999999998,0.26736850000000001,0.0055261111111108109,-0.00095277777777961255,0.2718275,-0.0010480555555555963,0.021331635802469374,,,,,,,,,,,,,,,20.849999999999998,0.30904300000000001,-0.039254444444444259,-0.39423827160493286,0.234955,0.051735833333333002,0.33558950617283284,20.849999999999998,0.26068000000000002,-0.12128861111111049,0.074475462962975997,0.28126000000000001,0.094324999999999437,-0.098877160493839808,20.849999999999998,0.28297499999999998,-0.12548083333333263,-0.13751759259257332,0.26290950000000002,0.10356694444444392,0.063941975308627566
,,,,,,,,,,,,,,20.899999999999999,0.26891199999999998,-0.012671944444444206,0.022813734567900732,0.26736850000000001,0.01857916666666656,0.0078868827160492264,20.899999999999999,0.25913649999999999,-0.011814444444444261,0.11422746913580246,0.27542899999999998,0.0090513888888885622,-0.028001080246912211,20.899999999999999,0.23101050000000001,-0.054784722222221638,0.24211141975308417,0.22003450000000002,-0.013148333333333302,-0.59935015432097483,20.899999999999999,0.27542899999999998,0.042303333333333193,-0.10374691358024583,0.27302799999999999,0.013719999999999727,-0.073416820987654299,20.899999999999999,0.26754,0.0040969444444441897,-0.011327469135801621,0.2718275,-0.000857499999999981,0.01540324074074075,,,,,,,,,,,,,,,20.899999999999999,0.30647049999999998,-0.05897694444444395,-0.36888379629629359,0.23804199999999998,0.066980277777777195,0.29843117283950488,20.899999999999999,0.25450600000000001,-0.1152861111111101,0.14641018518518409,0.28554750000000001,0.08689333333333242,-0.12920725308641973,20.899999999999999,0.27645799999999998,-0.13062583333333186,-0.074845987654318061,0.26839750000000001,0.10566305555555454,0.020643518518517378
,,,,,,,,,,,,,,20.949999999999999,0.26822600000000002,-0.0103852777777777,0.032129783950615179,0.26822600000000002,0.018674444444444386,0.031282870370370613,20.949999999999999,0.25879350000000001,-0.0055261111111109167,0.12026172839506055,0.27560049999999997,0.0060025000000000885,-0.0395402777777746,20.949999999999999,0.22826649999999998,-0.048401111111110784,0.22781975308641345,0.219863,-0.11357111111111007,-0.61163040123457046,20.949999999999999,0.27748700000000004,0.036586666666666594,-0.13841743827160191,0.27371400000000001,0.0083844444444443871,-0.099565277777775976,20.949999999999999,0.26771149999999999,0.0036205555555553766,-0.0081515432098741951,0.27165600000000001,0.00057166666666662389,0.0083103395061727703,,,,,,,,,,,,,,,20.949999999999999,0.30304049999999999,-0.07650805555555508,-0.33426620370371168,0.24164350000000001,0.081462499999999619,0.26286080246914484,20.949999999999999,0.24901799999999999,-0.10585361111111051,0.20400030864196214,0.28983500000000001,0.080604999999999344,-0.14725709876542073,20.949999999999999,0.2697695,-0.1323408333333323,-0.020643518518534472,0.27354250000000002,0.10566305555555493,-0.023448919753073821
,,,,,,,,,,,,,,21,0.26788299999999998,-0.0081938888888890057,0.017838117283950558,0.26908350000000003,0.021532777777777731,0.053408487654322191,21,0.25862200000000002,0.00038111111111118466,0.12026172839506216,0.27594350000000001,0.0040016666666668997,-0.030806481481481855,21,0.2258655,-0.036777222222222593,0.27101234567901189,0.2028845,-0.11480972222222385,0.17213518518517992,21,0.27920200000000001,0.028488055555555766,-0.17208225308642022,0.2738855,0.0025724999999999798,-0.10342932098765506,21,0.26788299999999998,0.0034299999999999847,-0.0061930555555523509,0.27199899999999999,0,0.0032288580246911305,,,,,,,,,,,,,,,21,0.29875299999999999,-0.092324166666667817,-0.297213734567912,0.24627399999999999,0.093943888888890048,0.21712746913581213,21,0.24387300000000001,-0.094610833333334352,0.25370354938271006,0.29360799999999998,0.07355444444444531,-0.18716790123456076,21,0.2632525,-0.1332936111111124,0.045997993827147345,0.27903050000000001,0.10385277777777897,-0.074951851851844234
,,,,,,,,,,,,,,21.049999999999997,0.26754,-0.0084797222222221264,-5.2932098764790075e-05,0.27028399999999997,0.025820277777777859,0.041075308641974735,21.049999999999997,0.25879350000000001,0.006764722222222381,0.11083981481481407,0.27594350000000001,0.0031441666666666649,-0.023925308641977328,21.049999999999997,0.2241505,-0.019436666666666814,0.28271033950617702,0.20665749999999999,-0.075936388888889775,0.64545401234569666,21.049999999999997,0.2804025,0.018769722222222451,-0.19346682098765855,0.2738855,-0.0020961111111111462,-0.10178842592592709,21.049999999999997,0.26805449999999997,0.0032394444444447169,-0.0070929012345663373,0.27165600000000001,-0.0002858333333333364,0.01868503086419664,,,,,,,,,,,,,,,21.049999999999997,0.29377949999999997,-0.10671111111111233,-0.24978657407406554,0.25124750000000001,0.10242361111111238,0.18171589506171881,21.049999999999997,0.23941400000000002,-0.080223888888889885,0.29573163580247952,0.29738100000000001,0.062883333333334304,-0.24274660493827979,21.049999999999997,0.25622100000000003,-0.12919666666666807,0.13762345679013391,0.28417550000000003,0.097278611111112176,-0.1115808641975425
,,,,,,,,,,,,,,21.099999999999998,0.26702550000000003,-0.0088608333333332831,-0.0048697530864196979,0.2718275,0.027154166666666462,0.00079398148147979183,21.099999999999998,0.25930800000000004,0.012386111111110936,0.08522067901234287,0.27628649999999999,0.0020961111111110231,-0.030012500000001077,21.099999999999998,0.2241505,-0.0048591666666666852,0.24084104938271536,0.19550999999999999,-0.033347222222221709,0.744172376543207,21.099999999999998,0.28108850000000002,0.0085749999999999021,-0.20177716049382932,0.27371400000000001,-0.0073363888888889894,-0.099406481481480222,21.099999999999998,0.26822600000000002,0.0028583333333335619,-0.010004166666667903,0.2718275,0.0019055555555554454,0.030806481481479339,,,,,,,,,,,,,,,21.099999999999998,0.2879485,-0.11804916666666586,-0.18875586419751456,0.25639250000000002,0.11204666666666581,0.14408117283949015,21.099999999999998,0.23581249999999998,-0.064598333333332883,0.32839074074074837,0.30012500000000003,0.047734166666666335,-0.27196512345679685,21.099999999999998,0.25004700000000002,-0.11900194444444388,0.2186095679012475,0.28863450000000002,0.092038333333332542,-0.13804691358025875
,,,,,,,,,,,,,,21.149999999999999,0.26668249999999999,-0.009623055555555475,0.0042874999999993404,0.27319949999999998,0.024867499999999692,-0.024878086419751463,21.149999999999999,0.26016549999999999,0.015625555555555264,0.056160956790124374,0.276115,0.0011433333333332203,-0.059125154320987604,21.149999999999999,0.2241505,0.0016197222222221334,0.25068641975308475,0.20185550000000002,0.026963611111110706,0.30065432098765038,21.149999999999999,0.28126000000000001,-0.0017150000000002944,-0.20071851851851807,0.27319949999999998,-0.012862500000000025,-0.080350925925923203,21.149999999999999,0.26839750000000001,0.001524444444444476,-0.0012703703703727904,0.2718275,0.0041922222222219498,0.017308796296295014,,,,,,,,,,,,,,,21.149999999999999,0.28177449999999998,-0.1251949999999987,-0.13116574074073881,0.26256649999999998,0.11871611111110979,0.073840277777778338,21.149999999999999,0.23289700000000002,-0.047353055555554933,0.35813858024691064,0.30201149999999999,0.034395277777777337,-0.27651728395061631,21.149999999999999,0.24421599999999999,-0.10585361111111007,0.27085354938271483,0.29343649999999999,0.084987777777776774,-0.18907345679012158
,,,,,,,,,,,,,,21.199999999999999,0.26599650000000002,-0.0090513888888888779,0.024560493827158608,0.27422849999999999,0.02334305555555544,-0.028795061728390279,21.199999999999999,0.26102300000000001,0.01619722222222229,0.058119444444447103,0.27645799999999998,-0.0022866666666667462,-0.10316466049382679,21.199999999999999,0.22380749999999999,0.016768888888888674,0.32473842592592789,0.20374200000000001,-0.0060977777777778555,-0.093319290123454454,21.199999999999999,0.28091699999999997,-0.011814444444444681,-0.19097901234567752,0.27234199999999997,-0.016578333333333032,-0.04123410493827185,21.199999999999999,0.26822600000000002,0.0027630555555554197,0.0070929012345666695,0.27234199999999997,0.0047638888888885947,-0.016408950617282574,,,,,,,,,,,,,,,21.199999999999999,0.27542899999999998,-0.13100694444444347,-0.074263734567916392,0.268569,0.11938305555555496,0.003916975308657332,21.199999999999999,0.23101050000000001,-0.028583333333333159,0.38089938271604323,0.30355500000000002,0.020961111111110872,-0.29170879629629271,21.199999999999999,0.23941400000000002,-0.090990277777777115,0.30208348765430787,0.29738100000000001,0.073173333333332799,-0.23888256172838429
,,,,,,,,,,,,,,21.25,0.26565349999999999,-0.006288333333333531,0.029165586419752785,0.27542899999999998,0.023247777777778252,-0.051714660493825032,21.25,0.26153750000000003,0.020675277777778021,0.074210802469137208,0.27628649999999999,-0.011147500000000136,-0.098930092592595123,21.25,0.22569399999999998,0.034966944444444918,0.39429120370371273,0.20048349999999998,-0.026296666666667547,0.22035632716050216,21.25,0.28005949999999996,-0.021342222222222481,-0.17038842592592593,0.27131300000000003,-0.016197222222222269,-0.014715123456793169,21.25,0.26874049999999999,0.0030488888888887994,0.00026466049382769331,0.27251349999999996,0.001429166666666596,-0.030859413580245354,,,,,,,,,,,,,,,21.25,0.268569,-0.13386527777777907,0.0017467592592457484,0.27457150000000002,0.11785861111111241,-0.045045216049373504,21.25,0.22998150000000001,-0.0086702777777778271,0.39058595679012531,0.30424099999999998,0.0052402777777776901,-0.30393611111111241,21.25,0.23512650000000002,-0.075841111111112039,0.33320756172838989,0.300811,0.059834444444444947,-0.26608966049382288
,,,,,,,,,,,,,,21.299999999999997,0.265482,-0.0053355555555555838,0.018314506172839553,0.27680100000000002,0.018769722222222545,-0.08379151234568262,21.299999999999997,0.26308100000000001,0.025439166666666801,0.059707407407405565,0.27542899999999998,-0.020103611111111395,0.03477638888889098,21.299999999999997,0.22723750000000001,0.056595000000000777,0.45394567901234789,0.195853,0.032203888888889691,0.29006790123457743,21.299999999999997,0.27868749999999998,-0.028964444444444539,-0.14603966049382508,0.2707985,-0.016578333333333639,-0.012280246913581191,21.299999999999997,0.268569,0.0025724999999999819,-0.005928395061727456,0.27234199999999997,0.0002858333333333178,-0.018049845679010898,,,,,,,,,,,,,,,21.299999999999997,0.26170900000000002,-0.1303400000000014,0.069711574074081073,0.2804025,0.11452388888888997,-0.086014660493835923,21.299999999999997,0.23015300000000002,0.011242777777777824,0.38381064814815025,0.30406949999999999,-0.01029000000000011,-0.29901342592592656,21.299999999999997,0.2316965,-0.057928888888889613,0.36814274691358762,0.30338349999999997,0.045638055555556049,-0.27582916666667029
,,,,,,,,,,,,,,21.349999999999998,0.26513900000000001,-0.0048591666666668231,0.01254490740740708,0.27731549999999999,0.013719999999999908,-0.094536728395063788,21.349999999999998,0.2642815,0.02677305555555529,0.039169753086418374,0.2728565,-0.0053355555555554442,0.12195555555555526,21.349999999999998,0.231182,0.08060499999999976,0.50571327160493251,0.2070005,0.038778055555555038,-0.17388194444444116,21.349999999999998,0.277144,-0.035729166666666319,-0.12465509259259085,0.2697695,-0.018579166666666685,0.010586419753086948,21.349999999999998,0.26891199999999998,0.0031441666666667486,-0.023925308641975254,0.27251349999999996,-9.5277777777741208e-05,-0.0075692901234548542,,,,,,,,,,,,,,,21.349999999999998,0.25553500000000001,-0.1254808333333329,0.11459799382716755,0.28606199999999998,0.10975999999999936,-0.13291250000000554,21.349999999999998,0.231182,0.029726666666666308,0.37248317901234412,0.30321199999999998,-0.025724999999999679,-0.2721768518518497,21.349999999999998,0.22929550000000001,-0.038778055555555517,0.39762592592592916,0.30526999999999999,0.032870833333333412,-0.29409074074074226
,,,,,,,,,,,,,,21.399999999999999,0.26496749999999997,-0.0040969444444446208,0.0079927469135816585,0.278173,0.0086702777777777577,-0.091731327160493925,21.399999999999999,0.26565349999999999,0.029345555555555403,0.015456172839508925,0.27525749999999999,0.0038111111111111505,0.0048697530864184957,21.399999999999999,0.23512650000000002,0.10947416666666625,0.51068888888889563,0.20374200000000001,-0.016864166666666212,-0.10840493827160107,21.399999999999999,0.275086,-0.04173166666666641,-0.097130401234572283,0.26874049999999999,-0.016673611111111212,0.055102314814813841,21.399999999999999,0.26908350000000003,0.00019055555555554579,-0.039116820987655232,0.27234199999999997,-0.00047638888888872842,0.0016938271604957946,,,,,,,,,,,,,,,21.399999999999999,0.24918950000000001,-0.12004999999999964,0.17711080246912755,0.29154999999999998,0.10156611111111079,-0.18579166666665706,21.399999999999999,0.23306849999999998,0.048782222222221901,0.35316296296296845,0.30132550000000002,-0.037729999999999667,-0.23835324074074557,21.399999999999999,0.22775199999999998,-0.018007500000000013,0.42038672839506191,0.30681350000000002,0.017245277777777838,-0.32595586419753081
,,,,,,,,,,,,,,21.449999999999999,0.26479599999999998,-0.0043827777777777311,0.01011003086419957,0.278173,0.0038111111111110616,-0.075957561728395379,21.449999999999999,0.26736850000000001,0.028773888888889237,-0.015456172839504805,0.27440000000000003,-0.006860000000000136,-0.091149074074077782,21.449999999999999,0.24267250000000001,0.12986361111111247,0.50042006172840992,0.2011695,-0.0042875000000005071,0.48549320987655126,21.449999999999999,0.2728565,-0.045352222222222703,-0.066906172839511432,0.26805449999999997,-0.01324361111111143,0.10252947530864454,21.449999999999999,0.26891199999999998,-0.0022866666666668642,-0.026783641975308775,0.27234199999999997,0.0011433333333336784,-0.008257407407407007,,,,,,,,,,,,,,,21.449999999999999,0.24318699999999999,-0.1080450000000014,0.24417577160493567,0.296352,0.090228055555556838,-0.2246438271604897,21.449999999999999,0.23615549999999999,0.065836944444445253,0.31764552469136714,0.29943900000000001,-0.049068055555556205,-0.21416327160494611,21.449999999999999,0.227409,0.0042875000000000352,0.42070432098766036,0.3071565,-0.0010480555555554898,-0.33119614197531427
,,,,,,,,,,,,,,21.499999999999996,0.26445299999999999,-0.0033347222222221192,0.015826697530865477,0.27834449999999999,0.0023819444444444053,-0.081568364197529705,21.499999999999996,0.268569,0.027249444444444607,-0.035358641975311515,0.274057,-0.01086166666666709,-0.093848611111110661,21.499999999999996,0.24696000000000001,0.16645027777777968,0.30144830246912535,0.20048349999999998,0.056499722222222992,0.68398858024692011,21.499999999999996,0.27062700000000001,-0.049258611111111766,-0.020167129629625927,0.26719699999999996,-0.0055261111111110381,0.13148333333333737,21.499999999999996,0.26874049999999999,-0.0028583333333333165,-0.0069870370370354014,0.27268500000000001,-0.001143333333333014,-0.020114197530867236,,,,,,,,,,,,,,,21.499999999999996,0.23838499999999999,-0.094801388888889962,0.29599629629631091,0.30046800000000001,0.079652222222223318,-0.27185925925927057,21.499999999999996,0.239757,0.080509722222223176,0.27932268518518039,0.296352,-0.059072222222223046,-0.19373148148147826,21.499999999999996,0.22826649999999998,0.025058055555555861,0.39942561728395215,0.30664200000000003,-0.018007500000000256,-0.29911929012345939
,,,,,,,,,,,,,,21.549999999999997,0.26445299999999999,-0.002191388888888765,0.010268827160494135,0.27868749999999998,-0.0035252777777776043,-0.10115324074073732,21.549999999999997,0.27011249999999998,0.02505805555555533,-0.050550154320988479,0.27337099999999998,-0.016387777777777775,-0.077916049382710253,21.549999999999997,0.26016549999999999,0.18131361111110969,-0.33061388888890858,0.2087155,0.09327694444444358,0.34342345679011316,21.549999999999997,0.26771149999999999,-0.048686944444444186,0.04763888888889517,0.26754,0.0018102777777779368,0.12359645061728304,21.549999999999997,0.268569,-0.0021913888888887957,-0.00021172839506104885,0.27217050000000004,-0.0023819444444445454,-0.00518734567901498,,,,,,,,,,,,,,,21.549999999999997,0.23358299999999999,-0.078604166666665948,0.3453290123456883,0.30458400000000002,0.063836111111110719,-0.32918472222222972,21.549999999999997,0.24421599999999999,0.09422972222222166,0.23009583333332095,0.29343649999999999,-0.067361388888888568,-0.19023796296295348,21.549999999999997,0.22998150000000001,0.04430416666666636,0.37274783950616547,0.30509849999999999,-0.030679444444444318,-0.26958317901234169
,,,,,,,,,,,,,,21.599999999999998,0.2642815,-0.0020008333333332148,-5.2932098765302978e-05,0.27800150000000001,-0.0096230555555551055,-0.090619753086419438,21.599999999999998,0.27114149999999998,0.021628055555555598,-0.055261111111110095,0.27234199999999997,-0.018960277777777299,-0.055684567901232031,21.599999999999998,0.26754,0.1424402777777761,-1.1447624999999892,0.21231699999999998,0.082319999999998991,0.053408487654322566,21.599999999999998,0.265482,-0.042779722222221782,0.084797222222222801,0.26754,0.0064788888888887642,0.1171387345679003,21.599999999999998,0.268569,-0.0021913888888887862,-0.0071458333333338829,0.27234199999999997,-0.0017150000000001643,0.010956944444445324,,,,,,,,,,,,,,,21.599999999999998,0.23032450000000002,-0.058691111111110285,0.36486095679011843,0.30698500000000001,0.045161666666666204,-0.35549197530863891,21.599999999999998,0.249361,0.10394805555555459,0.17128827160493768,0.28983500000000001,-0.0787947222222216,-0.1727174382716031,21.599999999999998,0.23272549999999997,0.062502222222221585,0.34093564814814575,0.30355500000000002,-0.042589166666666373,-0.27747006172839322
,,,,,,,,,,,,,,21.649999999999999,0.2642815,-0.0023819444444443121,-0.0043404320987655131,0.27748700000000004,-0.012195555555555418,-0.082362345679015958,21.649999999999999,0.27217050000000004,0.019722499999999924,-0.063200925925924842,0.27131300000000003,-0.020198888888888492,-0.063889043209880286,21.649999999999999,0.276115,0.061263611111110609,-1.7905870370370209,0.21506099999999997,0.094324999999999284,-0.18161003086418478,21.649999999999999,0.26359549999999998,-0.038873333333332885,0.095807098765427048,0.26805449999999997,0.013148333333333271,0.11385694444444777,21.649999999999999,0.26839750000000001,-0.0031441666666666042,-0.011062808641977508,0.27199899999999999,-0.00085749999999975657,0.01804984567901315,,,,,,,,,,,,,,,21.649999999999999,0.22792350000000003,-0.041731666666666528,0.37624135802468156,0.30904300000000001,0.027154166666666622,-0.35750339506172341,21.649999999999999,0.2546775,0.11147499999999945,0.10967530864198895,0.28537599999999996,-0.086607499999999629,-0.12253780864198333,21.649999999999999,0.23632700000000001,0.07850888888888842,0.30584166666667517,0.30115399999999998,-0.059358055555555289,-0.26968904320988235
,,,,,,,,,,,,,,21.699999999999999,0.26411000000000001,-0.0036205555555554251,0.014450462962961957,0.27697250000000001,-0.017340555555555807,-0.076433950617287513,21.699999999999999,0.27319949999999998,0.016101944444444512,-0.082944598765431546,0.27045550000000002,-0.023533611111111335,-0.084320833333339909,21.699999999999999,0.27594350000000001,-0.063740833333334135,-1.7979975308642244,0.22346449999999998,0.073078055555556645,-0.5452535493827142,21.699999999999999,0.26153750000000003,-0.033728333333333645,0.11131620370369978,0.26891199999999998,0.018579166666667275,0.097289197530867774,21.699999999999999,0.26822600000000002,-0.0036205555555558089,-0.008680864197532473,0.27217050000000004,0.0013338888888889168,0.0015350308641967961,,,,,,,,,,,,,,,21.699999999999999,0.22603699999999999,-0.022390277777778311,0.40556574074074225,0.30972900000000003,0.0086702777777779346,-0.34289413580247302,21.699999999999999,0.26068000000000002,0.11509555555555699,0.045362808641985462,0.28091699999999997,-0.090037500000000922,-0.086491049382722285,21.699999999999999,0.24061449999999998,0.093276944444445495,0.26508395061729489,0.29738100000000001,-0.071839444444445386,-0.22342638888889688
,,,,,,,,,,,,,,21.749999999999996,0.26376700000000003,-0.0019055555555554946,0.049703240740738987,0.27577200000000002,-0.022104444444444666,-0.032870833333332405,21.749999999999996,0.2738855,0.010766388888889034,-0.090460956790123559,0.269598,-0.034776388888889377,-0.0008998456790118252,21.749999999999996,0.268569,-0.15968555555555772,-0.92080679012345523,0.22329299999999999,0.032680277777778301,-0.7714324074074187,21.749999999999996,0.26016549999999999,-0.027630555555555977,0.12449629629629828,0.26994100000000004,0.023247777777778329,0.073469753086415165,21.749999999999996,0.26805449999999997,-0.0042875000000002364,-0.0018526234567881252,0.27234199999999997,-0.0002858333333333178,-0.021596296296297113,,,,,,,,,,,,,,,21.749999999999996,0.22552249999999999,-0.00038111111111118466,0.41752839506173417,0.30972900000000003,-0.006574166666666912,-0.33601296296296668,21.749999999999996,0.26633950000000001,0.11519083333333474,-0.0049226851851975131,0.27645799999999998,-0.093848611111111938,-0.070876080246905171,21.749999999999996,0.24575949999999999,0.1054725000000013,0.2127870370370285,0.29377949999999997,-0.080890833333334383,-0.1874325617283876
,,,,,,,,,,,,,,21.799999999999997,0.26376700000000003,0.0025724999999998436,0.062724537037033817,0.27440000000000003,-0.020675277777777688,0.011221604938272851,21.799999999999997,0.27422849999999999,0.0060977777777779544,-0.081621296296295651,0.26599650000000002,-0.029536111111110902,0.16784768518518511,21.799999999999997,0.25639250000000002,-0.17797888888888755,0.44351805555557156,0.22620850000000001,-0.0054308333333333318,-0.90990277777777118,21.799999999999997,0.25879350000000001,-0.021437499999999946,0.14085231481481567,0.27131300000000003,0.026201388888888583,0.0449922839506103,21.799999999999997,0.26771149999999999,-0.0036205555555554689,0.0017996913580276422,0.27217050000000004,-0.002381944444444391,-0.016197222222223005,,,,,,,,,,,,,,,21.799999999999997,0.22603699999999999,0.021056388888888767,0.39730833333333088,0.3092145,-0.024200555555555659,-0.33950648148147566,21.799999999999997,0.27217050000000004,0.11471444444444369,-0.05653148148149819,0.27165600000000001,-0.098993611111110283,-0.025777932098755407,21.799999999999997,0.25124750000000001,0.11509555555555469,0.14863333333331744,0.28932049999999998,-0.089561111111110481,-0.16567746913578862
,,,,,,,,,,,,,,21.849999999999998,0.26411000000000001,0.0058119444444441068,0.048591666666665513,0.27371400000000001,-0.018769722222222174,0.018526234567900254,21.849999999999998,0.27440000000000003,0.0029536111111113264,-0.077069135802470157,0.265482,-0.0052402777777778853,0.12253780864197333,21.849999999999998,0.24678849999999999,-0.10528194444444326,1.6136350308641807,0.22449350000000001,-0.070124444444443768,-0.74316666666665654,21.849999999999998,0.257936,-0.013529444444444557,0.15450879629629519,0.27268500000000001,0.026868333333332842,0.030912345679010831,21.849999999999998,0.26771149999999999,-0.0032394444444442771,-0.0077810185185163512,0.27199899999999999,-0.0027630555555556856,0.0073575617283945724,,,,,,,,,,,,,,,21.849999999999998,0.22775199999999998,0.040016666666666451,0.36232021604938064,0.30732799999999999,-0.041731666666666251,-0.32076851851851323,21.849999999999998,0.27800150000000001,0.11014111111110976,-0.11766805555555659,0.26616800000000002,-0.097278611111110302,0.035358641975306353,21.849999999999998,0.25742149999999997,0.12100277777777642,0.072887500000001285,0.28486149999999999,-0.098136111111109994,-0.13365354938271465
,,,,,,,,,,,,,,21.899999999999999,0.26445299999999999,0.0071458333333330433,0.03662901234568125,0.27268500000000001,-0.019055555555555544,0.025460339506169914,21.899999999999999,0.27457150000000002,-0.00085749999999998772,-0.083950308641978208,0.26736850000000001,-0.011433333333333287,-0.024983950617283989,21.899999999999999,0.2440445,0.012767222222222272,2.1203540123456697,0.21814799999999998,-0.10632999999999922,-0.091995987654329162,21.899999999999999,0.25742149999999997,-0.0053355555555556775,0.15482638888889014,0.2738855,0.028964444444443987,0.021966820987659199,21.899999999999999,0.26754,-0.0052402777777774594,-0.0026995370370367006,0.2718275,-0.0014291666666666749,0.028371604938271826,,,,,,,,,,,,,,,21.899999999999999,0.23015300000000002,0.05659499999999975,0.33844783950617724,0.304927,-0.057166666666666137,-0.28445709876543662,21.899999999999999,0.28331800000000001,0.10251888888888794,-0.17340555555554182,0.26188049999999996,-0.093753333333332856,0.071511265432087634,21.899999999999999,0.26359549999999998,0.12166972222222162,0.0097924382716221784,0.2793735,-0.1041386111111104,-0.079821604938284801
,,,,,,,,,,,,,,21.949999999999999,0.26479599999999998,0.0087655555555556305,0.036470216049385586,0.27165600000000001,-0.016864166666667069,0.03911682098765331,21.949999999999999,0.27440000000000003,-0.0060025000000002585,-0.081462500000003532,0.26445299999999999,-0.020198888888889214,0.026836574074073999,21.949999999999999,0.24747450000000001,0.14043944444444637,1.8738492283950912,0.21043049999999999,-0.080033333333334428,0.56139783950617839,21.949999999999999,0.25742149999999997,0.0025725000000002126,0.14249320987654693,0.27560049999999997,0.030393611111111444,-0.0082044753086365808,21.949999999999999,0.26702550000000003,-0.004478055555555382,0.018790895061727462,0.2718275,0.00057166666666663907,0.037370061728395847,,,,,,,,,,,,,,,21.949999999999999,0.23341149999999999,0.072887500000000785,0.33040216049383581,0.30149700000000001,-0.070029166666667295,-0.24713996913581215,21.949999999999999,0.28829149999999998,0.092895833333334135,-0.23014876543208987,0.256907,-0.090990277777778683,0.12015586419752461,21.949999999999999,0.269598,0.12109805555555715,-0.037317129629619646,0.27422849999999999,-0.10547250000000123,-0.034511728395071627
,,,,,,,,,,,,,,21.999999999999996,0.2653105,0.01067111111111123,0.038746296296296334,0.27096999999999999,-0.014291666666667037,0.038322839506176869,21.999999999999996,0.2738855,-0.0097183333333337781,-0.066218055555554475,0.26411000000000001,-0.0096230555555555323,0.10469969135802742,21.999999999999996,0.26085150000000001,0.22371222222222478,0.96087638888887739,0.20837249999999999,-0.01838861111111096,0.68864660493828378,21.999999999999996,0.25776450000000001,0.0088608333333335884,0.12809567901234639,0.277144,0.027916388888889355,-0.034564660493828704,21.999999999999996,0.26702550000000003,-0.0024772222222221147,0.026095524691357289,0.2718275,0.0034299999999999708,0.024772222222223167,,,,,,,,,,,,,,,21.999999999999996,0.23735600000000001,0.090132777777778783,0.31256404320987069,0.29789550000000004,-0.081653055555556561,-0.2133163580246871,21.999999999999996,0.29275049999999997,0.079938055555556511,-0.28821527777778516,0.25244800000000001,-0.082129444444445379,0.17250570987655253,21.999999999999996,0.27577200000000002,0.11843027777777911,-0.091254938271618458,0.26891199999999998,-0.10747333333333448,0.0088925925926030686
,,,,,,,,,,,,,,22.049999999999997,0.26582499999999998,0.013148333333333212,0.031865123456788928,0.27028399999999997,-0.012576666666666523,0.030753549382720916,22.049999999999997,0.27337099999999998,-0.012290833333333299,-0.054996450617279535,0.26393850000000002,-0.0048591666666667459,0.1125865740740733,22.049999999999997,0.27199899999999999,0.24038583333333183,-0.28779182098769318,0.211974,-0.0048591666666665942,0.69494552469135729,22.049999999999997,0.25827899999999998,0.015244444444444541,0.11428040123456457,0.27834449999999999,0.025915555555555591,-0.045309876543213994,22.049999999999997,0.26685400000000004,-0.0014291666666665806,0.023978240740739492,0.27234199999999997,0.0033347222222223361,0.0057695987654319764,,,,,,,,,,,,,,,22.049999999999997,0.24250099999999999,0.10575833333333252,0.26354891975307293,0.293265,-0.091561944444443946,-0.17716373456788845,22.049999999999997,0.2965235,0.062597499999999681,-0.31637515432099289,0.24867499999999998,-0.072315833333332802,0.20119490740741561,22.049999999999997,0.28160299999999999,0.11223722222222136,-0.14985077160495178,0.2632525,-0.10480555555555471,0.056213888888900748
,,,,,,,,,,,,,,22.099999999999998,0.26668249999999999,0.014482222222222179,0.014185802469135691,0.2697695,-0.011719166666666211,0.031441666666667235,22.099999999999998,0.27268500000000001,-0.015053888888888631,-0.046262654320986217,0.26359549999999998,0.0013338888888888053,0.11798564814814748,22.099999999999998,0.28228899999999996,0.2594413888888854,-2.6043121913580043,0.2076865,0.017816944444444482,1.195418518518508,22.099999999999998,0.25930800000000004,0.020961111111110917,0.088608333333331582,0.27971650000000003,0.02372416666666639,-0.062883333333335026,22.099999999999998,0.26685400000000004,-9.5277777777773735e-05,0.019320216049381354,0.27217050000000004,0.0028583333333332818,0.0052932098765423015,,,,,,,,,,,,,,,22.099999999999998,0.24816049999999998,0.11671527777777672,0.20341805555555506,0.28863450000000002,-0.099184166666665588,-0.1442399691358007,22.099999999999998,0.29892449999999998,0.046304999999999596,-0.3078001543209844,0.24524500000000002,-0.062216388888888176,0.23332469135802156,22.099999999999998,0.28709099999999999,0.10337638888888785,-0.20781141975308356,0.25845050000000003,-0.10166138888888794,0.10062391975308366
,,,,,,,,,,,,,,22.149999999999999,0.26736850000000001,0.014101111111110974,0.0046580246913592903,0.26908350000000003,-0.010385277777777592,0.047903549382712858,22.149999999999999,0.2718275,-0.017054722222222124,-0.035146913580248629,0.26411000000000001,0.006859999999999966,0.11316882716049403,22.149999999999999,0.31401649999999998,-0.015244444444444219,-4.7591249999999734,0.20888699999999999,0.12043111111111027,1.5403240740740793,22.149999999999999,0.26050849999999998,0.024105277777777611,0.06193055555555891,0.28074549999999998,0.020675277777777553,-0.099300617283948733,22.149999999999999,0.26685400000000004,0.00085749999999994338,0.0095277777777767764,0.27251349999999996,0.0040969444444443198,0.0016408950617291939,,,,,,,,,,,,,,,22.149999999999999,0.25416300000000003,0.12643361111111043,0.13301836419754495,0.28331800000000001,-0.10585361111111041,-0.11073395061729678,22.149999999999999,0.30098249999999999,0.032680277777777808,-0.31049969135801964,0.2423295,-0.049449166666666551,0.27339429012344874,22.149999999999999,0.2920645,0.091371388888888405,-0.26169629629628316,0.25296249999999998,-0.095563611111110724,0.15916682098764187
,,,,,,,,,,,,,,22.199999999999999,0.26805449999999997,0.014196388888888987,0.0087337962962984166,0.268569,-0.0062883333333334695,0.053355555555554955,22.199999999999999,0.27096999999999999,-0.018674444444444493,-0.021278703703706558,0.2642815,0.011433333333333268,0.12592546296296667,22.199999999999999,0.28417550000000003,-0.35976888888889391,-4.1241515432099467,0.22020599999999999,0.21732861111111412,1.0313819444444725,22.199999999999999,0.26170900000000002,0.026868333333333796,0.039910802469139278,0.28194600000000003,0.014291666666666687,-0.14513981481481467,22.199999999999999,0.26702550000000003,0.00047638888888883391,0.0071458333333320511,0.27268500000000001,0.0035252777777779443,-0.0098983024691354869,,,,,,,,,,,,,,,22.199999999999999,0.26102300000000001,0.13110222222222365,0.04393364197531946,0.27800150000000001,-0.11080805555555673,-0.064365432098777431,22.199999999999999,0.30235450000000003,0.016387777777778081,-0.33061388888889293,0.24027149999999997,-0.035443333333333778,0.32277993827160589,22.199999999999999,0.296352,0.076603333333334231,-0.30160709876542802,0.24867499999999998,-0.084987777777778717,0.20553533950616787
,,,,,,,,,,,,,,22.249999999999996,0.26874049999999999,0.015149166666666949,0.010162962962962253,0.268569,-0.0040016666666666222,0.039593209876544418,22.249999999999996,0.26994100000000004,-0.019531944444444744,-0.002964197530864431,0.26479599999999998,0.023533611111111432,0.074793055555556223,22.249999999999996,0.26633950000000001,-0.49620666666667268,-1.8362674382715725,0.23478350000000001,0.23695583333333617,0.14423996913577933,22.249999999999996,0.2632525,0.028297500000000465,0.015614969135799184,0.28228899999999996,0.0052402777777777526,-0.17192345679012386,22.249999999999996,0.26685400000000004,0.00085749999999986434,0.016514814814812949,0.2728565,0.0029536111111110887,-0.018420370370371503,,,,,,,,,,,,,,,22.249999999999996,0.26754,0.13005416666666805,-0.031441666666679309,0.27217050000000004,-0.1135711111111125,0.0038640432098852027,22.249999999999996,0.30269750000000001,-0.0012386111111113436,-0.33590709876543628,0.2385565,-0.016864166666666746,0.36364351851852356,22.249999999999996,0.29978199999999999,0.060310833333334098,-0.32336219135803401,0.244559,-0.074983611111111945,0.25079228395062625
,,,,,,,,,,,,,,22.299999999999997,0.269598,0.01562555555555542,0.0021172839506159733,0.26822600000000002,-0.0026677777777776471,0.027312962962962681,22.299999999999997,0.26891199999999998,-0.018674444444444618,0.0086279320987688191,0.26771149999999999,0.018007500000000082,0.035676234567897515,22.299999999999997,0.23341149999999999,-0.56004277777777356,1.0493788580247487,0.2440445,0.2331447222222206,-0.83807391975311107,22.299999999999997,0.26462450000000004,0.028011666666666588,-0.0017467592592654597,0.2824605,-0.0039063888888886044,-0.17398780864197441,22.299999999999997,0.26702550000000003,0.0026677777777773387,0.016408950617283761,0.27302799999999999,0.0015244444444443841,-0.023237191358024573,,,,,,,,,,,,,,,22.299999999999997,0.274057,0.12719583333333248,-0.092048919753101657,0.26633950000000001,-0.11033166666666616,0.06844120370371691,22.299999999999997,0.30218299999999998,-0.01819805555555554,-0.32156249999999448,0.2385565,0.002667777777777693,0.3679310185185159,22.299999999999997,0.30235450000000003,0.044113611111110763,-0.34035339506173351,0.24095749999999999,-0.060501388888888535,0.30282453703704298
,,,,,,,,,,,,,,22.349999999999998,0.27028399999999997,0.016006666666666652,-0.018526234567899865,0.26822600000000002,-0.0011433333333333089,0.018102777777776732,22.349999999999998,0.26805449999999997,-0.017435833333333057,0.00079398148148478349,0.26599650000000002,0.021723333333332952,0.081039043209873263,22.349999999999998,0.2001405,-0.39597444444443991,3.9107293209876111,0.26102300000000001,0.15692249999999811,-1.7335791666666482,22.349999999999998,0.26599650000000002,0.028202222222221698,-0.020220061728397107,0.28194600000000003,-0.013529444444444457,-0.14619845679012489,22.349999999999998,0.26719699999999996,0.0031441666666664658,0.0047109567901263269,0.27302799999999999,-0.00019055555555554072,-0.013974074074073925,,,,,,,,,,,,,,,22.349999999999998,0.2804025,0.12081222222222089,-0.1479981481481456,0.26102300000000001,-0.10451972222222128,0.095066049382716636,22.349999999999998,0.300811,-0.033728333333332902,-0.29731959876542741,0.23889949999999999,0.020770555555555261,0.35014583333333138,22.349999999999998,0.30424099999999998,0.026677777777777346,-0.36115570987653994,0.23838499999999999,-0.043541944444444002,0.33453086419752837
,,,,,,,,,,,,,,22.399999999999999,0.27131300000000003,0.014196388888889008,-0.04541574074073907,0.26822600000000002,-0.00076222222222226469,0.017308796296295611,22.399999999999999,0.26736850000000001,-0.01924611111111069,0.004763888888887396,0.26942649999999996,0.032203888888888373,0.027630555555560432,22.399999999999999,0.18762099999999998,-0.10118499999999947,5.344130555555509,0.2632525,0.02562972222222203,-1.8509296296296134,22.399999999999999,0.26754,0.026487222222221812,-0.045680401234563746,0.28091699999999997,-0.019341388888889078,-0.10279413580247075,22.399999999999999,0.26736850000000001,0.0030488888888889859,-0.0060871913580229061,0.2728565,0.00057166666666662389,-0.011909722222222252,,,,,,,,,,,,,,,22.399999999999999,0.28623349999999997,0.11214194444444386,-0.19754259259257603,0.25604949999999999,-0.10051805555555483,0.11576249999998749,22.399999999999999,0.29875299999999999,-0.047829444444443904,-0.27201805555555919,0.24061449999999998,0.03868277777777767,0.31071141975309019,22.399999999999999,0.30509849999999999,0.0078127777777777484,-0.37401820987653922,0.23666999999999999,-0.026677777777777596,0.35665648148147672
,,,,,,,,,,,,,,22.449999999999999,0.2718275,0.010194722222222443,-0.050814814814815923,0.26839750000000001,-0.0035252777777778736,0.081938888888889574,22.449999999999999,0.26599650000000002,-0.018674444444444573,0.037846450617281903,0.27028399999999997,0.02505805555555608,-0.033400154320982763,22.449999999999999,0.19139400000000001,0.19579583333333569,5.4095546296296959,0.2632525,-0.092705277777779746,-0.81637175925926497,22.449999999999999,0.26874049999999999,0.022961944444444621,-0.059336882716045952,0.27988799999999997,-0.022676111111111424,-0.079609876543210209,22.449999999999999,0.26754,0.0020961111111111154,-0.0084162037037041112,0.27319949999999998,-0.00057166666666666824,-0.022549074074074377,,,,,,,,,,,,,,,22.449999999999999,0.29172150000000002,0.10080388888889021,-0.24264074074073408,0.25090450000000003,-0.094991944444445545,0.17261157407406583,22.449999999999999,0.29600900000000002,-0.061073055555555998,-0.24264074074074973,0.24301550000000002,0.05173583333333398,0.27265324074074693,22.449999999999999,0.30509849999999999,-0.012195555555555633,-0.35713287037037428,0.23564099999999999,-0.0083844444444445554,0.38031712962963299
,,,,,,,,,,,,,,22.499999999999996,0.27217050000000004,0.0085750000000001155,-0.046686111111114398,0.26702550000000003,0.0077175000000000967,0.13418287037037049,22.499999999999996,0.2653105,-0.014672777777777826,0.05859583333333427,0.27148450000000002,0.024962777777778316,-0.032659104938274154,22.499999999999996,0.20837249999999999,0.47381638888889405,4.2311802469135822,0.24438750000000001,-0.046495555555555936,0.083315123456808429,22.499999999999996,0.2697695,0.020198888888889155,-0.065794598765433379,0.27868749999999998,-0.02620138888888909,-0.077704320987651107,22.499999999999996,0.26754,0.0018102777777777343,-0.0016938271604942674,0.2728565,-0.0024772222222222244,-0.021066975308642627,,,,,,,,,,,,,,,22.499999999999996,0.296352,0.087941388888889874,-0.28710370370371524,0.24627399999999999,-0.083749166666667804,0.24152916666667634,22.499999999999996,0.29257900000000003,-0.072601666666667466,-0.20352391975308351,0.24575949999999999,0.064884166666667312,0.25338595679011972,22.499999999999996,0.30372650000000001,-0.029250277777778121,-0.31335802469135782,0.23564099999999999,0.012957777777777986,0.37407114197531177
,,,,,,,,,,,,,,22.549999999999997,0.27268500000000001,0.0068599999999997109,-0.063941975308642929,0.26925500000000002,0.017435833333332963,0.054255401234564793,22.549999999999997,0.26462450000000004,-0.011814444444444341,0.060660185185184436,0.2728565,0.022390277777777714,-0.034617592592596495,22.549999999999997,0.23804199999999998,0.69571833333332833,1.3091695987653378,0.25982250000000001,-0.0091466666666672608,-0.31960401234566671,22.549999999999997,0.2707985,0.016673611111111094,-0.074740123456792762,0.27731549999999999,-0.030584166666666426,-0.074422530864192593,22.549999999999997,0.26771149999999999,0.0019055555555554764,0.0056637345679016772,0.2728565,-0.0030488888888890162,-0.01397407407407348,,,,,,,,,,,,,,,22.549999999999997,0.3006395,0.072315833333332871,-0.33267824074074853,0.24250099999999999,-0.070696111111110696,0.30510061728395865,22.549999999999997,0.28863450000000002,-0.081557777777777327,-0.16112530864196481,0.24953249999999999,0.077079722222221814,0.23343055555554529,22.549999999999997,0.30201149999999999,-0.042970277777777462,-0.27688780864196805,0.23718449999999999,0.030203055555555441,0.34575246913579788
,,,,,,,,,,,,,,22.599999999999998,0.27302799999999999,0.0021913888888887797,-0.082097685185182609,0.269598,0.01276722222222175,-0.025407407407405536,22.599999999999998,0.26411000000000001,-0.0085750000000000218,0.057484259259256841,0.27371400000000001,0.021056388888888725,-0.024031172839507089,22.599999999999998,0.28537599999999996,0.72706472222221341,-3.5312061728394544,0.25056149999999999,-0.088989444444443677,-0.65778719135801289,22.599999999999998,0.27148450000000002,0.012386111111110898,-0.076963271604940001,0.27560049999999997,-0.034299999999999532,-0.056372685185184013,22.599999999999998,0.26771149999999999,0.0023819444444444196,0.011009876543211528,0.27251349999999996,-0.0030488888888888289,-0.017679320987652739,,,,,,,,,,,,,,,22.599999999999998,0.30372650000000001,0.0537366666666661,-0.35983240740740458,0.23889949999999999,-0.052021666666666098,0.3428412037037008,22.599999999999998,0.28434700000000002,-0.088513055555554596,-0.12147916666666615,0.25347700000000001,0.088703611111110359,0.20257114197530543,22.599999999999998,0.29943900000000001,-0.056213888888888203,-0.25285663580246737,0.238728,0.046114444444444125,0.33744212962962722
,,,,,,,,,,,,,,22.649999999999999,0.2728565,-0.0020008333333332504,-0.088978858024689397,0.27028399999999997,0.011147499999999833,-0.041816358024686785,22.649999999999999,0.26376700000000003,-0.0057166666666668628,0.047056635802467404,0.27491450000000001,0.020389444444444335,-0.026201388888887549,22.649999999999999,0.33991299999999997,0.23609833333333288,-6.2066061728394191,0.24627399999999999,-0.10128027777777725,-0.55038796296297432,22.649999999999999,0.27199899999999999,0.0086702777777774281,-0.073575617283950137,0.2738855,-0.037348888888888453,-0.016991203703708897,22.649999999999999,0.26788299999999998,0.0038111111111112802,0.0018526234567918468,0.27268500000000001,-0.0049544444444442788,-0.017044135802469253,,,,,,,,,,,,,,,22.649999999999999,0.30595600000000001,0.035633888888888604,-0.37174212962962239,0.23735600000000001,-0.033918888888888728,0.33717746913579605,22.649999999999999,0.27971650000000003,-0.093658055555555009,-0.082044753086432512,0.25845050000000003,0.098707777777776992,0.14461049382717003,22.649999999999999,0.296352,-0.068314166666666135,-0.22877253086420699,0.24164350000000001,0.064121944444444176,0.32267407407407939
,,,,,,,,,,,,,,22.699999999999999,0.2728565,-0.0068599999999998766,-0.089561111111112757,0.2707985,0.0074316666666668684,-0.029324382716046996,22.699999999999999,0.26359549999999998,-0.0038111111111113851,0.036523148148149387,0.27577200000000002,0.019055555555555742,-0.042663271604938748,22.699999999999999,0.30132550000000002,-0.14482222222222571,-4.2569052469136119,0.24215800000000001,-0.14148750000000163,-0.34977530864199541,22.699999999999999,0.27234199999999997,0.0051449999999998233,-0.071352469135801122,0.27165600000000001,-0.036396111111111594,0.028795061728391743,22.699999999999999,0.26822600000000002,0.0029536111111113975,-0.013338888888889832,0.27199899999999999,-0.0062883333333334122,0.0083103395061726124,,,,,,,,,,,,,,,22.699999999999999,0.30732799999999999,0.01667361111111143,-0.38111111111111207,0.23581249999999998,-0.020103611111111433,0.35718580246913773,22.699999999999999,0.27491450000000001,-0.096897500000001191,-0.039116820987665481,0.26359549999999998,0.10356694444444541,0.077916049382726518,22.699999999999999,0.29257900000000003,-0.079556944444445526,-0.19547824074075168,0.24524500000000002,0.079747500000000915,0.28265740740741563
,,,,,,,,,,,,,,22.749999999999996,0.27217050000000004,-0.011528611111111205,-0.07590462962963121,0.2707985,0.0081938888888890855,-0.011327469135803141,22.749999999999996,0.26342399999999999,-0.0026677777777778001,0.036417283950619619,0.27680100000000002,0.017531111111111018,-0.083950308641978541,22.749999999999996,0.30441250000000003,-0.16787944444444614,-2.2697283950617044,0.2316965,-0.16254388888889115,0.39820817901236022,22.749999999999996,0.27251349999999996,0.0016197222222221579,-0.069129320987652246,0.27011249999999998,-0.032680277777778106,0.043351388888893561,22.749999999999996,0.26822600000000002,0.001333888888888945,-0.0097924382716073777,0.2718275,-0.003811111111111046,0.02800108024691474,,,,,,,,,,,,,,,22.749999999999996,0.30767100000000003,-0.0029536111111110271,-0.37999953703704087,0.234955,0.00019055555555560545,0.39683194444444964,22.749999999999996,0.26994100000000004,-0.097945555555556993,0.010162962962971287,0.26891199999999998,0.10566305555555672,0.025248611111103349,22.749999999999996,0.28829149999999998,-0.088322500000001247,-0.15202098765431346,0.24970400000000001,0.093372222222223189,0.22305586419752346
,,,,,,,,,,,,,,22.799999999999997,0.27165600000000001,-0.014958611111111164,-0.051291203703702208,0.27165600000000001,0.0081938888888888582,-0.025566203703705104,22.799999999999997,0.2632525,-0.00028583333333331954,0.038852160493828163,0.27782999999999997,0.010385277777777422,-0.11729753086419582,22.799999999999997,0.29069249999999996,-0.26029888888888764,-1.9676449074073554,0.2220925,-0.10451972222222157,1.1908134259259351,22.799999999999997,0.27251349999999996,-0.0019055555555554469,-0.062406944444440816,0.268569,-0.031632222222221763,0.049015123456793125,22.799999999999997,0.26822600000000002,0.001714999999999931,-0.0012174382716066386,0.27165600000000001,-0.0017149999999999447,0.017679320987654852,,,,,,,,,,,,,,,22.799999999999997,0.30698500000000001,-0.021818611111110952,-0.36893672839505909,0.23564099999999999,0.023247777777777753,0.37285370370369969,22.799999999999997,0.26496749999999997,-0.095658888888888585,0.055525771604952805,0.27422849999999999,0.10566305555555493,-0.01857916666667821,22.799999999999997,0.283661,-0.094896666666666088,-0.10507021604936823,0.25484899999999999,0.1015661111111104,0.16848287037035689
,,,,,,,,,,,,,,22.849999999999998,0.27062700000000001,-0.017149999999999884,-0.018790895061727073,0.2718275,0.004954444444444356,-0.029006790123456722,22.849999999999998,0.26342399999999999,0.0016197222222222431,0.034194135802470375,0.27782999999999997,0.0033347222222223348,-0.1043291666666636,22.849999999999998,0.28091699999999997,-0.36882027777777365,-1.6576216049382391,0.22174950000000002,-0.040778888888888247,1.7769305555555339,22.849999999999998,0.27234199999999997,-0.0054308333333329883,-0.0409165123456771,0.26685400000000004,-0.028773888888888637,0.071670061728392132,22.849999999999998,0.26839750000000001,0.0021913888888887485,-0.0072516975308642775,0.2718275,-0.002381944444444296,0.010586419753086475,,,,,,,,,,,,,,,22.849999999999998,0.30544150000000003,-0.039730833333333056,-0.35670941358024577,0.23769900000000002,0.039444999999999668,0.31224645061728146,22.849999999999998,0.26033699999999999,-0.091943055555554487,0.092048919753088709,0.27954499999999999,0.10385277777777685,-0.062671604938269912,22.849999999999998,0.27868749999999998,-0.098707777777776673,-0.060501388888887363,0.25982250000000001,0.10937888888888769,0.12703703703703689
,,,,,,,,,,,,,,22.899999999999999,0.2697695,-0.016101944444444224,-0.0010057098765445642,0.27199899999999999,0.0040969444444445184,-0.013021296296296919,22.899999999999999,0.26342399999999999,0.0032394444444446562,0.027471759259260251,0.27800150000000001,-0.00085749999999994511,-0.0743166666666666,22.899999999999999,0.25587799999999999,-0.5044005555555513,-0.0094748456790613722,0.21214550000000001,0.11357111111111005,1.4966021604938227,22.899999999999999,0.2718275,-0.0062883333333329941,-0.014450462962964469,0.26565349999999999,-0.024867500000000028,0.10300586419752655,22.899999999999999,0.268569,0.00076222222222218424,-0.010162962962962253,0.27131300000000003,-0.001524444444444355,0.017414660493826103,,,,,,,,,,,,,,,22.899999999999999,0.30304049999999999,-0.057738333333333169,-0.33728333333333921,0.239757,0.052021666666666355,0.28731543209877081,22.899999999999999,0.2557065,-0.086512222222221546,0.12809567901233496,0.28469,0.099851111111110682,-0.11528611111109797,22.899999999999999,0.27371400000000001,-0.10061333333333257,-0.021966820987667682,0.26582499999999998,0.11547666666666596,0.066641512345694473
,,,,,,,,,,,,,,22.949999999999999,0.26908350000000003,-0.016006666666666725,-0.007198765432101688,0.27217050000000004,0.0042874999999998661,-0.0037581790123469073,22.949999999999999,0.26376700000000003,0.0044780555555558122,0.019214351851850747,0.27765849999999997,-0.0032394444444445916,-0.058542901234567707,22.949999999999999,0.21917700000000001,-0.41846000000000555,2.5185621913580212,0.23769900000000002,0.18112305555555833,-0.10184135802469307,22.949999999999999,0.27165600000000001,-0.0059072222222220994,-0.0046050925925956955,0.2642815,-0.018865000000000336,0.14016419753086487,22.949999999999999,0.26839750000000001,0.00047638888888886476,-0.0020114197530861793,0.27165600000000001,-0.00028583333333331954,0.019267283950616412,,,,,,,,,,,,,,,22.949999999999999,0.2996105,-0.07422138888888985,-0.30361851851852734,0.24267250000000001,0.067551944444445275,0.27328842592593477,22.949999999999999,0.25159049999999999,-0.078890000000000751,0.15927268518517865,0.28966350000000002,0.092705277777778983,-0.17446419753085848,22.949999999999999,0.268569,-0.10080388888889014,0.015244444444434681,0.27165600000000001,0.1161436111111127,0.0040757716049475015
,,,,,,,,,,,,,,22.999999999999996,0.26822600000000002,-0.016959444444444749,-0.012280246913580727,0.27251349999999996,0.0038111111111108283,0.0033347222222239845,22.999999999999996,0.26393850000000002,0.0045733333333333537,0.020802314814812439,0.27765849999999997,-0.0052402777777777014,-0.068811728395060209,22.999999999999996,0.206486,-0.17988444444444629,3.7348359567901852,0.24027149999999997,0.063169166666666623,-1.0411214506173141,22.999999999999996,0.27131300000000003,-0.0064788888888890313,-0.0013762345679028448,0.26359549999999998,-0.0097183333333334832,0.15551450617284357,22.999999999999996,0.268569,0.0010480555555555189,-0.0018526234567900087,0.27131300000000003,0.00047638888888886644,0.020220061728394093,,,,,,,,,,,,,,,22.999999999999996,0.29549449999999999,-0.088322500000001192,-0.26301959876542419,0.246617,0.080890833333334355,0.23533611111110511,22.999999999999996,0.24781750000000002,-0.070696111111111862,0.19134953703704358,0.29412250000000001,0.081938888888889908,-0.22543780864198704,22.999999999999996,0.26359549999999998,-0.099565277777778849,0.059654475308651644,0.27748700000000004,0.11490500000000113,-0.044886419753100072
,,,,,,,,,,,,,,23.049999999999997,0.26736850000000001,-0.017626388888888948,-0.0088396604938251761,0.27251349999999996,0.0039063888888890815,0.016303086419755034,23.049999999999997,0.26411000000000001,0.0064788888888888474,0.023978240740737681,0.27731549999999999,-0.010194722222221907,-0.077757253086418829,23.049999999999997,0.20477099999999998,0.020579999999999671,3.6417283950617114,0.23804199999999998,0.031155833333332921,-1.0916716049382649,23.049999999999997,0.27096999999999999,-0.0063836111111111671,0.0047638888888892582,0.26342399999999999,-0.0021913888888887957,0.14852746913580325,23.049999999999997,0.268569,0.00047638888888886644,-0.0050814814814813128,0.27165600000000001,0.0020961111111109771,0.015138580246912678,,,,,,,,,,,,,,,23.049999999999997,0.29069249999999996,-0.10013694444444371,-0.22332052469134137,0.25090450000000003,0.091466666666666044,0.1891263888888757,23.049999999999997,0.24438750000000001,-0.059739166666666378,0.22146790123457349,0.29789550000000004,0.069648055555554964,-0.26630138888889815,23.049999999999997,0.25845050000000003,-0.094991944444443852,0.10565246913581333,0.28314649999999997,0.11242777777777679,-0.10671111111112443
,,,,,,,,,,,,,,23.099999999999998,0.266511,-0.018769722222222129,0.011592129629629957,0.27268500000000001,0.0071458333333335238,0.00021172839506028237,23.099999999999998,0.26462450000000004,0.0077174999999996413,0.015509104938270383,0.27662950000000003,-0.014958611111111006,-0.051979320987655619,23.099999999999998,0.21043049999999999,0.18426722222222028,3.383208024691335,0.2461025,-0.050020833333332737,-0.87586743827159363,23.099999999999998,0.27062700000000001,-0.0056213888888887896,0.004075771604937356,0.26342399999999999,0.0045733333333334526,0.1454574074074054,23.099999999999998,0.268569,0.00066694444444440266,-0.010215895061727726,0.27165600000000001,0.0015244444444443526,0.01683240740740664,,,,,,,,,,,,,,,23.099999999999998,0.28554750000000001,-0.1118561111111097,-0.16123117283950453,0.25587799999999999,0.099279444444443352,0.14921558641975255,23.099999999999998,0.241815,-0.047924722222221772,0.23909429012345496,0.30115399999999998,0.055451666666665955,-0.30652978395061503,23.099999999999998,0.25399149999999998,-0.088036666666665833,0.13529444444444347,0.2889775,0.10490083333333218,-0.17959861111110742
,,,,,,,,,,,,,,23.149999999999999,0.2653105,-0.016673611111111125,0.034670524691356501,0.27354250000000002,0.0052402777777776147,-0.035940895061729504,23.149999999999999,0.26496749999999997,0.0076222222222219402,0.013444753086422614,0.27560049999999997,-0.015625555555555577,-0.020431790123458266,23.149999999999999,0.2231215,0.33652111111110883,3.6425223765432331,0.23049599999999998,-0.074316666666666018,-0.24391111111111843,23.149999999999999,0.27045550000000002,-0.005621388888889029,-0.0015350308641996727,0.26376700000000003,0.012767222222222057,0.13206558641975261,23.149999999999999,0.26874049999999999,-0.00085749999999994338,-0.010321759259258658,0.27165600000000001,0.0034299999999998008,0.022972530864197215,,,,,,,,,,,,,,,23.149999999999999,0.27920200000000001,-0.11757277777777692,-0.075851697530880793,0.26085150000000001,0.10604416666666604,0.11401574074075492,23.149999999999999,0.23958550000000001,-0.035633888888888708,0.25137453703703178,0.30355500000000002,0.038778055555555274,-0.33903009259258665,23.149999999999999,0.24970400000000001,-0.081367222222221688,0.16287206790122391,0.29377949999999997,0.093753333333332814,-0.24004706790121955
,,,,,,,,,,,,,,23.199999999999999,0.26479599999999998,-0.01372000000000014,0.030912345679011868,0.27337099999999998,0.00057166666666648197,-0.021966820987652836,23.199999999999999,0.2653105,0.0086702777777778895,0.017150000000003749,0.275086,-0.016197222222222283,-0.0041287037037042494,23.199999999999999,0.24558799999999997,0.50840222222222742,4.4333808641976082,0.23735600000000001,-0.066408611111111807,0.23263657407406521,23.199999999999999,0.27011249999999998,-0.00628833333333361,0.0013762345679005491,0.26479599999999998,0.018960277777777829,0.099247685185189116,23.199999999999999,0.26839750000000001,-0.00095277777777774632,-0.001799691358024546,0.27199899999999999,0.0051449999999998398,0.0067753086419768309,,,,,,,,,,,,,,,23.199999999999999,0.27354250000000002,-0.11785861111111251,-0.015985493827174072,0.266511,0.11147500000000143,0.0645242283950727,23.199999999999999,0.23821349999999999,-0.022580833333333578,0.25883796296296357,0.30509849999999999,0.020675277777777744,-0.35279243827160617,23.199999999999999,0.24575949999999999,-0.072506388888889731,0.20204182098764975,0.29841000000000001,0.080605000000001079,-0.29202638888888344
,,,,,,,,,,,,,,23.249999999999996,0.26411000000000001,-0.013434166666666804,0.024719290123457374,0.27319949999999998,0.0023819444444446642,0.0061930555555577546,23.249999999999996,0.26582499999999998,0.0098136111111113353,0.013127160493828345,0.2738855,-0.015053888888888978,-0.0073575617283944336,23.249999999999996,0.26839750000000001,0.76298444444445179,4.8061816358024547,0.22432199999999999,-0.057452500000001155,0.71553611111112092,23.249999999999996,0.2697695,-0.0060025000000002585,0.012068518518520685,0.26582499999999998,0.022295000000000485,0.072358179012345744,23.249999999999996,0.268569,9.5277777777789455e-05,-0.013497685185184941,0.27234199999999997,0.0040016666666666239,-0.0081515432098742107,,,,,,,,,,,,,,,23.249999999999996,0.26754,-0.11890666666666827,0.035729166666677255,0.27217050000000004,0.11319000000000139,0.0027524691357901452,23.249999999999996,0.23735600000000001,-0.0098136111111112121,0.26651311728395399,0.30561299999999997,0.0025724999999999182,-0.34691697530864324,23.249999999999996,0.2423295,-0.061073055555556199,0.23888256172840297,0.30201149999999999,0.063836111111111954,-0.32727916666667567
,,,,,,,,,,,,,,23.299999999999997,0.26342399999999999,-0.012576666666666758,0.040969444444445849,0.27371400000000001,0.0028583333333335333,0.0094219135802458952,23.299999999999997,0.26633950000000001,0.010194722222222462,0.0047109567901214315,0.27371400000000001,-0.016292500000000015,-0.021278703703701746,23.299999999999997,0.304927,1.2322274999999894,0.58765216049370173,0.22638,0.037444166666666064,0.52212222222221882,23.299999999999997,0.26942649999999996,-0.004382777777777869,0.011433333333337516,0.26702550000000003,0.025058055555555615,0.063941975308636656,23.299999999999997,0.268569,-0.0018102777777777017,-0.032659104938271073,0.27234199999999997,0.0035252777777779742,-0.0096865740740724373,,,,,,,,,,,,,,,23.299999999999997,0.26136599999999999,-0.11452388888888827,0.087390895061744009,0.27800150000000001,0.11118916666666584,-0.051291203703719791,23.299999999999997,0.23718449999999999,0.0039063888888889271,0.27466466049382487,0.30526999999999999,-0.014101111111110974,-0.33405447530863669,23.299999999999997,0.23958550000000001,-0.04792472222222191,0.26222561728395544,0.30475550000000001,0.047257777777777642,-0.34834614197531416
,,,,,,,,,,,,,,23.349999999999998,0.26273799999999997,-0.009718333333333249,0.065741666666667586,0.27354250000000002,0.0029536111111110861,0.014027006172837536,23.349999999999998,0.26685400000000004,0.010194722222222142,-0.0029641975308670413,0.27234199999999997,-0.018769722222222035,-0.0070929012345671066,23.349999999999998,0.42892150000000001,1.0186147222222097,-7.194160339506058,0.23324,0.035729166666666,-0.41085895061727556,23.349999999999998,0.26942649999999996,-0.0041922222222218093,-0.00068811728394831898,0.26822600000000002,0.029250277777777309,0.047374228395059954,23.349999999999998,0.26839750000000001,-0.0039063888888887658,-0.037052469135803172,0.27268500000000001,0.0031441666666668735,-0.011592129629630471,,,,,,,,,,,,,,,23.349999999999998,0.25604949999999999,-0.10890249999999886,0.11867376543209951,0.28331800000000001,0.10756861111110984,-0.097500925925926685,23.349999999999998,0.23769900000000002,0.018293333333333165,0.26990077160493448,0.30424099999999998,-0.030869999999999616,-0.31621635802468734,23.349999999999998,0.2375275,-0.034299999999999671,0.27339429012345556,0.30681350000000002,0.028964444444444182,-0.36507268518518471
,,,,,,,,,,,,,,23.399999999999999,0.26239499999999999,-0.0054308333333331757,0.081938888888888381,0.2738855,0.0045733333333331872,0.0087867283950618189,23.399999999999999,0.26736850000000001,0.0099088888888885871,-0.010110030864196753,0.27165600000000001,-0.017912222222221975,0.02022006172839157,23.399999999999999,0.43235149999999994,0.27468583333333357,-10.803335493827028,0.23324,-0.026868333333333119,-0.92302993827160051,23.399999999999999,0.26908350000000003,-0.0053355555555552638,-0.00010586419753339485,0.27011249999999998,0.030488888888888687,0.018843827160498348,23.399999999999999,0.26822600000000002,-0.0067647222222222475,-0.017255864197533461,0.27268500000000001,0.0022866666666666625,-0.011539197530865776,,,,,,,,,,,,,,,23.399999999999999,0.25056149999999999,-0.10356694444444366,0.16461882716048018,0.28880600000000001,0.10223305555555461,-0.15572623456788739,23.399999999999999,0.23907100000000001,0.031632222222221826,0.25121574074074243,0.30218299999999998,-0.047067222222221684,-0.2750881172839551,23.399999999999999,0.23615549999999999,-0.020484722222221943,0.28080478395061426,0.30767100000000003,0.01028999999999968,-0.37057762345678763
,,,,,,,,,,,,,,23.449999999999999,0.2622235,-0.001238611111111066,0.089984567901234824,0.274057,0.0050497222222223442,-0.015932561728394811,23.449999999999999,0.26788299999999998,0.008956111111111208,-0.013074228395059354,0.27045550000000002,-0.015339722222222588,0.017732253086417359,23.449999999999999,0.43612450000000003,-0.20522833333333398,-10.886809413580401,0.22998150000000001,-0.091752500000001291,-0.66916759259261027,23.449999999999999,0.26874049999999999,-0.004192222222222354,-5.29320987677738e-05,0.27131300000000003,0.030679444444444842,-0.0031229938271571576,23.449999999999999,0.26754,-0.0061930555555558368,0.013762345679010935,0.2728565,0.0022866666666666157,-0.015297376543210667,,,,,,,,,,,,,,,23.449999999999999,0.24541650000000001,-0.093181666666667773,0.22242067901233861,0.29377949999999997,0.09203833333333418,-0.21384567901233609,23.449999999999999,0.24095749999999999,0.043160833333333641,0.23480679012346387,0.29926750000000002,-0.058310000000000535,-0.2356537037037135,23.449999999999999,0.23546950000000003,-0.0063836111111109962,0.28953858024691437,0.30784249999999996,-0.008479722222222404,-0.36613132716049557
,,,,,,,,,,,,,,23.499999999999996,0.2622235,0.0037158333333333349,0.090725617283951399,0.27457150000000002,0.0023819444444444348,-0.029324382716050697,23.499999999999996,0.26822600000000002,0.008479722222222404,-0.012915432098765285,0.27011249999999998,-0.013529444444444849,-0.029112654320984418,23.499999999999996,0.429093,-0.91857305555556812,-8.0039685185185512,0.22294999999999998,-0.12424222222222388,0.33712453703704653,23.499999999999996,0.26874049999999999,-0.0043827777777778075,-0.015138580246914396,0.27319949999999998,0.030203055555555972,-0.027154166666669945,23.499999999999996,0.26754,-0.0041922222222225388,0.0232901234567921,0.27302799999999999,0.00057166666666663734,-0.015720833333333496,,,,,,,,,,,,,,,23.499999999999996,0.24112899999999998,-0.080033333333334275,0.26127283950618291,0.29806699999999997,0.080033333333334386,-0.25772638888889532,23.499999999999996,0.24335849999999998,0.054784722222222811,0.22289706790123387,0.296352,-0.069171666666667631,-0.22003873456789891,23.499999999999996,0.23546950000000003,0.0085750000000000548,0.2954669753086418,0.30681350000000002,-0.026868333333333484,-0.34808148148148038
,,,,,,,,,,,,,,23.549999999999997,0.26256649999999998,0.0088608333333333317,0.071564197530864168,0.27422849999999999,0.0007622222222221825,-0.01847330246913647,23.549999999999997,0.26874049999999999,0.0079080555555556126,-0.015085648148149215,0.26942649999999996,-0.017816944444444274,-0.066482716049375182,23.549999999999997,0.32550699999999999,-1.2160302777777676,-1.2960953703702567,0.2155755,-0.086512222222221047,1.7254276234567782,23.549999999999997,0.26839750000000001,-0.0061930555555556521,-0.022231481481481172,0.27440000000000003,0.027916388888888782,-0.050338425925931386,23.549999999999997,0.26719699999999996,-0.0032394444444445621,0.018473302469140189,0.2728565,-0.00019055555555553172,-0.002646604938271957,,,,,,,,,,,,,,,23.549999999999997,0.2375275,-0.06755194444444397,0.30531234567901994,0.30184,0.066122777777777628,-0.29679027777778427,23.549999999999997,0.24644549999999998,0.065932222222222003,0.20267700617283135,0.29240749999999999,-0.080414444444444136,-0.20087731481480339,23.549999999999997,0.23632700000000001,0.023628888888888634,0.2915499999999947,0.30509849999999999,-0.043827777777777355,-0.31759259259258571
,,,,,,,,,,,,,,23.599999999999998,0.2632525,0.011338055555555678,0.044039506172839304,0.27457150000000002,0.0004763888888888003,-0.006722376543210372,23.599999999999998,0.26908350000000003,0.0063836111111111498,-0.0074104938271624754,0.26874049999999999,-0.026677777777777068,0.013603549382717997,23.599999999999998,0.275086,-0.92076444444443484,3.1415200617283285,0.20682900000000001,0.076031666666665651,2.2882546296295776,23.599999999999998,0.26805449999999997,-0.0070505555555556076,-0.021808024691356533,0.27594350000000001,0.026010833333332817,-0.084850154320988344,23.599999999999998,0.26719699999999996,-0.0021913888888885086,0.0077280864197557817,0.2728565,0.0014291666666665724,-0.0085750000000002768,,,,,,,,,,,,,,,23.599999999999998,0.23409749999999999,-0.050020833333332709,0.35088688271604629,0.30475550000000001,0.050401944444444048,-0.33336635802469011,23.599999999999998,0.25004700000000002,0.07526944444444375,0.17631682098765253,0.28829149999999998,-0.09070444444444363,-0.15546157407407074,23.599999999999998,0.23787050000000001,0.037920555555555076,0.2811223765432071,0.30235450000000003,-0.058976944444443673,-0.27858163580246947
,,,,,,,,,,,,,,23.649999999999999,0.26376700000000003,0.012386111111111072,0.03207685185185228,0.27422849999999999,0.0010480555555553051,-0.014344598765429787,23.649999999999999,0.26925500000000002,0.0069552777777775283,0.0026466049382706629,0.26599650000000002,-0.02258083333333297,0.19394320987653782,23.649999999999999,0.24284399999999998,-0.70496027777777348,3.9241740740739544,0.21849099999999999,0.28669083333332973,0.32712037037037284,23.649999999999999,0.26771149999999999,-0.0082891666666666131,-0.0217550925925909,0.27731549999999999,0.018674444444444112,-0.10507021604937805,23.649999999999999,0.26702550000000003,-0.0022866666666662909,-0.0045521604938297579,0.27319949999999998,-0.0002858333333333487,-0.026518981481481501,,,,,,,,,,,,,,,23.649999999999999,0.23238250000000002,-0.029917222222222012,0.34855787037036401,0.30698500000000001,0.032394444444444254,-0.36062638888888393,23.649999999999999,0.25399149999999998,0.083653888888888431,0.14476929012346615,0.28314649999999997,-0.097088055555554845,-0.088237808641985147,23.649999999999999,0.24010000000000001,0.052212222222221723,0.25957901234568448,0.29909600000000003,-0.071648888888888582,-0.2381415123456905
,,,,,,,,,,,,,,23.699999999999999,0.26445299999999999,0.013910555555555698,0.032076851851853473,0.27474299999999996,0.00047638888888915917,-0.054467129629627416,23.699999999999999,0.2697695,0.0076222222222220781,-0.004181635802467323,0.2653105,0.0024772222222222587,0.20696450617283932,23.699999999999999,0.20940150000000002,-0.53936750000000677,4.1845470679012235,0.25707849999999999,0.14110638888889102,-2.2181725308642437,23.699999999999999,0.26719699999999996,-0.0090513888888887027,-0.023501851851851736,0.27765849999999997,0.013624722222222337,-0.093266358024687482,23.699999999999999,0.26702550000000003,-0.0032394444444445933,-0.0036523148148185814,0.2728565,-0.0024772222222222552,-0.023184259259260997,,,,,,,,,,,,,,,23.699999999999999,0.23135349999999999,-0.01391055555555573,0.32050385802469278,0.30801400000000001,0.01362472222222235,-0.37078935185185347,23.699999999999999,0.25845050000000003,0.090609166666667781,0.097395061728403176,0.27834449999999999,-0.098517222222223241,-0.035305709876551634,23.699999999999999,0.24318699999999999,0.064407777777778438,0.22713163580247783,0.29515150000000001,-0.082891666666668015,-0.19537237654322001
,,,,,,,,,,,,,,23.749999999999996,0.26513900000000001,0.015720833333333652,0.029324382716047964,0.27440000000000003,-0.0039063888888885645,-0.10094151234568192,23.749999999999996,0.27011249999999998,0.0067647222222223498,-0.016197222222221284,0.26771149999999999,0.0040016666666666456,0.099935802469135235,23.749999999999996,0.18179000000000001,-0.28773888888889199,4.1167410493827887,0.23821349999999999,-0.12776750000000378,-1.5753121913580499,23.749999999999996,0.26685400000000004,-0.01057583333333318,-0.024931018518520625,0.27851599999999999,0.010861666666667056,-0.10279413580246932,23.749999999999996,0.26668249999999999,-0.0037158333333335678,0.016673611111111378,0.2728565,-0.0031441666666669442,-0.0095277777777780914,,,,,,,,,,,,,,,23.749999999999996,0.23101050000000001,0.0013338888888889927,0.3044654320987677,0.30835699999999999,-0.0052402777777776901,-0.36565493827160761,23.749999999999996,0.2632525,0.093562777777778702,0.046527314814806958,0.27337099999999998,-0.10004166666666764,0.0073575617284044161,23.749999999999996,0.246617,0.074888333333334139,0.19336095679011919,0.29069249999999996,-0.091466666666667931,-0.14805108024690439
,,,,,,,,,,,,,,23.799999999999997,0.26599650000000002,0.017721666666666584,0.010427623456786267,0.27440000000000003,-0.0094325000000001508,-0.13037175925926026,23.799999999999997,0.27045550000000002,0.0055261111111111942,-0.02191388888889011,0.265482,0.0077175000000000681,0.050708950617281777,23.799999999999997,0.182476,-0.072506388888888926,3.1635927469135847,0.218834,0.0026677777777761903,-0.88026080246910932,23.799999999999997,0.26616800000000002,-0.012386111111111214,-0.011592129629631237,0.27903050000000001,0.0037158333333335209,-0.11518024691358218,23.799999999999997,0.266511,-0.0015244444444444474,0.035464506172841109,0.27251349999999996,-0.003144166666666851,0.0005822530864225562,,,,,,,,,,,,,,,23.799999999999997,0.23152500000000001,0.01572083333333325,0.30557700617283506,0.30749950000000004,-0.024009999999999729,-0.33765385802468906,23.799999999999997,0.26788299999999998,0.094420277777777284,0.0092631172839404453,0.26822600000000002,-0.098803055555554742,0.064206635802479775,23.799999999999997,0.25073299999999998,0.083653888888888306,0.16017253086418828,0.28589049999999999,-0.097373888888888316,-0.10649938271603444
,,,,,,,,,,,,,,23.849999999999998,0.26702550000000003,0.017435833333332949,-0.018685030864197278,0.274057,-0.022961944444444497,-0.049862037037036434,23.849999999999998,0.27062700000000001,0.0046686111111109421,-0.028583333333334321,0.26822600000000002,0.012290833333333121,-0.038058179012346156,23.849999999999998,0.18196150000000003,0.016387777777777484,2.4048640432098676,0.25604949999999999,-0.12900611111111002,-1.2782043209876071,23.849999999999998,0.265482,-0.011909722222222375,0.005346141975309214,0.27885900000000002,-0.0027630555555556483,-0.09406033950617472,23.849999999999998,0.266511,0.0010480555555555766,0.031229938271606774,0.27251349999999996,-0.0024772222222221008,-0.00037052469135433885,,,,,,,,,,,,,,,23.849999999999998,0.23255400000000001,0.030869999999999616,0.32542654320987291,0.30578450000000001,-0.03934972222222196,-0.30054845679012426,23.849999999999998,0.27268500000000001,0.094610833333332658,-0.028742129629630169,0.2632525,-0.093086388888887969,0.11301003086419498,23.849999999999998,0.25502049999999998,0.091180833333332587,0.1234376543209893,0.28091699999999997,-0.1019472222222212,-0.067647222222219847
,,,,,,,,,,,,,,23.899999999999999,0.26788299999999998,0.014672777777777641,-0.02604259259258801,0.27114149999999998,-0.020008333333333357,0.12264367283950516,23.899999999999999,0.27096999999999999,0.0029536111111109664,-0.038693364197529841,0.26771149999999999,0.0014291666666664843,-0.059178086419750892,23.899999999999999,0.18213299999999999,0.12357527777777703,2.4147094135802543,0.20837249999999999,-0.26649194444444108,0.60607253086419188,23.899999999999999,0.26496749999999997,-0.011052222222222172,0.010110030864199076,0.27851599999999999,-0.0055261111111112871,-0.074634259259259775,23.899999999999999,0.26668249999999999,0.0023819444444446993,0.011962654320988734,0.27234199999999997,-0.0031441666666662343,-0.0022231481481478892,,,,,,,,,,,,,,,23.899999999999999,0.2344405,0.048972777777777358,0.33029629629630025,0.30355500000000002,-0.053831944444444453,-0.26736003086420412,23.899999999999999,0.27748700000000004,0.091847777777777265,-0.070876080246905407,0.258965,-0.086893333333332781,0.1513328703703575,23.899999999999999,0.259994,0.09584944444444421,0.089084722222234056,0.27560049999999997,-0.10423388888888803,-0.025407407407419921
,,,,,,,,,,,,,,23.949999999999999,0.26839750000000001,0.013434166666667066,-0.0089455246913556288,0.27114149999999998,-0.00066694444444443735,0.12613719135802742,23.949999999999999,0.27096999999999999,0.00038111111111109212,-0.040863580246912418,0.26805449999999997,-0.0027630555555556192,0.071299537037040589,23.949999999999999,0.1925945,0.26353833333333648,2.299899691358068,0.20888699999999999,-0.063836111111111413,2.2744393518518744,23.949999999999999,0.26445299999999999,-0.011147499999999836,0.0182615740740741,0.27834449999999999,-0.0085750000000001918,-0.079768672839505575,23.949999999999999,0.26685400000000004,0.0018102777777780734,-0.00052932098765714997,0.27217050000000004,-0.0032394444444443157,0.0061401234567869502,,,,,,,,,,,,,,,23.949999999999999,0.2375275,0.065646388888889518,0.30007206790124358,0.30029649999999997,-0.066027500000001071,-0.23761219135803058,23.949999999999999,0.28194600000000003,0.087179166666667307,-0.10840493827160004,0.25450600000000001,-0.078985277777778848,0.20098317901234,23.949999999999999,0.26462450000000004,0.099565277777779168,0.06240694444445067,0.27045550000000002,-0.10499611111111229,0.028371604938261626
,,,,,,,,,,,,,,23.999999999999996,0.26908350000000003,0.014577500000000345,-0.0050285493827196106,0.27251349999999996,-0.0038111111111111501,0.050761882716051872,23.999999999999996,0.27096999999999999,-0.0015244444444443854,-0.036099691358023316,0.26633950000000001,0.010861666666667042,0.15874336419753263,23.999999999999996,0.20957300000000001,0.37082111111111526,1.7815885802468945,0.2070005,0.070981944444445652,2.0152837962963086,23.999999999999996,0.26376700000000003,-0.0097183333333333774,0.03297669753086379,0.27782999999999997,-0.014196388888888913,-0.072040586419750363,23.999999999999996,0.26685400000000004,0.0012386111111110491,0.0060342592592542363,0.27199899999999999,-0.0028583333333335012,0.020961111111109518,,,,,,,,,,,,,,,23.999999999999996,0.24112899999999998,0.079652222222223013,0.25222145061728063,0.29686649999999998,-0.076603333333334231,-0.22453796296295458,23.999999999999996,0.28623349999999997,0.081176666666667327,-0.14916265432099485,0.25073299999999998,-0.065455833333334212,0.22665524691359004,23.999999999999996,0.26994100000000004,0.10280472222222321,0.022443209876530229,0.26496749999999997,-0.10232833333333451,0.098294907407418655
,,,,,,,,,,,,,,24.049999999999997,0.26994100000000004,0.014291666666666413,-0.025354475308646502,0.27028399999999997,-0.00066694444444401115,0.04044012345679001,24.049999999999997,0.2707985,-0.003144166666666481,-0.032764969135801465,0.26925500000000002,0.023533611111110863,0.064788888888884955,24.049999999999997,0.22723750000000001,0.50440055555555097,0.12544907407402453,0.21849099999999999,0.17169055555555413,0.89402314814812545,24.049999999999997,0.26342399999999999,-0.0072411111111111252,0.036258487654320638,0.27680100000000002,-0.01743583333333296,-0.034935185185182856,24.049999999999997,0.26685400000000004,0.0026677777777772767,0.010110030864195138,0.2718275,-0.0011433333333333553,0.033453086419752386,,,,,,,,,,,,,,,24.049999999999997,0.24558799999999997,0.091085555555555087,0.19754259259258236,0.29275049999999997,-0.088608333333332664,-0.20617052469134375,24.049999999999997,0.29017799999999999,0.072601666666666162,-0.19516064814815384,0.24816049999999998,-0.054594166666666243,0.22522608024692117,24.049999999999997,0.275086,0.1023283333333324,-0.028742129629643443,0.259994,-0.094896666666665797,0.16154876543211016
,,,,,,,,,,,,,,24.099999999999998,0.27062700000000001,0.011909722222221758,-0.04573333333333255,0.27217050000000004,0.0049544444444445746,-0.041604629629632239,24.099999999999998,0.27062700000000001,-0.0042874999999997993,-0.03779351851851933,0.2697695,0.017435833333332998,-0.043192592592591679,24.099999999999998,0.274057,0.3780622222222178,-1.4674895061728106,0.2289525,0.1573036111111093,-0.31002330246912735,24.099999999999998,0.26308100000000001,-0.0055261111111110225,0.030859413580245337,0.27594350000000001,-0.017816944444444194,0.0057166666666655245,24.099999999999998,0.26719699999999996,0.0029536111111106472,0.0030700617283985834,0.2718275,0.0013338888888887676,0.028212808641974816,,,,,,,,,,,,,,,24.099999999999998,0.25039,0.099088888888888102,0.14778641975308546,0.2879485,-0.098993611111109894,-0.15440293209876421,24.099999999999998,0.29360799999999998,0.061358888888888331,-0.23549490740740397,0.24541650000000001,-0.045447499999999454,0.26386651234567698,24.099999999999998,0.28023100000000001,0.099946388888887627,-0.082785802469133904,0.25536350000000002,-0.084606666666665734,0.19463132716049122
,,,,,,,,,,,,,,24.149999999999999,0.27114149999999998,0.0089561111111110241,-0.053143827160490237,0.2718275,-0.0064788888888889853,-0.083473919753088419,24.149999999999999,0.27045550000000002,-0.006859999999999848,-0.043563117283954282,0.2707985,0.013338888888888734,-0.053302623456787206,24.149999999999999,0.26188049999999996,0.2920263888888871,-1.9648924382715494,0.23564099999999999,0.10737805555555491,-0.83606249999997961,24.149999999999999,0.26290950000000002,-0.0042875000000001905,0.030488888888887237,0.27491450000000001,-0.015816111111110875,0.027418827160490183,24.149999999999999,0.26719699999999996,0.0024772222222223619,0.0033347222222265258,0.27199899999999999,0.0029536111111109534,0.0011115740740759879,,,,,,,,,,,,,,,24.149999999999999,0.25553500000000001,0.10556777777777719,0.10305879629630781,0.28263199999999999,-0.10480555555555486,-0.087020370370384126,24.149999999999999,0.296352,0.048782222222222033,-0.26900092592591823,0.24318699999999999,-0.028964444444444289,0.31356975308641422,24.149999999999999,0.28520449999999997,0.094420277777777117,-0.14339305555554116,0.25159049999999999,-0.074793055555555016,0.2128399691357912
,,,,,,,,,,,,,,24.199999999999999,0.27148450000000002,0.0064788888888890313,-0.05589629629629559,0.27096999999999999,-0.0086702777777780057,-0.035199845679013943,24.199999999999999,0.26994100000000004,-0.0094325000000004284,-0.035358641975311633,0.27096999999999999,0.010575833333333442,-0.025566203703702106,24.199999999999999,0.30184,0.19874944444444731,-2.6418939814814792,0.23958550000000001,0.052212222222222819,-0.88057839506173174,24.199999999999999,0.26273799999999997,-0.0040969444444446772,0.057960648148149635,0.27440000000000003,-0.014101111111111245,0.02831867283950212,24.199999999999999,0.26736850000000001,0.0031441666666669117,0.0058225308641976252,0.27234199999999997,0.00076222222222230762,-0.013444753086417212,,,,,,,,,,,,,,,24.199999999999999,0.26102300000000001,0.109855277777779,0.0514500000000098,0.27731549999999999,-0.10709222222222342,-0.028530401234578059,24.199999999999999,0.2985815,0.034109444444444859,-0.29319089506172746,0.24250099999999999,-0.011623888888888928,0.32013333333333438,24.199999999999999,0.28983500000000001,0.085273611111112091,-0.19754259259258547,0.24781750000000002,-0.063550277777778427,0.23427746913579672
,,,,,,,,,,,,,,24.249999999999996,0.2718275,0.0034299999999999847,-0.058013580246914276,0.2707985,-0.0086702777777780127,-0.0023819444444433536,24.249999999999996,0.26942649999999996,-0.010480555555555963,-0.02471929012345318,0.27165600000000001,0.012100277777777857,-0.012650771604938646,24.249999999999996,0.28451850000000001,0.049639722222223619,-3.3485904320988045,0.23992850000000002,0.013243611111111069,-0.72898086419753783,24.249999999999996,0.2622235,0.0009527777777777603,0.093107561728398236,0.27354250000000002,-0.013148333333333762,0.029641975308641332,24.249999999999996,0.26754,0.0033347222222222116,0.0046580246913560585,0.27199899999999999,-0.00019055555555519367,0.0035464506172838343,,,,,,,,,,,,,,,24.249999999999996,0.26668249999999999,0.11071277777777914,-5.2932098776804628e-05,0.2718275,-0.10671111111111231,0.013021296296306701,24.249999999999996,0.29978199999999999,0.018865000000000347,-0.30441250000000358,0.24215800000000001,0.0038111111111110633,0.30690030864197665,24.249999999999996,0.29377949999999997,0.07431666666666753,-0.24338179012346531,0.24524500000000002,-0.051926388888889653,0.26577206790123992
,,,,,,,,,,,,,,24.299999999999997,0.2718275,0.00038111111111112302,-0.05462592592592503,0.27011249999999998,-0.0074316666666667626,0.0067223765432120573,24.299999999999997,0.26891199999999998,-0.01162388888888858,-0.01932021604937835,0.27234199999999997,0.010956944444444353,-0.029959567901234191,24.299999999999997,0.31333050000000001,-0.18788777777777654,-2.9480003086419342,0.24027149999999997,-0.012767222222222235,-0.66773842592591726,24.299999999999997,0.26273799999999997,0.0077175000000000238,0.084003240740741683,0.27302799999999999,-0.011147500000000284,0.031706327160496893,24.299999999999997,0.26771149999999999,0.0035252777777776347,0.0039699074074068183,0.27217050000000004,0.0014291666666668582,0.016091358024686083,,,,,,,,,,,,,,,24.299999999999997,0.27217050000000004,0.10937888888888808,-0.044039506172854966,0.26668249999999999,-0.1060441666666659,0.055155246913593754,24.299999999999997,0.30046800000000001,0.0034300000000002016,-0.30959984567901189,0.24284399999999998,0.019341388888888648,0.28308086419752776,24.299999999999997,0.29738100000000001,0.060787222222221882,-0.28308086419753725,0.24250099999999999,-0.037634722222222132,0.30647685185185497
,,,,,,,,,,,,,,24.349999999999998,0.2718275,-0.0020008333333332387,-0.051026543209875624,0.27011249999999998,-0.00714583333333332,-0.0078868827160465654,24.349999999999998,0.26822600000000002,-0.012195555555555295,-0.018049845679012144,0.2728565,0.0080986111111111675,-0.03292376543209715,24.349999999999998,0.26342399999999999,-0.3716786111111065,-0.31870416666667489,0.23992850000000002,-0.055928055555554752,-0.55483425925925167,24.349999999999998,0.2632525,0.010194722222222414,0.058013580246913242,0.27251349999999996,-0.010480555555555457,0.04292793209876871,24.349999999999998,0.26788299999999998,0.0037158333333332252,0.0018526234567919197,0.27217050000000004,0.0026677777777773266,0.0069870370370323986,,,,,,,,,,,,,,,24.349999999999998,0.27765849999999997,0.10652055555555416,-0.090513888888886909,0.26102300000000001,-0.10166138888888769,0.10448796296296088,24.349999999999998,0.30012500000000003,-0.012100277777777583,-0.31266990740740697,0.24421599999999999,0.032299166666666393,0.25513271604938148,24.349999999999998,0.29995349999999998,0.045161666666666177,-0.30621219135802241,0.2413005,-0.019913055555555476,0.31907469135802313
,,,,,,,,,,,,,,24.399999999999999,0.27165600000000001,-0.0047638888888887317,-0.045997993827161403,0.26942649999999996,-0.0084797222222219096,-0.013021296296295365,24.399999999999999,0.26771149999999999,-0.01305305555555536,-0.021172839506175378,0.27302799999999999,0.0069552777777778978,-0.023184259259258256,24.399999999999999,0.25536350000000002,-0.17855055555555521,1.6159111111110624,0.2337545,-0.080128611111110401,-0.25910262345679852,24.399999999999999,0.26376700000000003,0.012290833333333298,0.050603086419752703,0.2718275,-0.0070505555555553023,0.057060802469136307,24.399999999999999,0.26805449999999997,0.0041922222222223722,-0.0078339506172816729,0.27251349999999996,0.0025724999999994736,-0.011592129629628618,,,,,,,,,,,,,,,24.399999999999999,0.28297499999999998,0.10042277777777725,-0.13804691358023083,0.25639250000000002,-0.09442027777777727,0.13788811728393638,24.399999999999999,0.29926750000000002,-0.027821111111111036,-0.31319922839506503,0.2461025,0.044494722222221922,0.23131327160494308,24.399999999999999,0.30184,0.030012499999999821,-0.32473842592592045,0.24061449999999998,-0.0040969444444444551,0.29980740740740752
,,,,,,,,,,,,,,24.449999999999999,0.27131300000000003,-0.0067647222222223498,-0.03789938271605113,0.26925500000000002,-0.0086702777777776154,-0.0032817901234594125,24.449999999999999,0.26702550000000003,-0.015339722222222298,-0.0059813271604978241,0.27354250000000002,0.0062883333333335458,-0.02011419753086513,24.449999999999999,0.25296249999999998,-0.090609166666667351,1.3900498456790185,0.23015300000000002,-0.074983611111111972,-0.074157870370378048,24.449999999999999,0.26445299999999999,0.014577500000000111,0.055049382716050733,0.2718275,-0.0039063888888887571,0.055419907407406842,24.449999999999999,0.26839750000000001,0.0030488888888891698,-0.01804984567901308,0.27251349999999996,0.00076222222222206096,-0.017838117283947671,,,,,,,,,,,,,,,24.449999999999999,0.28777700000000001,0.092324166666667873,-0.18049845679011556,0.25176199999999999,-0.088989444444445578,0.1902379629629567,24.449999999999999,0.29738100000000001,-0.044018333333333874,-0.29964861111111835,0.24867499999999998,0.055832777777778404,0.19812484567902042,24.449999999999999,0.30304049999999999,0.013053055555555684,-0.34644058641975412,0.24095749999999999,0.010385277777778068,0.27397654320988102
,,,,,,,,,,,,,,24.499999999999996,0.27096999999999999,-0.0084797222222223433,-0.031071141975308091,0.26891199999999998,-0.013434166666666782,0.079504012345678707,24.499999999999996,0.26599650000000002,-0.014482222222222603,0.023554783950616682,0.27371400000000001,0.0047638888888889,-0.01614429012345862,24.499999999999996,0.24918950000000001,-0.038206388888889116,0.85993487654321898,0.2268945,-0.07555527777777872,-0.081250771604932631,24.499999999999996,0.26513900000000001,0.018293333333333588,0.05129120370370225,0.27148450000000002,-0.001429166666666611,0.04996790123456657,24.499999999999996,0.26839750000000001,0.001333888888888945,-0.010268827160496248,0.27251349999999996,0.00019055555555551437,-0.012968364197528379,,,,,,,,,,,,,,,24.499999999999996,0.292236,0.082701111111112197,-0.22845493827161475,0.2471315,-0.07679388888888973,0.26391944444445448,24.499999999999996,0.29480850000000003,-0.0587863888888897,-0.26582499999999692,0.25176199999999999,0.065170000000000963,0.1497978395061681,24.499999999999996,0.30321199999999998,-0.0051449999999999161,-0.35649768518518726,0.241815,0.022009166666667121,0.26979490740740647
,,,,,,,,,,,,,,24.549999999999997,0.27045550000000002,-0.0099088888888886791,-0.023925308641975937,0.26685400000000004,-0.00038111111111106127,0.14275787037036805,24.549999999999997,0.265482,-0.011719166666666924,0.032235648148151087,0.2738855,0.0052402777777777682,-0.023131327160495197,24.549999999999997,0.24970400000000001,-0.020389444444444235,0.46193842592592588,0.22380749999999999,-0.093276944444443788,0.058384104938281972,24.549999999999997,0.26633950000000001,0.020865833333333157,0.026360185185181684,0.27165600000000001,0.0012386111111110357,0.039646141975306422,24.549999999999997,0.26839750000000001,0.0018102777777777035,0.00095277777777591065,0.27251349999999996,-0.00019055555555551437,-0.012227314814812562,,,,,,,,,,,,,,,24.549999999999997,0.29618050000000001,0.070029166666666309,-0.28255154320988501,0.24387300000000001,-0.060310833333332974,0.29837824074074709,24.549999999999997,0.29137849999999998,-0.07098194444444407,-0.22263240740739634,0.25536350000000002,0.070886666666666265,0.10152376543208715,24.549999999999997,0.30252600000000002,-0.023438333333333075,-0.34892839506172435,0.24301550000000002,0.036110277777777637,0.28297499999999048
,,,,,,,,,,,,,,24.599999999999998,0.26994100000000004,-0.010671111111111313,-0.019637808641977384,0.26891199999999998,0.010956944444444288,0.03091234567901166,24.599999999999998,0.26496749999999997,-0.010956944444444318,0.032606172839509534,0.27440000000000003,0.0030488888888887296,-0.042028086419753308,24.599999999999998,0.24696000000000001,-0.0027630555555555191,0.32473842592592156,0.21540399999999998,-0.075364722222221361,0.28593919753086011,24.599999999999998,0.26736850000000001,0.020770555555555282,0.0020643518518507721,0.27165600000000001,0.0028583333333331517,0.024137037037035788,24.599999999999998,0.268569,0.0024772222222220631,-0.0056108024691360987,0.27251349999999996,-0.00066694444444431007,-0.017149999999997657,,,,,,,,,,,,,,,24.599999999999998,0.29943900000000001,0.053450833333332781,-0.31663981481481324,0.2413005,-0.046304999999999541,0.31833364197530606,24.599999999999998,0.28760550000000001,-0.08060499999999908,-0.18531527777777626,0.258965,0.07412611111111013,0.075851697530862752,24.599999999999998,0.300811,-0.040588333333332907,-0.32754382716049202,0.24524500000000002,0.052498055555554757,0.25555617283950127
,,,,,,,,,,,,,,24.649999999999999,0.26942649999999996,-0.011909722222222453,-0.013285956790123662,0.26908350000000003,0.0030488888888889911,-0.084479629629629668,24.649999999999999,0.2642815,-0.0086702777777774593,0.033506018518518678,0.27422849999999999,0.00019055555555537538,-0.053037962962960809,24.649999999999999,0.24918950000000001,0.016864166666666482,0.14693950617283849,0.21609,-0.051831111111110793,0.30504768518517522,24.649999999999999,0.26839750000000001,0.020484722222221832,-0.012597839506169979,0.27199899999999999,0.0034299999999998008,0.012439043209876911,24.649999999999999,0.26874049999999999,0.001524444444444355,-0.017732253086418681,0.27251349999999996,-0.0023819444444440193,-0.014291666666667029,,,,,,,,,,,,,,,24.649999999999999,0.30149700000000001,0.036872499999999676,-0.32246234567900584,0.23907100000000001,-0.029059722222222108,0.34268240740740236,24.649999999999999,0.28331800000000001,-0.089561111111110647,-0.14699243827161587,0.26273799999999997,0.077556111111110507,0.067964814814825789,24.649999999999999,0.29841000000000001,-0.056309166666666265,-0.30049552469136459,0.24850349999999999,0.064407777777777023,0.18129243827161337
,,,,,,,,,,,,,,24.699999999999999,0.26874049999999999,-0.012671944444444619,0.0043404320987663449,0.26925500000000002,-0.0061930555555558923,-0.046844907407409618,24.699999999999999,0.26411000000000001,-0.0067647222222220861,0.022602006172837252,0.27422849999999999,-0.00095277777777758586,-0.082785802469134889,24.699999999999999,0.25004700000000002,0.011528611111111225,-0.0082574074074081346,0.21145949999999999,-0.046209722222222756,0.32669691358024483,24.699999999999999,0.26942649999999996,0.019722500000000198,-0.028742129629626707,0.27199899999999999,0.0037158333333332117,0.0077810185185201268,24.699999999999999,0.26874049999999999,0.00019055555555554525,-0.02249614197530786,0.27217050000000004,-0.0022866666666665697,-0.0067223765432129967,,,,,,,,,,,,,,,24.699999999999999,0.30304049999999999,0.021437500000000251,-0.32839074074074009,0.23838499999999999,-0.01152861111111122,0.35464506172839777,24.699999999999999,0.27851599999999999,-0.095563611111112223,-0.10342932098766372,0.26668249999999999,0.081462500000001006,0.050550154320996799,24.699999999999999,0.29515150000000001,-0.070981944444445347,-0.26513688271605884,0.25210499999999997,0.068790555555556271,0.13513564814815979
,,,,,,,,,,,,,,24.749999999999996,0.26805449999999997,-0.011528611111111234,0.021490432098767689,0.26788299999999998,-0.0056213888888890506,0.073681481481483749,24.749999999999996,0.26376700000000003,-0.0072411111111112328,0.027948148148146529,0.27440000000000003,-0.0067647222222221789,-0.1152861111111126,24.749999999999996,0.25004700000000002,0.0094324999999998993,-0.05526111111111242,0.21025900000000003,-0.021342222222222578,0.36242608024691852,24.749999999999996,0.27045550000000002,0.017435833333333581,-0.041287037037039148,0.27234199999999997,0.0043827777777777311,0.0016938271604960062,24.749999999999996,0.26874049999999999,-0.0010480555555555189,-0.021966820987653814,0.27234199999999997,-0.0029536111111112735,-0.0003175925925934331,,,,,,,,,,,,,,,24.749999999999996,0.30372650000000001,0.0045733333333335558,-0.34067098765432396,0.23787050000000001,0.0069552777777779282,0.35252777777777994,24.749999999999996,0.27371400000000001,-0.10004166666666776,-0.055684567901226605,0.27096999999999999,0.083463333333334347,0.015085648148140236,24.749999999999996,0.29120699999999999,-0.083177500000001028,-0.22236774691357411,0.25519199999999997,0.075364722222223443,0.13137746913579898
,,,,,,,,,,,,,,24.799999999999997,0.26754,-0.0095277777777777548,0.021119907407409627,0.26822600000000002,0.004573333333333326,0.14498101851851741,24.799999999999997,0.2632525,-0.005335555555555635,0.055896296296295854,0.274057,-0.018674444444444317,-0.039222685185183875,24.799999999999997,0.25073299999999998,0.0081938888888887125,-0.12015586419752912,0.20974449999999997,-0.0046686111111113515,0.31282870370370408,24.799999999999997,0.27114149999999998,0.015339722222222007,-0.049809104938273584,0.27251349999999996,0.003811111111111294,-0.0035464506172827493,24.799999999999997,0.268569,-0.0014291666666666248,-0.02731296296296247,0.2718275,-0.0026677777777777086,0.010745216049383381,,,,,,,,,,,,,,,24.799999999999997,0.30355500000000002,-0.013243611111110921,-0.34141203703703527,0.23907100000000001,0.02524861111111083,0.31939228395061253,24.799999999999997,0.26839750000000001,-0.10156611111111059,0.00015879629630819283,0.275086,0.083749166666666097,-0.03641728395062848,24.799999999999997,0.286748,-0.093276944444443885,-0.17721666666665301,0.25947950000000003,0.083939722222221971,0.097606790123443518
,,,,,,,,,,,,,,24.849999999999998,0.26719699999999996,-0.0089561111111109877,0.011433333333335552,0.268569,0.012481388888888665,0.14381651234567783,24.849999999999998,0.26308100000000001,-0.00076222222222226881,0.068599999999999883,0.27165600000000001,-0.016006666666666388,0.12042052469135438,24.849999999999998,0.251419,-0.0012386111111109767,-0.18150416666666336,0.21008749999999998,0.0082891666666665993,0.29086188271604924,24.849999999999998,0.27199899999999999,0.012862499999999786,-0.064524228395059988,0.27268500000000001,0.0038111111111112758,-0.0082574074074087695,24.849999999999998,0.26874049999999999,-0.0038111111111109922,-0.028530401234568254,0.27199899999999999,-0.0011433333333332955,0.0083632716049386307,,,,,,,,,,,,,,,24.849999999999998,0.30235450000000003,-0.03029833333333308,-0.32738503086419718,0.24061449999999998,0.039254444444444071,0.2778935185185169,24.849999999999998,0.26342399999999999,-0.099946388888888016,0.052826234567901337,0.27954499999999999,0.079842777777776819,-0.088820061728393795,24.849999999999998,0.28177449999999998,-0.10080388888888774,-0.13153626543209754,0.26393850000000002,0.086416944444443491,0.043139660493823472
,,,,,,,,,,,,,,24.899999999999999,0.26668249999999999,-0.0091466666666662807,0.012915432098765301,0.269598,0.018388611111110901,0.12973657407407704,24.899999999999999,0.2632525,0.0027630555555554826,0.058542901234569546,0.27148450000000002,0.0036205555555554342,0.10914598765431678,24.899999999999999,0.25107600000000002,-0.017912222222222093,-0.10094151234568038,0.21043049999999999,0.022771388888888754,0.28593919753086677,24.899999999999999,0.27251349999999996,0.0087655555555555733,-0.076169290123453637,0.2728565,0.003906388888888777,-0.029589043209877635,24.899999999999999,0.26822600000000002,-0.0064788888888888839,0.0060871913580224672,0.2718275,-0.0015244444444443533,0.00074104938271632155,,,,,,,,,,,,,,,24.899999999999999,0.30046800000000001,-0.046114444444444382,-0.30769429012346178,0.24301550000000002,0.052307499999999653,0.24999830246914137,24.899999999999999,0.25827899999999998,-0.095658888888888308,0.094748456790112304,0.28314649999999997,0.073840277777777338,-0.12174382716048233,24.899999999999999,0.27662950000000003,-0.10671111111111041,-0.0801391975308786,0.26822600000000002,0.086607499999999157,0.012915432098775742
,,,,,,,,,,,,,,24.949999999999999,0.26616800000000002,-0.0076222222222220607,0.015297376543207085,0.27011249999999998,0.027344722222222607,0.073152160493831983,24.949999999999999,0.26342399999999999,0.0050497222222224518,0.046633179012347842,0.27354250000000002,-0.00095277777777800316,0.015985493827158626,24.949999999999999,0.24850349999999999,-0.015053888888889234,0.049967901234567604,0.21231699999999998,0.037634722222222715,0.25661481481482212,24.949999999999999,0.2728565,0.0048591666666669047,-0.079768672839506283,0.27319949999999998,0.001619722222222175,-0.060766049382716236,24.949999999999999,0.26771149999999999,-0.0027630555555558356,0.032182716049382963,0.2718275,-0.0016197222222221579,0.0030171296296294101,,,,,,,,,,,,,,,24.949999999999999,0.29772399999999999,-0.061168333333334164,-0.2840336419753155,0.24593099999999998,0.063645555555556232,0.23374814814815723,24.949999999999999,0.25381999999999999,-0.089846944444445367,0.12751342592591919,0.28691949999999999,0.067456666666667595,-0.14768055555555074,24.949999999999999,0.27096999999999999,-0.10947416666666809,-0.017732253086430064,0.27251349999999996,0.087179166666667543,-0.0077810185185086603
,,,,,,,,,,,,,,24.999999999999996,0.26599650000000002,-0.0072411111111112467,0.014397530864195568,0.27268500000000001,0.029440833333333874,-0.044039506172843419,24.999999999999996,0.26376700000000003,0.0069552777777780192,0.042610339506172157,0.27114149999999998,-0.0022866666666668824,0.030330092592593349,24.999999999999996,0.249361,-0.0067647222222223654,0.09649521604938556,0.214032,0.053450833333334107,0.12820154320987351,24.999999999999996,0.27302799999999999,0.00047638888888895729,-0.076592746913581908,0.27319949999999998,-0.0037158333333332902,-0.062459876543209523,24.999999999999996,0.26805449999999997,-0.00057166666666674381,0.012280246913582434,0.27165600000000001,-0.0015244444444443854,0.012227314814814504,,,,,,,,,,,,,,,24.999999999999996,0.294294,-0.074793055555556417,-0.25407407407406796,0.249361,0.07507888888888993,0.22448503086419336,24.999999999999996,0.249361,-0.084225555555556483,0.18208641975309545,0.2900065,0.058786388888889506,-0.1663655864197604,24.999999999999996,0.265482,-0.10794972222222347,0.035464506172851185,0.27697250000000001,0.086988611111112224,-0.045892129629637839
,,,,,,,,,,,,,,25.049999999999997,0.265482,-0.0071458333333334007,0.029747839506172491,0.27371400000000001,0.019531944444444237,-0.10051805555555954,25.049999999999997,0.26411000000000001,0.008956111111111149,0.045997993827157801,0.27268500000000001,0.0050497222222220537,-0.0058754629629623962,25.049999999999997,0.24816049999999998,-0.0030488888888888731,0.088714197530864514,0.2183195,0.05487999999999954,-0.066429783950622281,25.049999999999997,0.2728565,-0.0030488888888888007,-0.068388271604939002,0.27268500000000001,-0.0065741666666665781,-0.02842453703703561,25.049999999999997,0.26788299999999998,-0.0020961111111110083,-0.001640895061726674,0.27165600000000001,-0.00076222222222217079,0.027260030864196483,,,,,,,,,,,,,,,25.049999999999997,0.29017799999999999,-0.086798055555554934,-0.21760385802467894,0.25330550000000002,0.087941388888888472,0.17996913580245547,25.049999999999997,0.2450735,-0.072411111111110607,0.24872793209877331,0.29275049999999997,0.050687777777777505,-0.18277453703704213,25.049999999999997,0.26016549999999999,-0.10537722222222153,0.079080555555570003,0.2814315,0.082605833333332643,-0.086120524691368924
,,,,,,,,,,,,,,25.099999999999998,0.26513900000000001,-0.0045733333333334457,0.048062345679012831,0.27422849999999999,0.01562555555555525,-0.086279320987653688,25.099999999999998,0.26462450000000004,0.011719166666666525,0.046209722222220605,0.27234199999999997,9.5277777777695645e-05,-0.079345216049381689,25.099999999999998,0.2488465,0.0032394444444444181,0.054678858024691267,0.22037749999999998,0.041350555555555231,-0.1456162037036989,25.099999999999998,0.27268500000000001,-0.0059072222222222885,-0.066800308641975573,0.27234199999999997,-0.0058119444444442066,-0.0043933641975309424,25.099999999999998,0.26771149999999999,-0.0018102777777776605,0.0015667901234571768,0.27148450000000002,0.0016197222222221507,0.032500308641974486,,,,,,,,,,,,,,,25.099999999999998,0.28554750000000001,-0.096897499999998971,-0.17208225308641908,0.25845050000000003,0.09499194444444338,0.10184135802468826,25.099999999999998,0.24198649999999999,-0.057547777777777094,0.28371604938271339,0.29515150000000001,0.040874166666666316,-0.20627638888888714,25.099999999999998,0.25484899999999999,-0.10032749999999879,0.12724876543209837,0.28520449999999997,0.077937222222221283,-0.12020879629629422
,,,,,,,,,,,,,,25.149999999999999,0.26496749999999997,-0.001048055555555533,0.042716203703705567,0.27525749999999999,0.01181444444444431,-0.077174999999996538,25.149999999999999,0.2653105,0.013910555555555398,0.03816404320987786,0.27268500000000001,-0.0048591666666667364,-0.10353518518518627,25.149999999999999,0.24901799999999999,0.00095277777777771043,0.046209722222223248,0.22243550000000001,0.02810694444444457,0.0011115740740793797,25.149999999999999,0.27234199999999997,-0.0098136111111110907,-0.063571450617284309,0.27217050000000004,-0.0057166666666664924,-0.0020643518518544926,25.149999999999999,0.26771149999999999,-0.0017149999999999004,0.0035358641975305242,0.2718275,0.0037158333333332295,0.015165046296297724,,,,,,,,,,,,,,,25.149999999999999,0.2804025,-0.10461499999999939,-0.11459799382717384,0.26308100000000001,0.096611666666665763,0.048485802469147972,25.149999999999999,0.23941400000000002,-0.043446666666666356,0.30383024691357224,0.29686649999999998,0.030203055555555428,-0.23268950617283479,25.149999999999999,0.25004700000000002,-0.0929911111111104,0.18108070987652947,0.28932049999999998,0.070981944444444042,-0.16064891975307494
,,,,,,,,,,,,,,25.199999999999999,0.26513900000000001,0.00066694444444470602,0.018896759259259942,0.27542899999999998,0.0083844444444446335,-0.072516975308640041,25.199999999999999,0.26599650000000002,0.016101944444444669,0.018790895061729554,0.27234199999999997,-0.016673611111111583,-0.0082574074074093628,25.199999999999999,0.24867499999999998,0.0037158333333333141,0.095224845679017067,0.22174950000000002,0.040683611111111559,0.17144706790124054,25.199999999999999,0.27165600000000001,-0.012862500000000136,-0.050867746913581376,0.2718275,-0.0063836111111112885,0.0052402777777752207,25.199999999999999,0.26754,-0.001429166666666611,0.0048379938271602731,0.27199899999999999,0.0032394444444446857,-0.0045256944444442377,,,,,,,,,,,,,,,25.199999999999999,0.27491450000000001,-0.1085213888888903,-0.053937808641984213,0.26805449999999997,0.098136111111112145,0.025725000000011562,25.199999999999999,0.2375275,-0.027249444444444871,0.31939228395061714,0.29823850000000002,0.017816944444444722,-0.26069058641975451,25.199999999999999,0.24541650000000001,-0.082415277777778753,0.23644768518517859,0.29240749999999999,0.061644722222223031,-0.19653688271604416
,,,,,,,,,,,,,,25.249999999999996,0.26513900000000001,0.00028583333333341202,0.004075771604936938,0.276115,0.0046686111111113576,-0.071405401234568663,25.249999999999996,0.26702550000000003,0.016197222222222255,-0.0070929012345697139,0.27011249999999998,-0.011433333333333627,0.17562870370370839,25.249999999999996,0.24867499999999998,0.015911388888889412,0.052191049382717618,0.22655149999999999,0.054784722222222942,0.15980200617283724,25.249999999999996,0.27096999999999999,-0.014482222222222493,-0.043668981481478825,0.27148450000000002,-0.0060025000000002299,0.02535447530864254,25.249999999999996,0.26754,-0.00080033333333329388,-0.0021913888888886218,0.27217050000000004,0.0022866666666668469,-0.007002916666671838,,,,,,,,,,,,,,,25.249999999999996,0.26942649999999996,-0.10937888888889002,-0.0043404320987522711,0.2728565,0.099755833333334598,-0.0034935185185266996,25.249999999999996,0.23666999999999999,-0.012062166666666839,0.32013333333333793,0.29875299999999999,0.0034299999999999847,-0.27143580246913884,25.249999999999996,0.24164350000000001,-0.06850472222222305,0.2750351851851936,0.29549449999999999,0.05145000000000071,-0.23221311728395636
,,,,,,,,,,,,,,25.299999999999997,0.26513900000000001,0.00019055555555557606,0.0070929012345667007,0.27594350000000001,0.00028583333333345636,-0.054520061728396067,25.299999999999997,0.26771149999999999,0.014482222222222065,-0.016356018518519009,0.27011249999999998,0.011719166666666442,0.16393070987654437,25.299999999999997,0.25107600000000002,0.015244444444444472,-0.087761419753087544,0.22758050000000002,0.061739999999999767,0.024772222222213345,25.299999999999997,0.27028399999999997,-0.017054722222221905,-0.037687654320983345,0.27114149999999998,-0.0040016666666667635,0.04684490740740932,25.299999999999997,0.26754,-0.0015244444444443579,-0.011348641975307666,0.27217050000000004,0.0020484722222218351,-0.00023819444445314706,,,,,,,,,,,,,,,25.299999999999997,0.26393850000000002,-0.10871194444444338,0.039963734567915098,0.278173,0.09861249999999934,-0.04843287037038272,25.299999999999997,0.2364985,0.0050497222222222063,0.31441666666666551,0.2985815,-0.010766388888888777,-0.2533859567901206,25.299999999999997,0.2385565,-0.053831944444444148,0.29414367283951159,0.29772399999999999,0.037920555555555541,-0.25502685185185531
,,,,,,,,,,,,,,25.349999999999998,0.26513900000000001,0.00057166666666663571,0.02006126543209771,0.27594350000000001,-0.00066694444444440266,-0.039222685185186283,25.349999999999998,0.26839750000000001,0.01391055555555556,-0.013762345679012212,0.27251349999999996,0.014482222222222127,-0.020325925925920488,25.349999999999998,0.25124750000000001,-0.0022866666666666222,-0.086332253086420452,0.23289700000000002,0.062216388888888204,-0.20929351851851799,25.349999999999998,0.26925500000000002,-0.019150833333332843,-0.017202932098766572,0.27096999999999999,1.782789772290331e-16,0.045415740740741534,25.349999999999998,0.26736850000000001,-0.0024772222222220631,-0.016281913580245468,0.27234199999999997,0.0026677777777768703,0.006828240740730524,,,,,,,,,,,,,,,25.349999999999998,0.25845050000000003,-0.10556777777777658,0.087708487654318157,0.28280349999999999,0.095087222222221268,-0.099618209876542199,25.349999999999998,0.23718449999999999,0.020579999999999862,0.30806481481481301,0.2975525,-0.022676111111110803,-0.21892716049382602,25.349999999999998,0.23632700000000001,-0.039635555555555216,0.3198686728395041,0.29926750000000002,0.024676944444444428,-0.25359768518518533
,,,,,,,,,,,,,,25.399999999999999,0.26513900000000001,0.0021913888888887957,0.032447376543209776,0.27594350000000001,-0.0025724999999999806,-0.040387191358026188,25.399999999999999,0.26908350000000003,0.013529444444444304,-0.017838117283950093,0.27234199999999997,0.0026677777777782906,-0.097395061728391588,25.399999999999999,0.24918950000000001,0.0031441666666665088,-0.012968364197531954,0.23512650000000002,0.037158333333333037,-0.36385524691357435,25.399999999999999,0.26822600000000002,-0.018769722222222118,0.0031229938271552468,0.27131300000000003,0.001238611111111128,0.031547530864197565,,,,,,,,,,,,,,,,,,,,,,25.399999999999999,0.25330550000000002,-0.10013694444444381,0.13905262345677491,0.28777700000000001,0.088989444444443969,-0.15662608024690222,25.399999999999999,0.2385565,0.035919722222222152,0.29906635802469345,0.29618050000000001,-0.031822777777777596,-0.19627222222222651,25.399999999999999,0.2344405,-0.022580833333333241,0.35496265432098428,0.30012500000000003,0.01238611111111098,-0.24788101851851882
,,,,,,,,,,,,,,25.449999999999999,0.2653105,0.0045733333333332783,0.029853703703705603,0.27577200000000002,-0.0054308333333335295,-0.031505185185186586,25.449999999999999,0.2697695,0.01276722222222227,-0.033135493827160044,0.27217050000000004,-0.0010480555555551865,-0.06547700617284373,25.449999999999999,0.25176199999999999,0.0084797222222225081,-0.1181973765432147,0.23632700000000001,0.016387777777777772,-0.32992577160494102,25.449999999999999,0.26736850000000001,-0.017912222222222569,0.0083632716049351925,0.27114149999999998,0.001715000000000068,0.040810648148149303,,,,,,,,,,,,,,,,,,,,,,25.449999999999999,0.24833200000000002,-0.092133611111112276,0.19738379629628888,0.29189300000000001,0.078890000000000821,-0.20336512345678515,25.449999999999999,0.24078600000000003,0.050878333333333838,0.28138703703704249,0.29446549999999999,-0.042017500000000534,-0.17912222222222893,25.449999999999999,0.233926,-0.0028583333333332844,0.36602546296296717,0.30046800000000001,0.00066694444444415091,-0.25280370370370592
,,,,,,,,,,,,,,25.499999999999996,0.26565349999999999,0.0059072222222223934,0.013709413580247805,0.27525749999999999,-0.0061930555555557423,-0.01741466049382576,25.499999999999996,0.27045550000000002,0.010194722222222275,-0.048697530864198653,0.27217050000000004,-0.0029536111111112735,-0.032553240740745025,25.499999999999996,0.25227650000000001,-0.020484722222222751,-0.0763280864197554,0.2364985,0.00038111111111086845,-0.20558827160493975,25.499999999999996,0.266511,-0.018102777777778134,0.015879629629631513,0.27131300000000003,0.0050497222222224492,0.053620216049382524,,,,,,,,,,,,,,,,,,,,,,25.499999999999996,0.24387300000000001,-0.079556944444445429,0.23962361111112093,0.29566599999999998,0.068028333333334037,-0.23824737654321682,25.499999999999996,0.24370149999999999,0.064503055555556132,0.25322716049382349,0.29189300000000001,-0.050401944444445172,-0.15276203703703459,25.499999999999996,0.23426900000000001,0.015149166666667014,0.35379814814814942,0.30029649999999997,-0.012671944444444604,-0.25899675925925819
,,,,,,,,,,,,,,25.549999999999997,0.26599650000000002,0.0055261111111112246,0.0038640432098750745,0.275086,-0.0057166666666666,-0.026942438271602965,25.549999999999997,0.2707985,0.0072411111111109405,-0.052296913580245762,0.2718275,-0.0029536111111113351,-0.026148456790124754,25.549999999999997,0.2461025,0.0028583333333331144,-0.090408024691356823,0.23581249999999998,-0.0036205555555555821,-0.079345216049380954,25.549999999999997,0.265482,-0.01686416666666667,0.032500308641978809,0.27165600000000001,0.0081938888888889033,0.046262654320984503,,,,,,,,,,,,,,,,,,,,,,25.549999999999997,0.24044300000000002,-0.067456666666666276,0.26661898148148894,0.29875299999999999,0.055356388888888719,-0.27402947530864669,25.549999999999997,0.247303,0.07650805555555508,0.21575123456789103,0.28932049999999998,-0.056880833333333207,-0.13323009259258387,25.549999999999997,0.23546950000000003,0.032489722222222038,0.33643641975307897,0.29926750000000002,-0.026868333333332984,-0.23644768518518045
,,,,,,,,,,,,,,25.599999999999998,0.26616800000000002,0.0056213888888887583,0.0053461419753073128,0.27491450000000001,-0.0089561111111110189,-0.037052469135801742,25.599999999999998,0.27114149999999998,0.004859166666666798,-0.052455709876540794,0.2718275,-0.0032394444444445746,-0.061718827160493726,25.599999999999998,0.25399149999999998,-0.00028583333333335553,-0.52969151234566758,0.235984,-0.0036205555555555193,-0.024878086419752268,25.599999999999998,0.26479599999999998,-0.014863333333333084,0.049173919753087221,0.27217050000000004,0.010575833333333132,0.021596296296294077,,,,,,,,,,,,,,,,,,,,,,25.599999999999998,0.237013,-0.052974444444443936,0.29234398148147894,0.30132550000000002,0.040397777777777456,-0.30192469135802297,25.599999999999998,0.251419,0.086512222222221283,0.16742422839506046,0.28623349999999997,-0.063359722222221623,-0.11888549382715728,25.599999999999998,0.2375275,0.049068055555554983,0.31134660493826766,0.29738100000000001,-0.03696777777777744,-0.20283580246913521
,,,,,,,,,,,,,,25.649999999999999,0.266511,0.0063836111111110752,0.0023290123456785957,0.274057,-0.010289999999999926,-0.032288580246914216,25.649999999999999,0.27131300000000003,0.0020008333333335899,-0.051450000000000586,0.2718275,-0.0092419444444446046,-0.080139197530865208,25.649999999999999,0.25090450000000003,-0.078794722222221281,-0.44875833333333343,0.23564099999999999,-0.0054308333333333465,0.010057098765432707,25.649999999999999,0.26393850000000002,-0.011719166666666538,0.061030709876541495,0.2728565,0.010194722222221876,-0.0013762345678996681,,,,,,,,,,,,,,,,,,,,,,25.649999999999999,0.23512650000000002,-0.037825277777777604,0.30991743827159801,0.302869,0.023819444444444306,-0.30478302469135443,25.649999999999999,0.25604949999999999,0.093943888888888272,0.10655231481482645,0.28297499999999998,-0.069266944444443868,-0.097130401234575017,25.649999999999999,0.24044300000000002,0.064121944444443912,0.27604089506173407,0.29549449999999999,-0.045638055555555251,-0.1935197530864253
,,,,,,,,,,,,,,25.699999999999999,0.26685400000000004,0.0062883333333332084,-0.0065635802469137944,0.2738855,-0.011623888888888961,-0.032553240740741722,25.699999999999999,0.27131300000000003,-0.00028583333333331954,-0.050444290123460585,0.27114149999999998,-0.017245277777778296,0.010692283950616688,25.699999999999999,0.24147199999999999,-0.079556944444445651,0.23358935185185092,0.23529799999999998,-0.004192222222222204,0.062036419753088524,25.699999999999999,0.26359549999999998,-0.0080033333333334299,0.059654475308642284,0.27319949999999998,0.0093372222222223005,-0.0041287037037011165,,,,,,,,,,,,,,,,,,,,,,25.699999999999999,0.23324,-0.022390277777778245,0.33209598765432241,0.30355500000000002,0.0096230555555556364,-0.29874876543210133,25.699999999999999,0.26102300000000001,0.096992777777778871,0.048697530864207382,0.27920200000000001,-0.073268611111111923,-0.071246604938278446,25.699999999999999,0.2440445,0.076793888888889522,0.23549490740741699,0.29292200000000002,-0.055642222222222863,-0.1942608024691439
,,,,,,,,,,,,,,25.749999999999996,0.26719699999999996,0.0053355555555554615,-0.0085220679012338232,0.27302799999999999,-0.014672777777777793,-0.01201558641975267,25.749999999999996,0.27131300000000003,-0.0030488888888891698,-0.050391358024693661,0.26942649999999996,-0.012671944444444708,0.16742422839506724,25.749999999999996,0.24044300000000002,-0.032870833333333516,0.576536419753098,0.234955,0.0016197222222224972,0.095860030864198476,25.749999999999996,0.2632525,-0.006002499999999889,0.061348302469136917,0.27371400000000001,0.0097183333333334693,-0.0039169753086421401,,,,,,,,,,,,,,,,,,,,,,25.749999999999996,0.23272549999999997,-0.0040969444444444577,0.3421530864197575,0.303898,-0.0055261111111113157,-0.29816651234568081,25.749999999999996,0.26582499999999998,0.097850277777778924,0.0070929012345599474,0.27560049999999997,-0.075936388888889664,-0.050973611111103379,25.749999999999996,0.24816049999999998,0.08794138888888979,0.18827947530863795,0.2900065,-0.066599166666667611,-0.16842993827160016
,,,,,,,,,,,,,,25.799999999999997,0.26736850000000001,0.0046686111111111884,0.0019055555555556657,0.27217050000000004,-0.013434166666666532,0.018473302469134922,25.799999999999997,0.27096999999999999,-0.0052402777777779972,-0.052561574074072782,0.26891199999999998,0.0080033333333333224,0.16975324074074075,25.799999999999997,0.24010000000000001,-0.0076222222222222247,0.62708657407406954,0.23546950000000003,0.0079080555555555536,0.082627006172836706,25.799999999999997,0.26290950000000002,-0.0025724999999998744,0.073046296296294541,0.27422849999999999,0.0091466666666666641,-0.0074634259259278466,,,,,,,,,,,,,,,,,,,,,,25.799999999999997,0.23289700000000002,0.012957777777777698,0.33199012345678641,0.30304049999999999,-0.020961111111110962,-0.28429830246913063,25.799999999999997,0.2707985,0.097945555555555119,-0.037740586419765548,0.27165600000000001,-0.07888999999999928,-0.021172839506162208,25.799999999999997,0.25296249999999998,0.096135277777777264,0.13195972222221167,0.28606199999999998,-0.073744999999999519,-0.1203675925925811
,,,,,,,,,,,,,,25.849999999999998,0.26754,0.0060024999999998404,0.0048697530864202825,0.27165600000000001,-0.01143333333333349,0.026254320987653373,25.849999999999998,0.2707985,-0.0078127777777778542,-0.061083641975306115,0.27114149999999998,0.01343416666666652,0.0074104938271621909,25.849999999999998,0.238728,0.032013333333332845,0.53355555555554934,0.235984,0.010004166666666503,0.058701697530862983,25.849999999999998,0.26290950000000002,0.0021913888888887797,0.069235185185183054,0.27457150000000002,0.0093372222222220681,-0.01804984567901401,,,,,,,,,,,,,,,,,,,,,,25.849999999999998,0.23409749999999999,0.028964444444443974,0.3217742283950597,0.30166850000000001,-0.034204722222221789,-0.26497808641975068,25.849999999999998,0.27577200000000002,0.094706111111110158,-0.092313580246914509,0.26754,-0.078508888888887893,0.017943981481480784,25.849999999999998,0.257936,0.10080388888888804,0.080562654320987415,0.2824605,-0.077556111111110201,-0.089508179012344022
,,,,,,,,,,,,,,25.899999999999999,0.26805449999999997,0.0060025000000000764,-0.0060871913580226797,0.27114149999999998,-0.010861666666666643,0.032341512345678954,25.899999999999999,0.27028399999999997,-0.011814444444444341,-0.058013580246912777,0.27114149999999998,0.0028583333333334674,-0.065053549382713863,25.899999999999999,0.24370149999999999,0.057643055555555017,0.20050679012346281,0.23632700000000001,0.013719999999999899,0.032023919753087826,25.899999999999999,0.2632525,0.0049544444444442788,0.053831944444444869,0.27525749999999999,0.0078127777777774708,-0.037105401234567077,,,,,,,,,,,,,,,,,,,,,,25.899999999999999,0.23581249999999998,0.044399444444444165,0.31891589506173451,0.2996105,-0.04697194444444406,-0.24904552469136387,25.899999999999999,0.2804025,0.08841777777777711,-0.14148749999998897,0.26376700000000003,-0.076793888888888273,0.054096604938260462,25.899999999999999,0.26308100000000001,0.10385277777777724,0.034405864197542518,0.27834449999999999,-0.081462499999999299,-0.078551234567911854
,,,,,,,,,,,,,,25.949999999999999,0.26822600000000002,0.0046686111111113428,-0.0069870370370372428,0.27045550000000002,-0.0084797222222223433,0.039963734567902122,25.949999999999999,0.269598,-0.015149166666666722,-0.027101234567902487,0.2707985,0.0010480555555555896,-0.030065432098765107,25.949999999999999,0.24593099999999998,0.054403611111111951,-0.1516504629629605,0.2375275,0.014101111111111295,-0.0095807098765423697,25.949999999999999,0.26342399999999999,0.0071458333333334423,0.043510185185186338,0.27542899999999998,0.004763888888888808,-0.041816358024689464,,,,,,,,,,,,,,,,,,,,,,25.949999999999999,0.23838499999999999,0.061835277777778662,0.29657854938272515,0.29703800000000002,-0.060025000000000765,-0.21585709876544104,25.949999999999999,0.28469,0.080033333333334108,-0.180551388888882,0.25982250000000001,-0.073649722222223032,0.099935802469128907,25.949999999999999,0.26839750000000001,0.10471027777777898,-0.018949691358017166,0.27440000000000003,-0.086226388888889824,-0.053831944444455139
,,,,,,,,,,,,,,25.999999999999996,0.26839750000000001,0.0050497222222222358,-0.0040757716049395236,0.27028399999999997,-0.0060977777777777064,0.035993827160494603,25.999999999999996,0.268569,-0.014768055555555798,0.0082044753086441356,0.27114149999999998,0.0012386111111111892,-0.0013762345678997496,25.999999999999996,0.25021850000000001,0.031632222222222596,-0.30282453703704515,0.23787050000000001,0.011719166666666782,-0.032976697530866149,25.999999999999996,0.26393850000000002,0.0094325000000000589,0.032182716049381173,0.27560049999999997,0.0037158333333334737,-0.046103858024691247,,,,,,,,,,,,,,,,,,,,,,25.999999999999996,0.24215800000000001,0.076031666666667636,0.23951774691357439,0.29343649999999999,-0.069743333333334268,-0.163242592592588,25.999999999999996,0.28846299999999997,0.070029166666667572,-0.21209891975309325,0.25622100000000003,-0.066694444444445167,0.14217561728395692,25.999999999999996,0.27371400000000001,0.10204250000000099,-0.073734413580257702,0.269598,-0.088417777777778941,-0.0021172839506104599
,,,,,,,,,,,,,,26.049999999999997,0.26874049999999999,0.0052402777777777994,-0.014926851851852906,0.26994100000000004,-0.0050497222222221439,0.03678780864197307,26.049999999999997,0.26805449999999997,-0.012862499999999813,0.016991203703707106,0.27096999999999999,0.0020008333333336203,0.0096865740740740003,26.049999999999997,0.24901799999999999,0.0087655555555556566,-0.20691157407407901,0.2385565,0.010956944444444278,-0.05224398148148221,26.049999999999997,0.26445299999999999,0.01028999999999968,0.023978240740740217,0.27594350000000001,0.00038111111111109212,-0.053090895061729308,,,,,,,,,,,,,,,,,,,,,,26.049999999999997,0.24627399999999999,0.084892499999999413,0.19484305555554324,0.28983500000000001,-0.075078888888888515,-0.13111280864196487,26.049999999999997,0.29172150000000002,0.058976944444444186,-0.24454629629630273,0.25313400000000003,-0.058881666666666388,0.1725057098765487,26.049999999999997,0.27868749999999998,0.096992777777777095,-0.12280246913581346,0.2653105,-0.08594055555555509,0.044039506172850129
,,,,,,,,,,,,,,26.099999999999998,0.26908350000000003,0.0029536111111110245,-0.015244444444445318,0.2697695,-0.0035252777777781334,0.053990740740739285,26.099999999999998,0.26736850000000001,-0.012290833333332883,0.010057098765431571,0.27131300000000003,0.0027630555555557476,0.0070399691357994889,26.099999999999998,0.24850349999999999,0.023247777777777496,-0.30218935185185475,0.2392425,0.0058119444444443835,-0.049703240740739348,26.099999999999998,0.26496749999999997,0.011147499999999899,0.02662484567901496,0.27560049999999997,-0.0023819444444446044,-0.047427160493827114,,,,,,,,,,,,,,,,,,,,,,26.099999999999998,0.25056149999999999,0.094324999999999062,0.16753009259259136,0.28606199999999998,-0.081938888888888159,-0.11449212962962808,26.099999999999998,0.29446549999999999,0.045638055555555057,-0.27609382716049174,0.25021850000000001,-0.048782222222221804,0.19060848765431901,26.099999999999998,0.28348950000000001,0.089751666666665786,-0.17022962962962832,0.26102300000000001,-0.082891666666665934,0.074157870370370499
,,,,,,,,,,,,,,26.149999999999999,0.26891199999999998,0.0026677777777776601,0.0012703703703700652,0.26942649999999996,0.0004763888888887739,0.066959104938273187,26.149999999999999,0.26685400000000004,-0.012195555555555404,0.0079398148148102088,0.27131300000000003,0.0026677777777776453,0.0066694444444408271,26.149999999999999,0.25347700000000001,0.00085749999999984103,-0.70860200617284042,0.23907100000000001,0.0026677777777778093,0.011009876543210229,26.149999999999999,0.265482,0.013243611111111261,0.023501851851854702,0.27560049999999997,-0.0036205555555555769,-0.05213811728395007,,,,,,,,,,,,,,,,,,,,,,26.149999999999999,0.2557065,0.10280472222222163,0.12052638888890081,0.28160299999999999,-0.087655555555554987,-0.079451080246924322,26.149999999999999,0.296352,0.030774722222222092,-0.29488472222221634,0.24833200000000002,-0.039540277777777667,0.20463549382715462,26.149999999999999,0.28777700000000001,0.079842777777777138,-0.21321049382714929,0.25707849999999999,-0.079652222222221777,0.12042052469134921
,,,,,,,,,,,,,,26.199999999999999,0.26925500000000002,0.0040016666666665467,0.0024348765432106513,0.2697695,0.0053355555555556489,0.042504475308643867,26.199999999999999,0.26616800000000002,-0.012386111111111457,0.021543364197528069,0.27165600000000001,0.0017149999999996502,0.032341512345678239,26.199999999999999,0.25227650000000001,-0.078699444444445779,-0.55165833333334813,0.23907100000000001,0.007145833333333333,0.066165123456791056,26.199999999999999,0.26633950000000001,0.014386944444444829,0.00545200617283943,0.27542899999999998,-0.0077175000000001279,-0.053037962962962891,,,,,,,,,,,,,,,,,,,,,,26.199999999999999,0.26102300000000001,0.10756861111111231,0.052561574074083926,0.277144,-0.090323333333334532,-0.035411574074082623,26.199999999999999,0.2975525,0.015530277777778106,-0.2999662037037058,0.24627399999999999,-0.029821944444444932,0.24290540123456883,26.199999999999999,0.29154999999999998,0.068028333333334037,-0.24719290123456197,0.25279099999999999,-0.071648888888889622,0.17700493827160177
,,,,,,,,,,,,,,26.249999999999996,0.26942649999999996,0.0035252777777777279,-0.0081515432098751821,0.27028399999999997,0.0046686111111111277,0.015614969135803028,26.249999999999996,0.265482,-0.010194722222222461,0.038905092592593719,0.27114149999999998,0.0062883333333331156,0.048062345679014302,26.249999999999996,0.24147199999999999,-0.087369722222223514,0.19897175925927166,0.239757,0.012957777777777785,0.052879166666666762,26.249999999999996,0.26702550000000003,0.01362472222222235,-0.0095807098765467082,0.27474299999999996,-0.010290000000000033,-0.031865123456787874,,,,,,,,,,,,,,,,,,,,,,26.249999999999996,0.26668249999999999,0.10756861111111232,-0.0082574074074172714,0.27251349999999996,-0.091180833333334474,0.0092101851851957399,26.249999999999996,0.29789550000000004,0.00038111111111109212,-0.29493765432099245,0.2450735,-0.015244444444444524,0.27953441358025205,26.249999999999996,0.29463699999999998,0.05468944444444529,-0.27127700617284606,0.24970400000000001,-0.059643888888889419,0.19722500000000762
,,,,,,,,,,,,,,26.299999999999997,0.269598,0.0030488888888890162,-0.018579166666666098,0.27011249999999998,0.0055261111111112246,0.010427623456790011,26.299999999999997,0.26513900000000001,-0.00762222222222234,0.041710493827161819,0.27234199999999997,0.0098136111111109103,0.0065635802469159905,26.299999999999997,0.24044300000000002,-0.037920555555555395,0.6598515432098816,0.24061449999999998,0.013529444444444282,0.020855246913580826,26.299999999999997,0.26771149999999999,0.012576666666666523,-0.0098453703703729918,0.27422849999999999,-0.010099444444444147,-0.022019753086418486,,,,,,,,,,,,,,,,,,,,,,26.299999999999997,0.2718275,0.10575833333333269,-0.05049722222223501,0.26788299999999998,-0.088989444444443747,0.045680401234581162,26.299999999999997,0.2975525,-0.014005833333333479,-0.28583333333333066,0.24473050000000002,9.5277777777836225e-05,0.28159876543209683,26.299999999999997,0.29703800000000002,0.040683611111110934,-0.28906219135802957,0.2471315,-0.051735833333332953,0.21458672839506684
,,,,,,,,,,,,,,26.349999999999998,0.2697695,0.0016197222222222123,-0.027736419753086758,0.2707985,0.0065741666666666839,-0.0050285493827161619,26.349999999999998,0.26479599999999998,-0.0060977777777778295,0.043563117283951847,0.27251349999999996,0.0064788888888889723,-0.02842453703703432,26.349999999999998,0.23958550000000001,-0.0066694444444443217,0.85437700617283652,0.24112899999999998,0.014291666666666661,0.012439043209880181,26.349999999999998,0.26822600000000002,0.012386111111110898,-0.0053461419753090796,0.2738855,-0.011909722222222035,-0.020749382716051003,,,,,,,,,,,,,,,,,,,,,,26.349999999999998,0.27731549999999999,0.10232833333333237,-0.088026080246913274,0.26359549999999998,-0.085940555555554368,0.0706114197530852,26.349999999999998,0.2965235,-0.028488055555555381,-0.27032422839505771,0.24524500000000002,0.013053055555555283,0.27551157407407184,26.349999999999998,0.29875299999999999,0.025629722222221891,-0.30229521604938075,0.24438750000000001,-0.040874166666666177,0.27424120370370081
,,,,,,,,,,,,,,26.399999999999999,0.2697695,0,-0.030383024691358358,0.27096999999999999,0.0045733333333333234,-0.010268827160492532,26.399999999999999,0.26445299999999999,-0.003429999999999924,0.046050925925926633,0.2728565,0.0049544444444445841,-0.027207098765431748,26.399999999999999,0.23941400000000002,0.036967777777777815,1.0972294753086442,0.24250099999999999,0.0086702777777781081,0.10761095679012572,26.399999999999999,0.26891199999999998,0.012767222222222027,-0.012703703703701727,0.27302799999999999,-0.0134341666666667,0.0001058641975284503,,,,,,,,,,,,,,,,,,,,,,26.399999999999999,0.28211750000000002,0.097183333333332678,-0.13010709876541965,0.25930800000000004,-0.082510555555555032,0.10507021604936921,26.399999999999999,0.29463699999999998,-0.041636388888888577,-0.24369938271605096,0.24593099999999998,0.027344722222222034,0.26921265432099134,26.399999999999999,0.2996105,0.010194722222222185,-0.30869999999999659,0.24267250000000001,-0.023438333333333186,0.31870416666666113
,,,,,,,,,,,,,,26.449999999999999,0.2697695,-0.0016197222222222505,-0.028477469135803568,0.27114149999999998,0.0043827777777780226,0.0033876543209881613,26.449999999999999,0.26445299999999999,-0.00085749999999995682,0.03789938271605027,0.27302799999999999,0.0030488888888889065,-0.0087867283950624746,26.449999999999999,0.24078600000000003,0.11528611111111242,1.0348754629629882,0.24078600000000003,0.023628888888889293,0.22220895061728707,26.449999999999999,0.269598,0.011528611111111205,-0.027577623456788505,0.27234199999999997,-0.011528611111111283,0.015403240740740459,,,,,,,,,,,,,,,,,,,,,,26.449999999999999,0.28709099999999999,0.090228055555556505,-0.18859706790122668,0.25519199999999997,-0.076031666666667747,0.14969197530863601,26.449999999999999,0.292236,-0.05240277777777811,-0.22115030864198149,0.24798900000000001,0.041160000000000634,0.24062932098766085,26.449999999999999,0.29978199999999999,-0.0054308333333332667,-0.30848827160494213,0.24215800000000001,-0.0069552777777779273,0.32357391975308863
,,,,,,,,,,,,,,26.499999999999996,0.269598,-0.003048888888889077,-0.022178549382715431,0.27131300000000003,0.0057166666666668463,0.0044992283950590862,26.499999999999996,0.26445299999999999,0.00028583333333341202,0.031018209876543995,0.27302799999999999,0.0040016666666666525,0.010586419753086803,26.499999999999996,0.25159049999999999,0.17721666666666916,0.32632638888887749,0.24473050000000002,0.04125527777777821,0.16011959876542825,26.499999999999996,0.27011249999999998,0.009337222222222363,-0.032076851851852474,0.27199899999999999,-0.011338055555555658,0.021543364197532801,,,,,,,,,,,,,,,,,,,,,,26.499999999999996,0.29137849999999998,0.078318333333334433,-0.24661064814815656,0.25159049999999999,-0.066980277777778527,0.18610925925926844,26.499999999999996,0.28949200000000003,-0.064026666666667301,-0.1907143518518489,0.25021850000000001,0.051640555555556245,0.20579999999999618,26.499999999999996,0.29909600000000003,-0.021342222222222481,-0.29350848765432347,0.24198649999999999,0.0092419444444445907,0.31304043209876764
,,,,,,,,,,,,,,26.549999999999997,0.26942649999999996,-0.0037158333333332434,-0.017573456790121556,0.2718275,0.0053355555555553713,-0.0034405864197561893,26.549999999999997,0.26445299999999999,0.001810277777777981,0.031441666666665348,0.27337099999999998,0.0056213888888889544,0.0014820987654323946,26.549999999999997,0.26376700000000003,0.14463166666666558,-0.33839490740742467,0.2461025,0.039444999999999557,0.095330709876537689,26.549999999999997,0.27045550000000002,0.0081938888888888721,-0.033717746913581058,0.27114149999999998,-0.0098136111111109987,0.03308256172839661,,,,,,,,,,,,,,,,,,,,,,26.549999999999997,0.29498000000000002,0.064598333333333147,-0.2856216049382807,0.24850349999999999,-0.057261944444444046,0.21871543209877264,26.549999999999997,0.285719,-0.072982777777777244,-0.13412993827159644,0.25313400000000003,0.061739999999999622,0.17086481481480509,26.549999999999997,0.2975525,-0.035348055555555528,-0.2665131172839455,0.24301550000000002,0.025820277777777637,0.27461172839505654
,,,,,,,,,,,,,,26.599999999999998,0.26925500000000002,-0.0047638888888887161,-0.014344598765432362,0.2718275,0.0050497222222219374,-0.0062989197530869965,26.599999999999998,0.26462450000000004,0.0034299999999999106,0.032817901234566023,0.27371400000000001,0.0051450000000000749,-0.024454629629629517,26.599999999999998,0.26582499999999998,0.10871194444444308,-0.40657145061728001,0.24816049999999998,0.044780555555555053,0.14265200617284082,26.599999999999998,0.27096999999999999,0.0063836111111109589,-0.0408635802469118,0.27096999999999999,-0.0075269444444442226,0.035041049382715121,,,,,,,,,,,,,,,,,,,,,,26.599999999999998,0.29789550000000004,0.049258611111110427,-0.31171712962963011,0.24575949999999999,-0.045352222222221628,0.25354475308641794,26.599999999999998,0.28194600000000003,-0.077079722222221397,-0.083526851851853101,0.25656400000000001,0.068504722222221412,0.14127577160493721,26.599999999999998,0.29549449999999999,-0.047829444444444091,-0.23999413580246545,0.24490200000000001,0.036491388888888393,0.2415291666666641
,,,,,,,,,,,,,,26.649999999999999,0.26891199999999998,-0.0051450000000000402,-0.012280246913581351,0.27234199999999997,0.0046686111111108658,-0.0073046296296276096,26.649999999999999,0.26479599999999998,0.0051449999999998554,0.033558950617284859,0.274057,0.0018102777777778097,-0.029218518518518866,26.649999999999999,0.27251349999999996,0.10137555555555479,-0.36449043209874965,0.25056149999999999,0.051831111111110974,0.25163919753087077,26.649999999999999,0.27114149999999998,0.0038111111111113244,-0.042663271604935937,0.27045550000000002,-0.0062883333333333619,0.036840740740738911,,,,,,,,,,,,,,,,,,,,,,26.649999999999999,0.29995349999999998,0.032870833333332808,-0.32468549382715434,0.24387300000000001,-0.031346388888888584,0.27836990740740064,26.649999999999999,0.27800150000000001,-0.080223888888888525,-0.052614506172850815,0.259994,0.074793055555555113,0.12926018518519475,26.649999999999999,0.29275049999999997,-0.059358055555555032,-0.21268117283951118,0.246617,0.047829444444444001,0.24428163580247417
,,,,,,,,,,,,,,26.699999999999999,0.26874049999999999,-0.0056213888888888728,-0.016408950617285211,0.27234199999999997,0.0035252777777777418,0.0055578703703736973,26.699999999999999,0.26513900000000001,0.0068600000000001542,0.03191805555555751,0.27371400000000001,0.0010480555555555345,-0.01344475308642014,26.699999999999999,0.27645799999999998,0.086131111111112338,-0.46310293209876185,0.25330550000000002,0.063931388888889593,0.4612503086419853,26.699999999999999,0.27131300000000003,0.0018102777777780734,-0.039116820987656113,0.27028399999999997,-0.0039063888888890364,0.038269907407408509,,,,,,,,,,,,,,,,,,,,,,26.699999999999999,0.30115399999999998,0.016673611111111306,-0.33278410493827121,0.24267250000000001,-0.017531111111111389,0.30049552469135743,26.699999999999999,0.2738855,-0.082129444444445546,-0.027048302469143502,0.26393850000000002,0.082224722222223212,0.1027412037037118,26.699999999999999,0.28949200000000003,-0.06936222222222288,-0.18071018518519424,0.24953249999999999,0.061263611111111692,0.24020586419753967
,,,,,,,,,,,,,,26.749999999999996,0.26839750000000001,-0.0068600000000001854,-0.018155709876543441,0.27251349999999996,0.0056213888888891035,0.010321759259261229,26.749999999999996,0.265482,0.008479722222222404,0.026624845679011855,0.274057,0.0021913888888888278,-0.024560493827160013,26.749999999999996,0.28314649999999997,0.046019166666667249,-0.41070015432099843,0.25553500000000001,0.10089916666666772,0.59384521604937957,26.749999999999996,0.27131300000000003,0,-0.036840740740744456,0.27011249999999998,-0.0024772222222219759,0.038164043209876868,,,,,,,,,,,,,,,,,,,,,,26.749999999999996,0.30166850000000001,-0.00038111111111112302,-0.33770679012345911,0.24198649999999999,-0.0012386111111112664,0.31573996913580521,26.749999999999996,0.2697695,-0.083272777777778834,0.0045521604938362258,0.26839750000000001,0.086226388888889824,0.054414197530855794,26.749999999999996,0.285719,-0.077270277777778826,-0.14900385802468633,0.25279099999999999,0.073649722222223046,0.20394737654320602
,,,,,,,,,,,,,,26.799999999999997,0.26805449999999997,-0.0080033333333333571,-0.0095277777777758952,0.27302799999999999,0.0054308333333335157,-0.0014291666666672214,26.799999999999997,0.26599650000000002,0.0098136111111110907,0.015297376543207895,0.27422849999999999,-0.0014291666666665656,-0.038428703703702376,26.799999999999997,0.28023100000000001,0.020198888888889318,-0.036417283950629792,0.26342399999999999,0.13748583333333228,0.46056219135800675,26.799999999999997,0.27131300000000003,-0.0017150000000002703,-0.038269907407408384,0.26994100000000004,0.00038111111111104783,0.030806481481478881,,,,,,,,,,,,,,,,,,,,,,26.799999999999997,0.30115399999999998,-0.017912222222222132,-0.3260087962962917,0.24250099999999999,0.015625555555555361,0.29970154320987441,26.799999999999997,0.265482,-0.082415277777777254,0.049385648148160453,0.27268500000000001,0.087369722222221571,0.0068282407407290642,26.799999999999997,0.28177449999999998,-0.08460666666666615,-0.10851080246912369,0.25707849999999999,0.082510555555555046,0.14836867283949551
,,,,,,,,,,,,,,26.849999999999998,0.26754,-0.0080986111111110374,0.0047638888888907093,0.27302799999999999,0.0056213888888889674,-0.015720833333334471,26.849999999999998,0.266511,0.010099444444444338,0.0022231481481471277,0.27371400000000001,-0.0022866666666665602,-0.04313966049382667,26.849999999999998,0.27988799999999997,0.074793055555554724,-0.27233564814815819,0.27062700000000001,0.14996722222222061,0.25015709876543246,26.849999999999998,0.27114149999999998,-0.0036205555555557357,-0.043616049382713705,0.27028399999999997,0.0010480555555552442,0.017097067901235094,,,,,,,,,,,,,,,,,,,,,,26.849999999999998,0.29978199999999999,-0.033633055555555132,-0.30070725308641671,0.24370149999999999,0.029726666666666308,0.26370771604938342,26.849999999999998,0.26136599999999999,-0.078223055555554574,0.091995987654321612,0.277144,0.087179166666665656,-0.045468672839505613,26.849999999999998,0.277144,-0.089084722222221205,-0.050708950617283789,0.2611945,0.087750833333332404,0.10258240740740682
,,,,,,,,,,,,,,26.899999999999999,0.26719699999999996,-0.0071458333333330746,0.012333179012345938,0.27371400000000001,0.0036205555555554997,-0.025936728395061729,26.899999999999999,0.26702550000000003,0.009908888888888771,-0.0080456790123455153,0.274057,-0.0044780555555554409,-0.062512808641976003,26.899999999999999,0.29257900000000003,0.042589166666666144,-1.381157253086416,0.27851599999999999,0.15730361111111016,0.1221672839506381,26.899999999999999,0.27096999999999999,-0.0059072222222220699,-0.049809104938270177,0.27011249999999998,0.00057166666666668342,0.029694907407410476,,,,,,,,,,,,,,,,,,,,,,26.899999999999999,0.29772399999999999,-0.047829444444444001,-0.27529984567901783,0.24558799999999997,0.041350555555555557,0.23687114197531511,26.899999999999999,0.25759300000000002,-0.072315833333332621,0.11920308641974216,0.28160299999999999,0.082986944444443891,-0.098983024691346733,26.899999999999999,0.27268500000000001,-0.089656388888888425,0.0053990740740622817,0.26582499999999998,0.092609999999999457,0.061083641975319909
,,,,,,,,,,,,,,26.949999999999999,0.26685400000000004,-0.006574166666666526,0.013074228395060101,0.27337099999999998,0.0018102777777778117,-0.014926851851850732,26.949999999999999,0.26754,0.0089561111111109912,-0.012068518518517151,0.27354250000000002,-0.010480555555555597,-0.046368518518521251,26.949999999999999,0.28983500000000001,-0.09251472222222383,-2.0595879629629898,0.28657650000000001,0.1591138888888908,0.05314382716050934,26.949999999999999,0.27062700000000001,-0.0093372222222221322,-0.041287037037040009,0.27011249999999998,0.0040016666666669145,0.043404320987656758,,,,,,,,,,,,,,,,,,,,,,26.949999999999999,0.29498000000000002,-0.061168333333334074,-0.24798688271605851,0.24781750000000002,0.052783888888889845,0.2222089506172894,26.949999999999999,0.25416300000000003,-0.066218055555556252,0.1434459876543128,0.28554750000000001,0.076222222222223024,-0.13481805555554957,26.949999999999999,0.26805449999999997,-0.087465000000001,0.041657561728387998,0.27062700000000001,0.093943888888889979,0.019796604938279411
,,,,,,,,,,,,,,26.999999999999996,0.266511,-0.005621388888888996,0.009157253086419034,0.27371400000000001,0.0029536111111113203,-0.016038425925925887,26.999999999999996,0.26788299999999998,0.0085750000000001155,-0.014027006172838188,0.27268500000000001,-0.01114750000000013,0.0025936728395048233,26.999999999999996,0.27988799999999997,-0.18998388888889098,-2.2203427469135755,0.294294,0.16121000000000194,0.0076751543209726018,26.999999999999996,0.26994100000000004,-0.010956944444444816,-0.015614969135803876,0.27062700000000001,0.0057166666666669556,0.042239814814813863,,,,,,,,,,,,,,,,,,,,,,26.999999999999996,0.29154999999999998,-0.072982777777778687,-0.21336929012345238,0.25090450000000003,0.063550277777778552,0.20669984567900498,26.999999999999996,0.25090450000000003,-0.05859583333333427,0.17610509259259763,0.28914899999999999,0.069838611111111767,-0.17441126543210525,26.999999999999996,0.26393850000000002,-0.084606666666667649,0.061718827160503087,0.27525749999999999,0.094134444444445339,-0.015667901234576561
,,,,,,,,,,,,,,27.049999999999997,0.26633950000000001,-0.0055261111111110095,0.0039169753086416613,0.2738855,0.00066694444444450414,-0.0250898148148158,27.049999999999997,0.26839750000000001,0.0080033333333333883,-0.023290123456789449,0.27217050000000004,-0.0074316666666669152,0.0085220679012339776,27.049999999999997,0.27131300000000003,-0.30374555555555377,-2.2494554012345058,0.30252600000000002,0.16730777777777672,-0.2108285493827379,27.049999999999997,0.26942649999999996,-0.010480555555555779,0.003175925925928818,0.27062700000000001,0.0083844444444444808,0.034141203703699809,,,,,,,,,,,,,,,,,,,,,,27.049999999999997,0.28760550000000001,-0.082891666666666211,-0.17065308641974122,0.25416300000000003,0.073840277777777089,0.18076311728393923,27.049999999999997,0.24816049999999998,-0.048210555555555451,0.20098317901235166,0.29275049999999997,0.059262777777777505,-0.22019753086420199,27.049999999999997,0.25965099999999997,-0.082129444444443866,0.094589660493838754,0.28005949999999996,0.092991111111110539,-0.063783179012355765
,,,,,,,,,,,,,,27.099999999999998,0.26599650000000002,-0.0059072222222222824,0.010321759259258208,0.27371400000000001,-0.00057166666666662888,-0.020220061728396712,27.099999999999998,0.26874049999999999,0.0063836111111112365,-0.033506018518518116,0.27234199999999997,-0.0094325000000002445,-0.0020114197530846584,27.099999999999998,0.2536485,-0.4582861111111059,-1.2993242283950317,0.31213000000000002,0.14596555555555388,-0.58722870370370506,27.099999999999998,0.26891199999999998,-0.010004166666666417,0.0086279320987673221,0.27148450000000002,0.010194722222222011,0.0063518518518490621,,,,,,,,,,,,,,,,,,,,,,27.099999999999998,0.28314649999999997,-0.09013277777777691,-0.12497268518518236,0.25827899999999998,0.083463333333332404,0.12359645061728479,27.099999999999998,0.2461025,-0.03772999999999959,0.21098734567901101,0.29515150000000001,0.046781388888888602,-0.24772222222222029,27.099999999999998,0.25553500000000001,-0.075936388888887776,0.13989953703703528,0.28469,0.088703611111110303,-0.12767222222222083
,,,,,,,,,,,,,,27.149999999999999,0.26565349999999999,-0.0047638888888890093,0.021384567901234792,0.27371400000000001,-0.00038111111111122895,-0.030277160493829131,27.149999999999999,0.26908350000000003,0.004001666666666839,-0.031812191358026848,0.27114149999999998,-0.010194722222222155,0.024348765432099771,27.149999999999999,0.22140650000000001,-0.51812055555555103,1.0736217592592041,0.31641750000000002,0.12405166666666535,-1.1722871913580104,27.149999999999999,0.26839750000000001,-0.0091466666666666016,0.0036523148148142081,0.2718275,0.0087655555555552021,-0.015879629629629039,,,,,,,,,,,,,,,,,,,,,,27.149999999999999,0.27851599999999999,-0.095277777777776906,-0.080297993827171676,0.26290950000000002,0.085940555555555243,0.070558487654331661,27.149999999999999,0.24438750000000001,-0.027058888888888868,0.21707453703703186,0.29738100000000001,0.034490555555555323,-0.27254737654320454,27.149999999999999,0.25193350000000003,-0.067170833333332916,0.16848287037035845,0.28914899999999999,0.079842777777777221,-0.18399197530863012
,,,,,,,,,,,,,,27.199999999999999,0.265482,-0.002953611111111103,0.020855246913581631,0.2738855,-0.0032394444444447169,-0.04605092592592714,27.199999999999999,0.26908350000000003,0.0025724999999998874,-0.018843827160498334,0.27096999999999999,-0.0054308333333333569,0.026254320987654105,27.199999999999999,0.18727800000000003,-0.31489305555555896,2.7466466049382805,0.329623,0.020198888888888888,-1.5584797839506372,27.199999999999999,0.26805449999999997,-0.0093372222222222693,-0.0059813271604935757,0.27234199999999997,0.0074316666666665145,-0.017097067901231593,,,,,,,,,,,,,,,,,,,,,,27.199999999999999,0.27354250000000002,-0.098326666666667714,-0.032500308641986879,0.26685400000000004,0.08803666666666761,0.056954938271611404,27.199999999999999,0.24335849999999998,-0.015816111111111485,0.21845077160493931,0.29875299999999999,0.019341388888889217,-0.29054429012345712,27.199999999999999,0.2488465,-0.058310000000000799,0.18224521604937807,0.29275049999999997,0.068981111111112089,-0.21686280864196991
,,,,,,,,,,,,,,27.249999999999996,0.265482,-0.0028583333333332545,0.023766512345679666,0.27337099999999998,-0.0065741666666668782,-0.031018209876541917,27.249999999999996,0.26925500000000002,0.0026677777777773071,-0.014556327160496341,0.27096999999999999,-0.0063836111111112877,0.0099512345679014791,27.249999999999996,0.19190850000000001,-0.12719583333333404,2.2754979938271984,0.31830399999999998,-0.08555944444444602,-1.0309584876543241,27.249999999999996,0.26754,-0.010671111111110939,0.00031759259259301091,0.27251349999999996,0.0068600000000001542,-0.012174382716046983,,,,,,,,,,,,,,,,,,,,,,27.249999999999996,0.268569,-0.09861250000000131,0.016620679012353756,0.27148450000000002,0.092895833333334107,0.023978240740732352,27.249999999999996,0.24284399999999998,-0.0051450000000001156,0.21913888888889277,0.29926750000000002,0.0047638888888891012,-0.29282037037037406,27.249999999999996,0.2461025,-0.04916333333333392,0.19722500000000631,0.29600900000000002,0.057928888888889724,-0.24391111111111952
,,,,,,,,,,,,,,27.299999999999997,0.26513900000000001,-0.0017149999999998868,0.044145370370368996,0.27302799999999999,-0.0058119444444444555,-0.015509104938269238,27.299999999999997,0.26942649999999996,0.0016197222222217268,-0.019531944444441993,0.27028399999999997,-0.006478888888888896,0.025089814814816175,27.299999999999997,0.18281900000000001,-0.077651388888888284,1.3814219135802492,0.31281600000000004,-0.058405277777777848,-0.80800848765429956,27.299999999999997,0.26685400000000004,-0.0098136111111109987,0.015297376543208488,0.27302799999999999,0.0065741666666668053,-0.012862499999999208,,,,,,,,,,,,,,,,,,,,,,27.299999999999997,0.26359549999999998,-0.096611666666666096,0.063730246913592373,0.27645799999999998,0.092228888888888083,-0.037740586419760934,27.299999999999997,0.24284399999999998,0.0057166666666666624,0.2250143518518514,0.29926750000000002,-0.010289999999999926,-0.28466882716049247,27.299999999999997,0.24387300000000001,-0.038873333333333093,0.21638641975308981,0.2985815,0.045638055555555196,-0.28461589506173335
,,,,,,,,,,,,,,27.349999999999998,0.26513900000000001,0.0022866666666665533,0.051873456790121869,0.27319949999999998,-0.010766388888888812,0.041922222222222603,27.349999999999998,0.26942649999999996,0.00038111111111099563,-0.020378858024686308,0.27011249999999998,-0.0033347222222221366,0.031177006172840315,27.349999999999998,0.182476,-0.020008333333333028,0.89243518518517828,0.31984750000000001,-0.13834333333333187,-1.016825617283929,27.349999999999998,0.266511,-0.008098611111111138,0.013868209876541318,0.27319949999999998,0.0056213888888890602,-0.01566790123456812,,,,,,,,,,,,,,,,,,,,,,27.349999999999998,0.25879350000000001,-0.091943055555554709,0.10369398148148144,0.28091699999999997,0.08746499999999939,-0.076116358024687691,27.349999999999998,0.24335849999999998,0.017435833333333279,0.22729043209876401,0.29823850000000002,-0.024962777777777608,-0.25328009259259099,27.349999999999998,0.24215800000000001,-0.027344722222222079,0.2327424382716031,0.300811,0.029059722222221987,-0.31499891975308369
,,,,,,,,,,,,,,27.399999999999999,0.265482,0.0045733333333331872,0.03975200617284097,0.27114149999999998,-0.0020961111111110846,0.10041219135802398,27.399999999999999,0.26942649999999996,-0.00038111111111099964,-0.021490432098760833,0.27011249999999998,-0.0026677777777776453,0.025301543209876796,27.399999999999999,0.18161850000000002,0.0080986111111111172,0.59241604938271375,0.29909600000000003,-0.21513722222222018,-0.4302850308642116,27.399999999999999,0.26616800000000002,-0.008289166666666738,0.010427623456788193,0.27354250000000002,0.0054308333333334367,-0.025460339506173924,,,,,,,,,,,,,,,,,,,,,,27.399999999999999,0.25433449999999996,-0.08565472222222166,0.13285956790122461,0.28503300000000004,0.084320833333333109,-0.11083981481480525,27.399999999999999,0.244559,0.029440833333333211,0.21188719135802689,0.2965235,-0.035252777777777529,-0.22617885802469492,27.399999999999999,0.24112899999999998,-0.015339722222222239,0.24385817901234452,0.30149700000000001,0.012100277777777736,-0.30859413580246675
,,,,,,,,,,,,,,27.449999999999999,0.26565349999999999,0.0058119444444446359,0.032076851851854174,0.27302799999999999,0.0060025000000001084,0.041128240740741291,27.449999999999999,0.26942649999999996,-0.0017149999999995606,-0.022284413580245549,0.2697695,-0.00076222222222215345,0.015085648148148756,27.449999999999999,0.183505,0.034776388888889564,0.57261944444444446,0.2889775,-0.14930027777777891,-0.38979197530865956,27.449999999999999,0.26565349999999999,-0.0079080555555557982,0.020749382716048249,0.2738855,0.0027630555555555581,-0.029747839506174423,,,,,,,,,,,,,,,,,,,,,,27.449999999999999,0.25021850000000001,-0.078604166666667433,0.16228981481480978,0.28949200000000003,0.078032500000000851,-0.17060015432098505,27.449999999999999,0.24644549999999998,0.038968611111111578,0.18928518518519019,0.29480850000000003,-0.046590833333333824,-0.21379274691358818,27.449999999999999,0.24061449999999998,-0.0040588333333331436,0.25222145061728712,0.30184,-0.0020008333333333735,-0.29514938271605373
,,,,,,,,,,,,,,27.499999999999996,0.26599650000000002,0.007812777777777993,0.023025462962962526,0.27251349999999996,0.0010480555555556308,-0.0081515432098774408,27.499999999999996,0.26925500000000002,-0.0029536111111107184,-0.01746759259259574,0.27011249999999998,-0.00047638888888877222,-0.010162962962962015,27.499999999999996,0.18727800000000003,0.033823611111111186,1.242528086419749,0.2920645,-0.20827722222222445,-1.0472086419753055,27.499999999999996,0.2653105,-0.0063836111111113814,0.033929475308642779,0.27371400000000001,0.0018102777777777343,-0.022178549382716791,,,,,,,,,,,,,,,,,,,,,,27.499999999999996,0.24644549999999998,-0.070315000000000683,0.20733503086420579,0.29309350000000001,0.066789722222222861,-0.22104444444445434,27.499999999999996,0.24850349999999999,0.047448333333334015,0.1790163580246876,0.29189300000000001,-0.057833611111111967,-0.18145123456789966,27.499999999999996,0.24078600000000003,0.01019472222222249,0.25238024691357985,0.30132550000000002,-0.016387777777778185,-0.29488472222222445
,,,,,,,,,,,,,,27.549999999999997,0.266511,0.0083844444444444808,0.010639351851849789,0.27268500000000001,0.0026677777777778448,-0.016461882716050539,27.549999999999997,0.26908350000000003,-0.0034300000000000784,-0.013391820987657864,0.2697695,-0.0020008333333329988,-0.025619135802469672,27.549999999999997,0.18384800000000001,0.1116655555555553,2.6449640432098342,0.27114149999999998,-0.31184416666666409,-0.77651388888885331,27.549999999999997,0.26496749999999997,-0.0039063888888890971,0.036629012345680681,0.274057,0.0010480555555554885,-0.021808024691357435,,,,,,,,,,,,,,,,,,,,,,27.549999999999997,0.24301550000000002,-0.058405277777777216,0.26005540123457266,0.29618050000000001,0.054594166666666173,-0.24645185185185814,27.549999999999997,0.25107600000000002,0.057261944444443984,0.16038425925925007,0.28880600000000001,-0.065074722222222131,-0.14259907407406472,27.549999999999997,0.24164350000000001,0.023057222222221906,0.23740046296295758,0.30029649999999997,-0.031918055555555637,-0.28641558641974613
,,,,,,,,,,,,,,27.599999999999998,0.26685400000000004,0.0085749999999999299,0.0037581790123440277,0.27302799999999999,-0.00038111111111127318,-0.020802314814814728,27.599999999999998,0.26891199999999998,-0.0039063888888890503,-0.014873919753086969,0.26994100000000004,-0.0030488888888888324,-0.035146913580248705,27.599999999999998,0.19036500000000001,0.32651694444444085,3.317889814814762,0.25347700000000001,-0.30126833333332997,-0.20336512345679625,27.599999999999998,0.26496749999999997,-0.0021913888888888786,0.029377314814816462,0.2738855,-0.00066694444444440266,-0.016356018518517774,,,,,,,,,,,,,,,,,,,,,,27.599999999999998,0.24044300000000002,-0.043160833333332961,0.29022669753086067,0.2985815,0.041541111111110446,-0.25814984567900895,27.599999999999998,0.25433449999999996,0.064884166666665924,0.11809151234567845,0.28537599999999996,-0.071553611111110513,-0.11031049382715696,27.599999999999998,0.24318699999999999,0.034109444444444005,0.21760385802469029,0.29806699999999997,-0.046304999999999458,-0.25428580246913179
,,,,,,,,,,,,,,27.649999999999999,0.26736850000000001,0.0085749999999997478,0.00063518518518614617,0.27251349999999996,-0.00057166666666662389,-0.0026995370370358814,27.649999999999999,0.26874049999999999,-0.0050497222222221751,-0.013285956790123905,0.2697695,-0.0093372222222223664,0.018632098765431971,27.649999999999999,0.214032,0.56928472222221738,1.7106595679012777,0.2423295,-0.30203055555555369,-0.022549074074116247,27.649999999999999,0.26479599999999998,-0.0013338888888888391,0.02810694444444499,0.2738855,-0.00057166666666663907,-0.01233317901234573,,,,,,,,,,,,,,,,,,,,,,27.649999999999999,0.238728,-0.028011666666666473,0.29297916666666179,0.30029649999999997,0.028869166666666526,-0.26958317901233858,27.649999999999999,0.25776450000000001,0.068695277777777411,0.081197839506181063,0.28160299999999999,-0.076317499999999441,-0.075534104938278487,27.649999999999999,0.2450735,0.044494722222221984,0.2020947530864248,0.29549449999999999,-0.057261944444444018,-0.21839783950617916
,,,,,,,,,,,,,,27.699999999999999,0.26771149999999999,0.0085750000000001155,-0.00068811728394880341,0.2728565,0.00085750000000017399,-0.010798148148149035,27.699999999999999,0.26839750000000001,-0.0059072222222224247,-0.00042345679012418223,0.26805449999999997,9.5277777777898093e-05,0.059707407407409874,27.699999999999999,0.2632525,0.53126888888889556,-0.53816064814812481,0.22500800000000001,-0.31775138888889271,0.37915262345676387,27.699999999999999,0.26479599999999998,0.00019055555555557606,0.034670524691358756,0.2738855,-0.0015244444444444144,-0.014609259259260217,,,,,,,,,,,,,,,,,,,,,,27.699999999999999,0.23769900000000002,-0.013720000000000093,0.28943271604938348,0.30149700000000001,0.015435000000000318,-0.29393194444444543,27.699999999999999,0.2611945,0.072030000000000663,0.060660185185192513,0.27765849999999997,-0.079271111111111833,-0.04038719135803176,27.699999999999999,0.24764600000000001,0.054403611111111694,0.18457422839506821,0.29240749999999999,-0.068409444444445314,-0.17626388888889652
,,,,,,,,,,,,,,27.749999999999996,0.26822600000000002,0.0085750000000001467,-0.0041287037037047803,0.2728565,-0.0017150000000001615,-0.019055555555556585,27.749999999999996,0.26805449999999997,-0.0050497222222224206,0.011009876543211677,0.27045550000000002,0.00028583333333354532,0.037211265432098149,27.749999999999996,0.27165600000000001,0.39606972222222597,-0.74994197530870199,0.20717200000000002,-0.27525750000000321,0.9266293209876898,27.749999999999996,0.26479599999999998,0.0020961111111111462,0.042345679012346975,0.27371400000000001,-0.0020961111111111462,-0.014820987654322729,,,,,,,,,,,,,,,,,,,,,,27.749999999999996,0.23735600000000001,0.00047638888888888015,0.29165586419753226,0.30201149999999999,-0.0010480555555555189,-0.30742962962963366,27.749999999999996,0.26496749999999997,0.074888333333334195,0.038905092592587398,0.27354250000000002,-0.079652222222223013,-0.015244444444438674,27.749999999999996,0.25056149999999999,0.063169166666667304,0.16234274691357659,0.28846299999999997,-0.075555277777778596,-0.12560787037036333
,,,,,,,,,,,,,,27.799999999999997,0.268569,0.0083844444444443871,-0.012333179012348277,0.27251349999999996,-0.0018102777777777655,-0.015879629629628939,27.799999999999997,0.26788299999999998,-0.0040016666666665918,0.0079927469135821372,0.26822600000000002,-0.0020961111111110564,0.096283487654317323,27.799999999999997,0.29257900000000003,0.41703083333333041,-0.093478086419806969,0.19653900000000002,-0.21027805555555426,1.2111393518518727,27.799999999999997,0.26496749999999997,0.0047638888888890405,0.043668981481481635,0.27371400000000001,-0.0032394444444446562,-0.010162962962963503,,,,,,,,,,,,,,,,,,,,,,27.799999999999997,0.23769900000000002,0.01543499999999978,0.29329675925925547,0.30132550000000002,-0.016578333333333323,-0.29530817901234313,27.799999999999997,0.26874049999999999,0.076412777777777455,0.0079927469135700775,0.2697695,-0.080604999999999594,0.010268827160503027,27.799999999999997,0.25399149999999998,0.07098194444444407,0.13338888888888023,0.28469,-0.079652222222221611,-0.098877160493815897
,,,,,,,,,,,,,,27.849999999999998,0.26908350000000003,0.0077174999999996725,-0.026995370370370756,0.27268500000000001,-0.0021913888888888786,-0.027577623456789175,27.849999999999998,0.26771149999999999,-0.0039063888888887727,-0.0014820987654315676,0.26891199999999998,0.016006666666666437,0.05541990740740535,27.849999999999998,0.31487399999999999,0.43036972222221764,-0.097606790123455758,0.18642050000000002,-0.1432977777777763,1.2352234567901117,27.849999999999998,0.2653105,0.0067647222222223247,0.038428703703703077,0.27337099999999998,-0.0038111111111112698,0.0055049382716060623,,,,,,,,,,,,,,,,,,,,,,27.849999999999998,0.23889949999999999,0.030393611111110764,0.28244567901234369,0.30029649999999997,-0.030869999999999741,-0.27238858024691143,27.849999999999998,0.27268500000000001,0.076126944444443595,-0.033294290123458074,0.265482,-0.080604999999999219,0.070029166666666476,27.849999999999998,0.25776450000000001,0.076603333333332718,0.10189429012345479,0.28057399999999999,-0.08451138888888797,-0.086226388888887381
,,,,,,,,,,,,,,27.899999999999999,0.26942649999999996,0.0054308333333331444,-0.036787808641972515,0.27251349999999996,-0.0058119444444443913,-0.017202932098764393,27.899999999999999,0.26754,-0.0046686111111111138,-0.0022760802469129122,0.27148450000000002,0.0076222222222221874,-0.051979320987653878,27.899999999999999,0.33682600000000001,0.42150888888888632,-0.5241336419752477,0.18196150000000003,-0.076793888888888481,1.0085152777777597,27.899999999999999,0.26565349999999999,0.0085750000000000565,0.031706327160493757,0.27319949999999998,-0.0021913888888888881,0.011115740740742166,,,,,,,,,,,,,,,,,,,,,,27.899999999999999,0.24078600000000003,0.044208888888888541,0.25889089506173318,0.29823850000000002,-0.044494722222221929,-0.23496558641975807,27.899999999999999,0.27645799999999998,0.07317333333333266,-0.07717499999998946,0.26136599999999999,-0.074126111111110657,0.13772932098764509,27.899999999999999,0.26170900000000002,0.080795555555554885,0.074369598765440401,0.27628649999999999,-0.089465833333332564,-0.051979320987665077
,,,,,,,,,,,,,,27.949999999999999,0.269598,0.0035252777777779417,-0.036576080246912286,0.2718275,-0.0048591666666665673,0.008575000000001087,27.949999999999999,0.26719699999999996,-0.0046686111111109577,0.0070929012345689784,0.269598,-9.5277777778146958e-05,0.014662191358026253,27.949999999999999,0.35500499999999996,0.42160416666667272,-1.7242631172839353,0.17973200000000003,-0.032489722222222676,0.58998117283950435,27.949999999999999,0.26616800000000002,0.010099444444444595,0.020855246913580493,0.27319949999999998,-0.0014291666666666248,-0.0048697530864189043,,,,,,,,,,,,,,,,,,,,,,27.949999999999999,0.24335849999999998,0.056880833333333929,0.22252654320988516,0.29566599999999998,-0.054498888888889742,-0.19510771604938884,27.949999999999999,0.28005949999999996,0.068504722222223105,-0.11983827160493099,0.257936,-0.064693611111111812,0.16917098765431771,27.949999999999999,0.26582499999999998,0.084511388888889635,0.037422993827170313,0.27148450000000002,-0.091466666666667529,0.014768055555545221
,,,,,,,,,,,,,,27.999999999999996,0.2697695,0.0017150000000000231,-0.033188425925926336,0.27199899999999999,-0.0033347222222221023,0.009316049382717146,27.999999999999996,0.26702550000000003,-0.0037158333333330265,0.013074228395060049,0.27011249999999998,0.013529444444444512,0.014450462962965961,27.999999999999996,0.38964800000000005,0.23867083333333616,-2.6558680555556178,0.18058949999999999,-0.024010000000000611,0.27376481481481868,27.999999999999996,0.26668249999999999,0.01105222222222234,0.0041816358024679796,0.27319949999999998,-0.0030488888888887994,-0.014715123456790267,,,,,,,,,,,,,,,,,,,,,,27.999999999999996,0.246617,0.066503888888889848,0.18441543209876146,0.29275049999999997,-0.063264444444445192,-0.16890632716048684,27.999999999999996,0.28348950000000001,0.060406111111111965,-0.14651604938272236,0.25502049999999998,-0.056404444444444951,0.18367438271605696,27.999999999999996,0.27028399999999997,0.08546416666666784,-0.014662191358030952,0.26685400000000004,-0.087560277777778958,0.07638101851852537
,,,,,,,,,,,,,,28.049999999999997,0.2697695,9.5277777777803442e-05,-0.026307253086419315,0.27165600000000001,-0.0040969444444441967,0.013233024691358218,28.049999999999997,0.26685400000000004,-0.0031441666666667894,0.014503395061725294,0.27234199999999997,0.0047638888888889078,-0.031918055555553555,28.049999999999997,0.37798599999999999,0.066599166666667001,-2.030687037037052,0.17698799999999998,-0.016006666666666523,0.16885339506173172,28.049999999999997,0.26736850000000001,0.010289999999999957,-0.0074104938271613678,0.2728565,-0.0040969444444443224,-0.0042345679012358549,,,,,,,,,,,,,,,,,,,,,,28.049999999999997,0.25004700000000002,0.074888333333332974,0.15408533950616085,0.28932049999999998,-0.071267777777777111,-0.1465160493827049,28.049999999999997,0.28606199999999998,0.052593333333333159,-0.15149166666667346,0.25227650000000001,-0.047543611111110599,0.21426913580247328,28.049999999999997,0.27457150000000002,0.082415277777777365,-0.055737500000010869,0.26273799999999997,-0.082796388888888475,0.11782685185186152
,,,,,,,,,,,,,,28.099999999999998,0.2697695,-0.0011433333333332578,-0.016726543209876151,0.27148450000000002,-0.0029536111111109187,0.030965277777776013,28.099999999999998,0.26668249999999999,-0.0020961111111113518,0.011592129629629534,0.27011249999999998,0.0048591666666668561,0.00772808641975355,28.099999999999998,0.38673250000000003,0.050211388888888452,-1.5599089506172861,0.178703,-0.0052402777777776216,0.094483796296297398,28.099999999999998,0.26771149999999999,0.0094324999999999739,-0.0032288580246913174,0.27268500000000001,-0.0034300000000001569,0.0071458333333326756,,,,,,,,,,,,,,,,,,,,,,28.099999999999998,0.25416300000000003,0.081843611111110104,0.12454922839505979,0.28554750000000001,-0.077651388888887937,-0.12894259259259203,28.099999999999998,0.28863450000000002,0.046209722222221868,-0.17202932098765525,0.25004700000000002,-0.034776388888888531,0.24057638888888574,28.099999999999998,0.27851599999999999,0.078889999999999141,-0.079768672839506033,0.25845050000000003,-0.075364722222221528,0.14873919753086298
,,,,,,,,,,,,,,28.149999999999999,0.269598,-0.0014291666666665806,-0.011962654320987877,0.27131300000000003,-0.00085749999999994338,0.043192592592590097,28.149999999999999,0.26668249999999999,-0.0018102777777777961,0.0050814814814830779,0.27268500000000001,0.0065741666666667411,0.024401697530863107,28.149999999999999,0.38793300000000003,-0.041255277777778009,-1.8216052469135808,0.177674,-0.0135294444444442,0.20855246913580036,28.149999999999999,0.26822600000000002,0.010004166666666635,0.00074104938271663012,0.27251349999999996,-0.0025725000000001346,0.0061401234567934415,,,,,,,,,,,,,,,,,,,,,,28.149999999999999,0.25827899999999998,0.087369722222221599,0.093107561728407076,0.28160299999999999,-0.084511388888888275,-0.10300586419754199,28.149999999999999,0.29086400000000001,0.036491388888888511,-0.21061682098765044,0.2488465,-0.022390277777777603,0.24692824074073616,28.149999999999999,0.2824605,0.074793055555555085,-0.11046929012344602,0.25519199999999997,-0.067361388888888651,0.16991203703702887
,,,,,,,,,,,,,,28.199999999999999,0.269598,-0.0013338888888888524,-0.025725000000000723,0.27131300000000003,0.002572499999999906,0.029906635802468339,28.199999999999999,0.266511,-0.0017149999999999613,0.00058225308642096167,0.2707985,0.0081938888888888461,0.021437500000001147,28.199999999999999,0.38415999999999995,-0.14901444444444636,-1.8443660493827476,0.17630200000000001,0.0013338888888886965,0.62729830246913854,28.199999999999999,0.26874049999999999,0.010099444444444564,-0.0062459876543212141,0.27251349999999996,-0.0029536111111107184,0.006298919753089831,,,,,,,,,,,,,,,,,,,,,,28.199999999999999,0.26290950000000002,0.092038333333334485,0.045574537037047474,0.27697250000000001,-0.088703611111112066,-0.059548611111121148,28.199999999999999,0.29240749999999999,0.024295833333333492,-0.23491265432098743,0.24781750000000002,-0.010004166666666725,0.24841033950617283,28.199999999999999,0.28606199999999998,0.068790555555556493,-0.15736712962962424,0.25176199999999999,-0.059453333333333969,0.21003456790123298
,,,,,,,,,,,,,,28.249999999999996,0.269598,-0.0037158333333333023,-0.043721913580248017,0.27165600000000001,0.0040016666666665346,-0.018261574074073819,28.249999999999996,0.266511,-0.0018102777777777032,-0.0017467592592584624,0.27319949999999998,0.013529444444444616,-0.063147993827160576,28.249999999999996,0.3723265,-0.25248611111111391,-1.4284256172839414,0.17698799999999998,0.039254444444444543,1.2381347222222294,28.249999999999996,0.26925500000000002,0.0097183333333333774,-0.020378858024693941,0.27217050000000004,-0.0025724999999995344,0.015403240740739815,,,,,,,,,,,,,,,,,,,,,,28.249999999999996,0.26771149999999999,0.092133611111112332,-0.0064047839506254549,0.27268500000000001,-0.091085555555556696,-0.0022231481481404503,28.249999999999996,0.293265,0.012100277777777843,-0.24168796296296527,0.24781750000000002,0.0027630555555553881,0.24147623456790276,28.249999999999996,0.28949200000000003,0.059548611111111899,-0.21093441358025553,0.24901799999999999,-0.046971944444444837,0.25814984567901966
,,,,,,,,,,,,,,28.299999999999997,0.26925500000000002,-0.0066694444444444874,-0.042133950617283707,0.27199899999999999,0.00038111111111109212,-0.063306790123454651,28.299999999999997,0.26633950000000001,-0.0020008333333332196,0.000476388888889345,0.27319949999999998,0.0011433333333333688,-0.1247080246913556,28.299999999999997,0.35551950000000004,-0.28993027777777608,-1.0278884259258871,0.17784549999999999,0.12643361111111059,1.7878345679012082,28.299999999999997,0.2697695,0.0080986111111107911,-0.034723456790124105,0.27217050000000004,-0.00085749999999986434,0.015403240740737151,,,,,,,,,,,,,,,,,,,,,,28.299999999999997,0.27217050000000004,0.090609166666666255,-0.045362808641987669,0.26771149999999999,-0.089751666666666133,0.067170833333344879,28.299999999999997,0.29360799999999998,0,-0.24301126543209636,0.24816049999999998,0.014196388888888731,0.23200138888888763,28.299999999999997,0.292236,0.046114444444444118,-0.23607716049383351,0.24696000000000001,-0.032394444444444163,0.2816516975308665
,,,,,,,,,,,,,,28.349999999999998,0.26891199999999998,-0.0090513888888888398,-0.01836743827160478,0.27165600000000001,-0.0040016666666664912,-0.073946141975307869,28.349999999999998,0.26633950000000001,-0.0023819444444442895,0.013656481481480793,0.27319949999999998,-0.0080986111111107598,-0.035729166666666895,28.349999999999998,0.34385749999999998,-0.33175722222221909,-1.1179259259259207,0.18813550000000001,0.24305361111110871,1.8297038580246732,28.349999999999998,0.27011249999999998,0.0056213888888886968,-0.037158333333330067,0.27217050000000004,-0.00047638888888892357,0.0064577160493800188,,,,,,,,,,,,,,,,,,,,,,28.349999999999998,0.27680100000000002,0.087750833333332404,-0.085008950617284237,0.26342399999999999,-0.082986944444443447,0.1095165123456775,28.349999999999998,0.293265,-0.012100277777777583,-0.24417577160493545,0.24918950000000001,0.02629666666666659,0.2148513888888873,28.349999999999998,0.29395100000000002,0.034681111111110656,-0.23718873456790004,0.24575949999999999,-0.01714999999999979,0.27281203703703488
,,,,,,,,,,,,,,28.399999999999999,0.26822600000000002,-0.0089561111111111039,0.013285956790122545,0.27148450000000002,-0.0066694444444443781,-0.067488425925928561,28.399999999999999,0.26599650000000002,-0.00095277777777771596,0.031494598765430343,0.27131300000000003,-0.0013338888888888782,0.042081018518515277,28.399999999999999,0.32224849999999999,-0.38120638888888658,-1.6004549382716478,0.20408500000000002,0.32775555555555341,1.4402824074074407,28.399999999999999,0.27028399999999997,0.0039063888888890659,-0.03091234567900919,0.27217050000000004,-0.00085750000000022093,0.0071987654320987493,,,,,,,,,,,,,,,,,,,,,,28.399999999999999,0.28108850000000002,0.082034166666666214,-0.12222021604937237,0.25947950000000003,-0.07679388888888844,0.11660941358023441,28.399999999999999,0.29240749999999999,-0.024391111111110836,-0.24322299382716248,0.25090450000000003,0.036014999999999707,0.19007916666666899,28.399999999999999,0.29566599999999998,0.023628888888888606,-0.25497391975308109,0.24541650000000001,-0.0048591666666665048,0.2544975308641953
,,,,,,,,,,,,,,28.449999999999999,0.26788299999999998,-0.0063836111111112729,0.020378858024692421,0.27148450000000002,-0.015053888888889193,0.021119907407403337,28.449999999999999,0.26616800000000002,0.0019055555555554926,0.029430246913579605,0.27319949999999998,0.0053355555555555587,-0.022178549382718724,28.449999999999999,0.30801400000000001,-0.48143861111111602,-2.0662574074074849,0.221578,0.39111527777778227,0.87888456790128056,28.449999999999999,0.27045550000000002,0.0029536111111113975,-0.031282870370370856,0.27199899999999999,0,0.012121450617285971,,,,,,,,,,,,,,,,,,,,,,28.449999999999999,0.28503300000000004,0.075174166666667486,-0.15419120370369924,0.25587799999999999,-0.072220555555556676,0.13783518518517968,28.449999999999999,0.29086400000000001,-0.037063055555555856,-0.22834907407408137,0.25279099999999999,0.045352222222222634,0.16334845679012891,28.449999999999999,0.2965235,0.0091466666666668479,-0.27085354938271539,0.24524500000000002,0.0074316666666667322,0.24978657407407615
,,,,,,,,,,,,,,28.499999999999996,0.26771149999999999,-0.0058119444444443566,0.0065635802469154033,0.26925500000000002,-0.0099088888888894267,0.18568580246913868,28.499999999999996,0.26633950000000001,0.0022866666666666005,0.020114197530864433,0.27319949999999998,-0.009241944444444674,-0.0067753086419763409,28.499999999999996,0.2793735,-0.65293861111111928,-1.139786882716018,0.24387300000000001,0.42732083333333848,0.13751759259255661,28.499999999999996,0.27062700000000001,0.0012386111111111584,-0.039487345679014428,0.27217050000000004,0.00095277777777799308,0.0076222222222214709,,,,,,,,,,,,,,,,,,,,,,28.499999999999996,0.28863450000000002,0.067075555555556193,-0.19288456790124284,0.25210499999999997,-0.064788888888889631,0.19092608024692323,28.499999999999996,0.28863450000000002,-0.048210555555556249,-0.19505478395061651,0.25553500000000001,0.052593333333333901,0.13121867283950309,28.499999999999996,0.2965235,-0.0045733333333331854,-0.26825987654321071,0.2461025,0.020580000000000216,0.23904135802469131
,,,,,,,,,,,,,,28.549999999999997,0.26736850000000001,-0.0063836111111108896,0.00217021604938241,0.26942649999999996,0.01286249999999972,0.17928101851851966,28.549999999999997,0.26633950000000001,0.003429999999999924,0.017308796296297432,0.2707985,-0.00047638888888885462,0.082309413580245419,28.549999999999997,0.23718449999999999,-0.69714749999999448,1.5891274691358632,0.26788299999999998,0.3965461111111086,-0.36163209876547536,28.549999999999997,0.27062700000000001,-0.0013338888888888697,-0.042345679012346336,0.27217050000000004,0.00066694444444438076,0.0032288580246877686,,,,,,,,,,,,,,,,,,,,,,28.549999999999997,0.29189300000000001,0.055928055555555078,-0.2305722222222274,0.24918950000000001,-0.052974444444443984,0.24459922839506801,28.549999999999997,0.28589049999999999,-0.056404444444444313,-0.16313672839505314,0.25810749999999999,0.058214722222221793,0.10417037037036403,28.549999999999997,0.29600900000000002,-0.017531111111110772,-0.26577206790123209,0.24747450000000001,0.03096527777777755,0.2320543209876493
,,,,,,,,,,,,,,28.599999999999998,0.26702550000000003,-0.0062883333333333402,0.0095807098765416151,0.27165600000000001,0.016959444444444381,0.011380401234570648,28.599999999999998,0.26668249999999999,0.0043827777777779046,0.0090513888888899639,0.27302799999999999,0.0095277777777775692,0.0019584876543205301,28.599999999999998,0.19482400000000002,-0.46743277777777276,3.7542620370369768,0.28451850000000001,0.35186083333333018,-0.1574729938271561,28.599999999999998,0.27045550000000002,-0.0033347222222223217,-0.03885216049382606,0.27217050000000004,0.0012386111111106924,-0.0008469135802485439,,,,,,,,,,,,,,,,,,,,,,28.599999999999998,0.294294,0.043160833333332871,-0.25264490740740414,0.24678849999999999,-0.039730833333332896,0.28440416666666429,28.599999999999998,0.28297499999999998,-0.063740833333332705,-0.14339305555555201,0.26136599999999999,0.063264444444444026,0.075163580246913705,28.599999999999998,0.29480850000000003,-0.030965277777777429,-0.26312546296296302,0.24901799999999999,0.043923055555555167,0.21786851851851627
,,,,,,,,,,,,,,28.649999999999999,0.26668249999999999,-0.0052402777777778749,0.015614969135802528,0.2718275,0.0080986111111111102,-0.067647222222219944,28.649999999999999,0.26685400000000004,0.0040969444444446121,0.005187345679011148,0.27302799999999999,-0.00057166666666677503,-0.075110648148145789,28.649999999999999,0.188307,-0.18331444444444431,3.3419739197530274,0.29926750000000002,0.36939194444444229,0.19484305555560222,28.649999999999999,0.27028399999999997,-0.0051449999999998242,-0.035305709876542073,0.27234199999999997,0.00095277777777740761,-0.009104320987651569,,,,,,,,,,,,,,,,,,,,,,28.649999999999999,0.29618050000000001,0.030393611111110972,-0.26783641975308065,0.2450735,-0.023724166666666439,0.30181882716048897,28.649999999999999,0.27954499999999999,-0.07107722222222157,-0.11713873456790867,0.26462450000000004,0.064979444444444104,0.057960648148154797,28.649999999999999,0.29292200000000002,-0.044304166666666402,-0.25052762345679686,0.25193350000000003,0.054975277777777387,0.16573040123457278
,,,,,,,,,,,,,,28.699999999999999,0.266511,-0.0041922222222221693,0.013762345679013804,0.27199899999999999,0.00476388888888905,-0.04446296296296439,28.699999999999999,0.26702550000000003,0.0047638888888888236,0.0037581790123435072,0.27251349999999996,-0.0043827777777778769,-0.051238271604935541,28.699999999999999,0.18744949999999999,-0.084701944444445232,1.7972035493827165,0.31899,0.42112777777778326,-0.32881419753082675,28.699999999999999,0.26994100000000004,-0.0068599999999998766,-0.030541820987655843,0.27234199999999997,-0.00047638888888872744,-0.0026466049382699239,,,,,,,,,,,,,,,,,,,,,,28.699999999999999,0.29738100000000001,0.016578333333333629,-0.28339845679012504,0.24438750000000001,-0.0075269444444445019,0.2803813271604948,28.699999999999999,0.27577200000000002,-0.07622222222222301,-0.076592746913588972,0.26771149999999999,0.068600000000000674,0.04673904320988298,28.699999999999999,0.29034950000000004,-0.05688083333333422,-0.22088564814815692,0.25484899999999999,0.060120277777778307,0.12057932098766104
,,,,,,,,,,,,,,28.749999999999996,0.26633950000000001,-0.0042874999999998661,0.018737962962963883,0.27217050000000004,0.0042874999999998643,-0.01196265432099,28.749999999999996,0.26736850000000001,0.0047638888888887308,-0.0015879629629642984,0.27234199999999997,-0.0048591666666663027,-0.029536111111108754,28.749999999999996,0.18230449999999998,-0.052974444444445164,0.93351049382717033,0.34711600000000004,0.37063055555556018,-1.4432995370370894,28.749999999999996,0.269598,-0.0083844444444445398,-0.022072685185186205,0.27217050000000004,0.00019055555555551437,0.012862499999998488,,,,,,,,,,,,,,,,,,,,,,28.749999999999996,0.29789550000000004,0.0017149999999999613,-0.29102067901234946,0.244559,0.0046686111111111589,0.25095108024691476,28.749999999999996,0.2718275,-0.079080555555556542,-0.029483179012338673,0.27148450000000002,0.071744166666667483,0.00042345679011758963,28.749999999999996,0.28709099999999999,-0.066599166666667708,-0.18430956790122929,0.257936,0.064884166666667409,0.11046929012345334
,,,,,,,,,,,,,,28.799999999999997,0.26599650000000002,-0.0028583333333331629,0.031812191358023718,0.27251349999999996,0.0038111111111107832,0.015826697530865151,28.799999999999997,0.26754,0.0041922222222220149,-0.00031759259259230623,0.27217050000000004,-0.0060977777777774479,-0.027207098765433448,28.799999999999997,0.180418,-0.01448222222222198,0.57579537037037098,0.36083599999999999,0.23238249999999869,-1.8185881172839755,28.799999999999997,0.26908350000000003,-0.0094324999999999687,-0.0077280864197530807,0.27234199999999997,0.0014291666666663341,0.017255864197530769,,,,,,,,,,,,,,,,,,,,,,28.799999999999997,0.2975525,-0.013148333333333396,-0.28689197530863803,0.24490200000000001,0.015720833333333191,0.25105694444444154,28.799999999999997,0.26771149999999999,-0.07869944444444385,0.0096336419753193393,0.27525749999999999,0.068314166666666218,-0.043139660493834532,28.799999999999997,0.283661,-0.075078888888888501,-0.14937438271603753,0.2611945,0.071363055555555222,0.097924382716040856
,,,,,,,,,,,,,,28.849999999999998,0.26599650000000002,-0.00047638888888886194,0.033558950617281952,0.27234199999999997,0.0065741666666666839,0.022813734567904458,28.849999999999998,0.26771149999999999,0.0047638888888887161,5.2932098767775826e-05,0.27165600000000001,-0.0072411111111110524,-0.031918055555558156,28.849999999999998,0.18196150000000003,0.0059072222222221792,0.3372304012345646,0.36632399999999998,0.15196805555555429,-1.5238621913580197,28.849999999999998,0.268569,-0.0088608333333333369,0.00037052469135729574,0.27234199999999997,0.0021913888888887797,0.014397530864200314,,,,,,,,,,,,,,,,,,,,,,28.849999999999998,0.2965235,-0.027154166666666247,-0.27715246913579927,0.24593099999999998,0.029821944444444196,0.2512686728395051,28.849999999999998,0.26393850000000002,-0.077365555555554646,0.035940895061727832,0.278173,0.066313333333332836,-0.069605709876542313,28.849999999999998,0.27954499999999999,-0.082129444444443644,-0.10501728395061553,0.26513900000000001,0.076508055555554955,0.053567283950616128
,,,,,,,,,,,,,,28.899999999999999,0.26599650000000002,0.001143333333333263,0.023713580246912436,0.27319949999999998,0.0085750000000002439,-0.015244444444442012,28.899999999999999,0.26805449999999997,0.004668611111111237,-0.0069870370370345687,0.27148450000000002,-0.00819388888888886,-0.049279783950620631,28.899999999999999,0.18179000000000001,0.013243611111110887,0.20611759259259377,0.37387000000000004,0.10490083333333243,-1.5411180555555435,28.899999999999999,0.26822600000000002,-0.008765555555555601,-0.0036523148148158908,0.27251349999999996,0.0035252777777779291,-0.00031759259258981511,,,,,,,,,,,,,,,,,,,,,,28.899999999999999,0.29480850000000003,-0.040493055555555151,-0.2685774691358081,0.24798900000000001,0.042112777777777666,0.22988410493827574,28.899999999999999,0.259994,-0.075650555555555013,0.070717283950605989,0.28194600000000003,0.06259749999999964,-0.11364521604937494,28.899999999999999,0.27525749999999999,-0.085464166666666133,-0.062883333333343464,0.26908350000000003,0.076984444444443939,0.00052932098766274565
,,,,,,,,,,,,,,28.949999999999999,0.26616800000000002,0.0017149999999999308,0.016303086419752921,0.27354250000000002,0.0045733333333336634,-0.046421450617285427,28.949999999999999,0.26822600000000002,0.0038111111111113539,-0.010215895061729159,0.27131300000000003,-0.016673611111111587,0.0055049382716029277,28.949999999999999,0.18230449999999998,0.029345555555555871,0.027577623456795191,0.38004399999999999,0.01257666666666659,-1.781535648148169,28.949999999999999,0.26771149999999999,-0.0090513888888890722,-0.010798148148148619,0.2728565,0.0020008333333336511,-0.010427623456790729,,,,,,,,,,,,,,,,,,,,,,28.949999999999999,0.29257900000000003,-0.054975277777778588,-0.23988827160494738,0.25021850000000001,0.052879166666667331,0.20415910493827694,28.949999999999999,0.25622100000000003,-0.070886666666667597,0.11539197530863539,0.28469,0.054213055555556222,-0.14185802469135447,28.949999999999999,0.27096999999999999,-0.087655555555556541,-0.031812191358033183,0.2728565,0.076031666666667483,-0.043298456790117172
,,,,,,,,,,,,,,28.999999999999996,0.26616800000000002,0.0021913888888888265,0.019320216049382662,0.27354250000000002,0.0020961111111111753,-0.045468672839508922,28.999999999999996,0.26839750000000001,0.0034299999999999847,-0.0097395061728419354,0.26874049999999999,-0.0075269444444447491,0.060395524691361231,28.999999999999996,0.1857345,0.025820277777778233,-0.27053595679012787,0.37644249999999996,-0.10032750000000157,-1.6510580246913642,28.999999999999996,0.26736850000000001,-0.010194722222222367,-0.010268827160492466,0.27268500000000001,0.0011433333333333981,0.003175925925923237,,,,,,,,,,,,,,,,,,,,,,28.999999999999996,0.28914899999999999,-0.066122777777778738,-0.18176882716048859,0.25330550000000002,0.062597500000000708,0.17446419753085821,28.999999999999996,0.25279099999999999,-0.063550277777778663,0.1518092592592675,0.28726250000000003,0.04735305555555621,-0.15175632716050083,28.999999999999996,0.266511,-0.089275277777778897,0.010427623456799319,0.27680100000000002,0.072506388888889731,-0.079609876543217481
,,,,,,,,,,,,,,29.049999999999997,0.26633950000000001,0.0035252777777776655,0.024772222222221991,0.27371400000000001,0,-0.039222685185186519,29.049999999999997,0.268569,0.0030488888888887387,-0.01169799382716156,0.27096999999999999,-0.0043827777777779133,0.013656481481485022,29.049999999999997,0.18710649999999998,-0.0138152777777776,-0.26206682098765216,0.36563800000000002,-0.1507294444444435,-1.548316820987627,29.049999999999997,0.26668249999999999,-0.010956944444444353,0.0070399691358038414,0.2728565,0.0021913888888887957,0.018896759259256869,,,,,,,,,,,,,,,,,,,,,,29.049999999999997,0.285719,-0.072411111111110579,-0.13492391975307574,0.25656400000000001,0.070314999999999364,0.14339305555554521,29.049999999999997,0.2498755,-0.055546944444444024,0.18430956790124231,0.28949200000000003,0.038968611111110739,-0.16138996913580855,29.049999999999997,0.26188049999999996,-0.087464999999999307,0.066482716049395055,0.28023100000000001,0.066694444444444001,-0.08982577160494698
,,,,,,,,,,,,,,29.099999999999998,0.266511,0.005049722222222215,0.022602006172838567,0.27354250000000002,-0.0017150000000000169,-0.031494598765433507,29.099999999999998,0.26874049999999999,0.0020961111111109814,-0.010692283950616719,0.26891199999999998,-0.010766388888888765,0.037105401234570012,29.099999999999998,0.18230449999999998,-0.018864999999999639,0.094854320987651744,0.36237949999999997,-0.21923416666666462,-1.9077257716049154,29.099999999999998,0.26616800000000002,-0.009718333333333249,0.028477469135801636,0.2728565,0.004096944444444214,0.017149999999999783,,,,,,,,,,,,,,,,,,,,,,29.099999999999998,0.28194600000000003,-0.078508888888888212,-0.10750509259259089,0.26033699999999999,0.077365555555554619,0.10406450617284019,29.099999999999998,0.2471315,-0.045352222222221635,0.21839783950617117,0.2910355,0.032203888888888414,-0.18737962962962876,29.099999999999998,0.25759300000000002,-0.082034166666665589,0.11242777777777652,0.28331800000000001,0.063169166666665985,-0.095013117283950912
,,,,,,,,,,,,,,29.149999999999999,0.26685400000000004,0.0062883333333330869,0.010215895061728143,0.27354250000000002,-0.0032394444444446562,-0.022549074074074974,29.149999999999999,0.26874049999999999,0.0018102777777777035,-0.0076222222222207432,0.26891199999999998,-0.0014291666666665064,0.070187962962962466,29.149999999999999,0.18367649999999999,0.0037158333333332954,0.39662021604937858,0.34986,-0.37777638888888593,-1.5422825617284268,29.149999999999999,0.26565349999999999,-0.0073363888888889279,0.036417283950615824,0.27337099999999998,0.0044780555555554123,0.0035464506172867729,,,,,,,,,,,,,,,,,,,,,,29.149999999999999,0.27782999999999997,-0.083368055555554987,-0.078868827160501795,0.26445299999999999,0.081176666666666231,0.056796141975320187,29.149999999999999,0.24524500000000002,-0.033061388888888633,0.23983533950616631,0.29292200000000002,0.021532777777777495,-0.23321882716048958,29.149999999999999,0.2536485,-0.075364722222221667,0.14328719135801274,0.28657650000000001,0.058691111111110562,-0.1274604938271526
,,,,,,,,,,,,,,29.199999999999999,0.26719699999999996,0.0062883333333332084,-0.0058754629629611125,0.27319949999999998,-0.0042875000000002364,-0.009104320987653125,29.199999999999999,0.26891199999999998,0.0016197222222222505,-0.010215895061726666,0.26925500000000002,-0.00019055555555548019,0.050126697530863795,29.199999999999999,0.18367649999999999,0.020580000000000178,0.76894459876543575,0.31967600000000002,-0.44085027777778368,-0.01593256172842844,29.199999999999999,0.265482,-0.0055261111111111309,0.03329429012345532,0.27337099999999998,0.0035252777777780193,0.0018526234567922209,,,,,,,,,,,,,,,,,,,,,,29.199999999999999,0.27354250000000002,-0.086702777777778448,-0.045204012345687744,0.268569,0.082415277777778836,0.019743672839513608,29.199999999999999,0.24387300000000001,-0.021151666666666933,0.25391527777777673,0.29343649999999999,0.006478888888888844,-0.23533611111111083,29.199999999999999,0.25004700000000002,-0.067837777777778593,0.17488765432098174,0.28932049999999998,0.051354722222222787,-0.17594629629629244
,,,,,,,,,,,,,,29.249999999999996,0.26754,0.0052402777777779035,-0.013233024691357023,0.27302799999999999,-0.0038111111111111076,-0.0021702160493805717,29.249999999999996,0.26891199999999998,0.0011433333333335709,-0.018473302469136119,0.26891199999999998,0.0015244444444444921,0.066006327160493219,29.249999999999996,0.18539149999999999,0.058024166666666877,1.4625138888888938,0.29772399999999999,-0.35633888888889298,1.1081864197531415,29.249999999999996,0.26513900000000001,-0.0043827777777780399,0.034247067901233601,0.27354250000000002,0.0051450000000002093,-0.0075692901234581432,,,,,,,,,,,,,,,,,,,,,,29.249999999999996,0.26908350000000003,-0.088131944444445373,-0.0059813271604895234,0.27268500000000001,0.082986944444445418,-0.013338888888898573,29.249999999999996,0.24301550000000002,-0.0073363888888891117,0.25904969135802702,0.293265,-0.0035252777777777301,-0.20738796296296277,29.249999999999996,0.24678849999999999,-0.058500555555556312,0.21585709876543979,0.29189300000000001,0.040493055555556025,-0.21294583333333908
,,,,,,,,,,,,,,29.299999999999997,0.26771149999999999,0.0042874999999999728,-0.0089984567901227209,0.2728565,-0.0039063888888887883,-0.0053990740740733033,29.299999999999997,0.26908350000000003,-0.00028583333333331954,-0.024983950617285557,0.26925500000000002,0.0059072222222222347,0.086702777777775006,29.299999999999997,0.18522,0.16921333333333247,1.980666203703666,0.28451850000000001,-0.26506277777777631,1.0373103395062064,29.299999999999997,0.26496749999999997,-0.0020961111111113934,0.034829320987655392,0.274057,0.0038111111111110026,-0.031653395061729379,,,,,,,,,,,,,,,,,,,,,,29.299999999999997,0.26462450000000004,-0.087179166666666405,0.032923765432106643,0.27697250000000001,0.081367222222221494,-0.050232561728406289,29.299999999999997,0.24318699999999999,0.0057166666666664473,0.24592253086419702,0.29309350000000001,-0.013434166666666468,-0.1885970679012321,29.299999999999997,0.2440445,-0.046019166666666285,0.25216851851852379,0.29343649999999999,0.028011666666666411,-0.2122047839506197
,,,,,,,,,,,,,,29.349999999999998,0.26788299999999998,0.0046686111111112509,-0.010321759259258328,0.27268500000000001,-0.0046686111111111268,-0.0037052469135797242,29.349999999999998,0.26891199999999998,-0.002191388888889026,-0.017202932098765559,0.269598,0.009241944444444216,0.11290416666666275,29.349999999999998,0.19996899999999998,0.31727499999999648,1.3353709876543052,0.27491450000000001,-0.23485972222221996,0.51317669753086526,29.349999999999998,0.26496749999999997,-0.00047638888888895447,0.029483179012348246,0.274057,0.00038111111111112584,-0.028847993827160131,,,,,,,,,,,,,,,,,,,,,,29.349999999999998,0.26033699999999999,-0.084892499999999496,0.073469753086419648,0.28091699999999997,0.077556111111110174,-0.081621296296295109,29.349999999999998,0.24370149999999999,0.016768888888888816,0.23824737654320918,0.29189300000000001,-0.022199722222221951,-0.17224104938271567,29.349999999999998,0.24215800000000001,-0.032489722222221774,0.27286496913579911,0.29446549999999999,0.019246111111110933,-0.20680570987654059
,,,,,,,,,,,,,,29.399999999999999,0.26822600000000002,0.0040969444444446,-0.024719290123457045,0.27234199999999997,-0.0047638888888887317,0.0076222222222223036,29.399999999999999,0.26874049999999999,-0.0020008333333333124,-0.0096865740740733879,0.269598,0.021151666666666222,0.060924845679012636,29.399999999999999,0.22397900000000001,0.33528249999999787,0.039593209876584788,0.2622235,-0.23533611111110955,0.31457546296293432,29.399999999999999,0.26496749999999997,0.00047638888888895729,0.030647685185187862,0.2738855,0.00019055555555554525,-0.013444753086419696,,,,,,,,,,,,,,,,,,,,,,29.399999999999999,0.25604949999999999,-0.080414444444444108,0.12253780864196724,0.28469,0.073649722222221672,-0.12137330246912482,29.399999999999999,0.24473050000000002,0.029631388888888732,0.22866666666666854,0.29086400000000001,-0.030679444444444291,-0.15588503086420138,29.399999999999999,0.24078600000000003,-0.018483888888888935,0.28615092592592123,0.29549449999999999,0.0082891666666667068,-0.21474552469135502
,,,,,,,,,,,,,,29.449999999999999,0.26839750000000001,0.0018102777777778266,-0.031071141975310052,0.27217050000000004,-0.0038111111111110477,0.018314506172838578,29.449999999999999,0.26874049999999999,-0.00228666666666663,-0.017520524691358175,0.27234199999999997,0.021151666666666694,-0.088502469135801662,29.449999999999999,0.23615549999999999,0.29155000000000336,-0.75274737654319468,0.25039,-0.22047277777778032,0.46500848765430353,29.449999999999999,0.26496749999999997,0.0021913888888891965,0.037846450617285469,0.274057,0.00038111111111110898,-0.018579166666666511,,,,,,,,,,,,,,,,,,,,,,29.449999999999999,0.25210499999999997,-0.072125277777778565,0.16170756172839193,0.28846299999999997,0.065932222222222961,-0.16858873456789514,29.449999999999999,0.24678849999999999,0.040302500000000387,0.20934645061728874,0.28880600000000001,-0.038396944444444969,-0.12751342592593021,29.449999999999999,0.24027149999999997,-0.0036205555555556702,0.29155000000000303,0.295323,-0.0028583333333332237,-0.21278703703703936
,,,,,,,,,,,,,,29.499999999999996,0.26839750000000001,-0.00057166666666660796,-0.01460925925926026,0.27199899999999999,-0.0032394444444445477,0.029906635802469633,29.499999999999996,0.268569,-0.0036205555555555297,-0.027948148148149273,0.27251349999999996,0.0069552777777776948,-0.14175216049382811,29.499999999999996,0.2536485,0.22904777777778032,-0.93763919753089564,0.23958550000000001,-0.19227055555555794,0.70209135802471556,29.499999999999996,0.26513900000000001,0.0046686111111113593,0.038322839506171498,0.274057,-0.0015244444444444144,-0.025619135802469162,,,,,,,,,,,,,,,,,,,,,,29.499999999999996,0.2488465,-0.063359722222222845,0.18468009259259996,0.29137849999999998,0.056118611111111931,-0.20304753086420443,29.499999999999996,0.2488465,0.049544444444444953,0.20553533950617017,0.28691949999999999,-0.043732500000000459,-0.095013117283946846,29.499999999999996,0.24044300000000002,0.010861666666666872,0.29012083333333488,0.29515150000000001,-0.01333888888888894,-0.2046884259259282
,,,,,,,,,,,,,,29.549999999999997,0.26822600000000002,0.00019055555555554525,0.005610802469134815,0.27165600000000001,0.00019055555555571842,0.020590586419752501,29.549999999999997,0.26839750000000001,-0.0054308333333334532,-0.030594753086419717,0.27251349999999996,0.00085750000000005613,-0.081833024691356046,29.549999999999997,0.257936,0.18131361111111033,-0.75560570987656872,0.2296385,-0.13796222222222146,0.72749876543211445,29.549999999999997,0.265482,0.0064788888888887867,0.029694907407406448,0.2738855,-0.0030488888888888024,-0.018367438271605207,,,,,,,,,,,,,,,,,,,,,,29.549999999999997,0.24575949999999999,-0.053927222222221953,0.2104580246913634,0.29412250000000001,0.044875833333333039,-0.22332052469136376,29.549999999999997,0.25159049999999999,0.060977777777777332,0.19606049382715315,0.28434700000000002,-0.047448333333332947,-0.071087808641970229,29.549999999999997,0.2413005,0.02610611111111083,0.27402947530863719,0.29395100000000002,-0.023057222222222121,-0.19653688271604816
,,,,,,,,,,,,,,29.599999999999998,0.26839750000000001,0.0012386111111110315,0.0085220679012338665,0.27217050000000004,0.00076222222222213209,-0.021808024691359049,29.599999999999998,0.26805449999999997,-0.0075269444444444637,-0.016408950617282921,0.27234199999999997,-0.00047638888888876268,-0.02408410493827105,29.599999999999998,0.26908350000000003,0.17826472222222015,-0.92302993827159963,0.22723750000000001,-0.10632999999999897,0.50873040123456736,29.599999999999998,0.26582499999999998,0.0074316666666667574,0.022284413580248158,0.27371400000000001,-0.0039063888888889505,-0.0018526234567906603,,,,,,,,,,,,,,,,,,,,,,29.599999999999998,0.24335849999999998,-0.042493888888888463,0.23803564814814696,0.29583749999999998,0.033728333333332937,-0.24025879629629443,29.599999999999998,0.25502049999999998,0.070696111111110502,0.15657314814814841,0.28211750000000002,-0.049734999999999648,-0.066218055555556446,29.599999999999998,0.24318699999999999,0.038873333333332961,0.24481095679012163,0.29292200000000002,-0.033442499999999951,-0.17901635802469126
,,,,,,,,,,,,,,29.649999999999999,0.26839750000000001,0.001524444444444355,0.00058225308641988158,0.27199899999999999,-0.003430000000000094,-0.038005246913580239,29.649999999999999,0.26754,-0.007622222222222203,0.007728086419753844,0.27234199999999997,0.0016197222222223918,-0.024719290123457627,29.649999999999999,0.28091699999999997,0.092705277777777206,-1.1364521604938054,0.220549,-0.10070861111111033,0.46432037037035928,29.649999999999999,0.26616800000000002,0.0090513888888891555,0.0093689814814814937,0.27337099999999998,-0.0025724999999999806,0.0035993827160490724,,,,,,,,,,,,,,,,,,,,,,29.649999999999999,0.24147199999999999,-0.030012499999999789,0.26254320987653945,0.2975525,0.021342222222222082,-0.26402530864197044,29.649999999999999,0.25879350000000001,0.077460833333333062,0.098453703703712758,0.27954499999999999,-0.054594166666666527,-0.054731790123462687,29.649999999999999,0.24524500000000002,0.050116111111110723,0.22162669753086953,0.29052099999999997,-0.042208055555555575,-0.13995246913580542
,,,,,,,,,,,,,,29.699999999999999,0.268569,0.0013338888888888385,-0.0098983024691353446,0.27165600000000001,-0.0048591666666666922,-0.01932021604938387,29.699999999999999,0.26719699999999996,-0.0059072222222221306,0.017097067901235306,0.27268500000000001,-0.00066694444444444971,-0.064100771604940585,29.699999999999999,0.277144,0.028773888888889043,-0.78000740740740604,0.2145465,-0.058595833333333951,0.37894089506172923,29.699999999999999,0.26685400000000004,0.008479722222222404,-0.003758179012348508,0.27354250000000002,-0.002572500000000011,-0.0084162037037049005,,,,,,,,,,,,,,,,,,,,,,29.699999999999999,0.24027149999999997,-0.015720833333333344,0.27572330246913768,0.29806699999999997,0.0069552777777779906,-0.27826404320987785,29.699999999999999,0.26290950000000002,0.080700277777778814,0.036046759259264982,0.27645799999999998,-0.056023333333333973,-0.030488888888893406,29.699999999999999,0.24816049999999998,0.061454166666667288,0.19219645061729307,0.28846299999999997,-0.046495555555556095,-0.11496851851852163
,,,,,,,,,,,,,,29.749999999999996,0.268569,0.00028583333333331954,-0.01590080246913526,0.27148450000000002,-0.0056213888888891053,0.0086596913580241092,29.749999999999996,0.26702550000000003,-0.0052402777777776884,0.012851913580246691,0.27251349999999996,-0.0061930555555557475,-0.067128487654320668,29.749999999999996,0.27971650000000003,0.028392777777778294,-0.6372601234567955,0.21591849999999999,-0.041064722222222412,-0.024232314814811654,29.749999999999996,0.26702550000000003,0.0077174999999998642,0.00057166666666351017,0.27319949999999998,-0.0040969444444446277,-0.0098030246913584224,,,,,,,,,,,,,,,,,,,,,,29.749999999999996,0.23992850000000002,-0.0018102777777776107,0.27456938271605152,0.29823850000000002,-0.0072411111111110324,-0.27411416666667049,29.749999999999996,0.26702550000000003,0.080319166666667441,-0.011581543209883976,0.2738855,-0.056404444444445069,-0.025026296296293105,29.749999999999996,0.25159049999999999,0.069171666666667533,0.16517990740740726,0.28606199999999998,-0.05326027777777833,-0.099755833333329366
,,,,,,,,,,,,,,29.799999999999997,0.268569,-0.0003811111111110932,-0.017848703703702753,0.27096999999999999,-0.0036205555555557539,0.030663564814815539,29.799999999999997,0.26668249999999999,-0.0048591666666667,0.010554660493827453,0.27234199999999997,-0.014672777777777443,0.051312376543212024,29.799999999999997,0.28263199999999999,-0.0123861111111115,-0.82654001543209621,0.21368899999999999,-0.076793888888888287,-0.11506908950616508,29.799999999999997,0.26754,0.0083844444444441269,0.0086755709876539123,0.27302799999999999,-0.0039063888888888881,-0.0047691820987651777,,,,,,,,,,,,,,,,,,,,,,29.799999999999997,0.24010000000000001,0.011909722222222077,0.26641254629629535,0.29738100000000001,-0.021818611111111125,-0.24093632716049343,29.799999999999997,0.27096999999999999,0.078699444444443933,-0.041334675925931506,0.27096999999999999,-0.058786388888888742,-0.0147098302469095,29.799999999999997,0.25502049999999998,0.077365555555555535,0.1455791512345638,0.28297499999999998,-0.05716666666666622,-0.077190879629625717
,,,,,,,,,,,,,,29.849999999999998,0.268569,-0.0016197222222221299,-0.015593796296295608,0.27114149999999998,-0.001715000000000027,0.034188842592593464,29.849999999999998,0.266511,-0.004096944444444312,0.0076328086419761819,0.2697695,-0.0016197222222220529,0.16907570987654155,29.849999999999998,0.27988799999999997,-0.071934722222221706,-0.71391109567901567,0.206486,-0.081271944444443744,0.31898470679011687,29.849999999999998,0.26788299999999998,0.008860833333333238,0.012581959876544308,0.2728565,-0.0044780555555556994,-0.00091572530864099909,,,,,,,,,,,,,,,,,,,,,,29.849999999999998,0.24112899999999998,0.025343888888888819,0.24535615740741137,0.29583749999999998,-0.032108611111110935,-0.18978274691358268,29.849999999999998,0.27491450000000001,0.076126944444443997,-0.065143533950610788,0.26788299999999998,-0.058881666666666499,0.010390570987652043,29.849999999999998,0.25930800000000004,0.085083055555555454,0.10215365740741224,0.28023100000000001,-0.059358055555555171,-0.081139614197537416
,,,,,,,,,,,,,,29.899999999999999,0.26839750000000001,-0.0025153333333332415,-0.0032076851851852617,0.2707985,5.7166666666627706e-05,0.030314212962963605,29.899999999999999,0.26633950000000001,-0.0044018333333332013,0.010925185185185387,0.27199899999999999,0.01446316666666706,0.075174166666665362,29.899999999999999,0.2738855,-0.10444350000000126,-0.2530101388889045,0.20322750000000001,-0.044475666666667267,0.77525939814815448,29.899999999999999,0.26839750000000001,0.0098898333333333477,0.011322175925925063,0.27251349999999996,-0.0038301666666667872,-0.00058754629629084818,,,,,,,,,,,,,,,,,,,,,,29.899999999999999,0.24267250000000001,0.036986833333333947,0.21512134259260055,0.29412250000000001,-0.040359666666666967,-0.14726768518519276,29.899999999999999,0.27868749999999998,0.071858500000000866,-0.079382268518513766,0.26496749999999997,-0.057052333333333836,0.02304134259259168,29.899999999999999,0.26376700000000003,0.088093833333334357,0.052799768518524672,0.27731549999999999,-0.065513000000000723,-0.080811435185195957
,,,,,,,,,,,,,,29.949999999999996,0.26822600000000002,-0.0019055555555554833,0.0088184876543207572,0.27114149999999998,0.0018579166666666074,0.015752592592592922,29.949999999999996,0.26599650000000002,-0.003429999999999872,0.021347515432098663,0.27268500000000001,0.0074316666666666186,-0.051884043209883469,29.949999999999996,0.26685400000000004,-0.092467083333334865,0.16741364197530748,0.2011695,0.011671527777778053,1.0027033333333444,29.949999999999996,0.26891199999999998,0.010147083333333124,0.0067647222222190348,0.27251349999999996,-0.0039540277777773483,-0.010623472222213153,,,,,,,,,,,,,,,,,,,,,,29.949999999999996,0.24490200000000001,0.047019583333334204,0.18170001543210043,0.29172150000000002,-0.046590833333334115,-0.10931007716049775,29.949999999999996,0.28211750000000002,0.067313750000000838,-0.078275987654328416,0.2622235,-0.055689861111111461,0.021474552469142056,29.949999999999996,0.26822600000000002,0.089037083333334488,0.024380524691353128,0.27354250000000002,-0.06921930555555672,-0.053175586419756678
,,,,,,,,,,,,,,29.999999999999996,0.26822600000000002,-0.00095277777777774426,0.015477345679011682,0.27114149999999998,0.0011433333333332985,-0.00034935185185139332,29.999999999999996,0.26599650000000002,-0.0017149999999999407,0.028752716049381677,0.27234199999999997,0.00057166666666630514,-0.11247012345679636,29.999999999999996,0.26496749999999997,-0.065170000000001338,0.41139885802468995,0.20665749999999999,0.066503888888888238,1.082450833333324,29.999999999999996,0.26942649999999996,0.010289999999999544,0.0043510185185141057,0.27217050000000004,-0.0053355555555545213,-0.019786018518507229,,,,,,,,,,,,,,,,,,,,,,29.999999999999996,0.24781750000000002,0.053736666666666912,0.15455114197530204,0.28914899999999999,-0.049735000000000446,-0.082277654320985869,29.999999999999996,0.28520449999999997,0.064026666666666246,-0.072421697530881249,0.25947950000000003,-0.055070555555555067,0.017033549382728178,29.999999999999996,0.27268500000000001,0.089179999999999968,0.0096018827160341703,0.27011249999999998,-0.069552777777778435,-0.028128117283946829
