"Run 1:Time(s)","Run 1:Position(m)","Run 1:Velocity(m/s)","Run 1:Acceleration(m/s^2)","Run 1:Position 1(m)","Run 1:Velocity 1(m/s)","Run 1:Acceleration 1(m/s^2)","Run 2:Time(s)","Run 2:Position(m)","Run 2:Velocity(m/s)","Run 2:Acceleration(m/s^2)","Run 2:Position 1(m)","Run 2:Velocity 1(m/s)","Run 2:Acceleration 1(m/s^2)","Run 3:Time(s)","Run 3:Position(m)","Run 3:Velocity(m/s)","Run 3:Acceleration(m/s^2)","Run 3:Position 1(m)","Run 3:Velocity 1(m/s)","Run 3:Acceleration 1(m/s^2)","Run 4:Time(s)","Run 4:Position(m)","Run 4:Velocity(m/s)","Run 4:Acceleration(m/s^2)","Run 4:Position 1(m)","Run 4:Velocity 1(m/s)","Run 4:Acceleration 1(m/s^2)","Run 5:Time(s)","Run 5:Position(m)","Run 5:Velocity(m/s)","Run 5:Acceleration(m/s^2)","Run 5:Position 1(m)","Run 5:Velocity 1(m/s)","Run 5:Acceleration 1(m/s^2)","Run 6:Time(s)","Run 6:Position(m)","Run 6:Velocity(m/s)","Run 6:Acceleration(m/s^2)","Run 6:Position 1(m)","Run 6:Velocity 1(m/s)","Run 6:Acceleration 1(m/s^2)","Run 7:Time(s)","Run 7:Position(m)","Run 7:Velocity(m/s)","Run 7:Acceleration(m/s^2)","Run 7:Position 1(m)","Run 7:Velocity 1(m/s)","Run 7:Acceleration 1(m/s^2)","Run 8:Time(s)","Run 8:Position(m)","Run 8:Velocity(m/s)","Run 8:Acceleration(m/s^2)","Run 8:Position 1(m)","Run 8:Velocity 1(m/s)","Run 8:Acceleration 1(m/s^2)","Run 9:Time(s)","Run 9:Position(m)","Run 9:Velocity(m/s)","Run 9:Acceleration(m/s^2)","Run 9:Position 1(m)","Run 9:Velocity 1(m/s)","Run 9:Acceleration 1(m/s^2)"
0,0.25004700000000002,0.010099444444444414,0.008151543209878237,0.26891199999999998,-0.0022866666666665481,0.025248611111109803,0,0.17887450000000002,-0.00019055555555557653,0.038386358024690204,0.26754,0.001714999999999911,-0.037031296296295459,0,0.24918950000000001,-0.044780555555555733,0.39552981481481514,0.27354250000000002,-0.092610000000000636,2.6632997222222277,0,0.27988799999999997,-0.074507222222222003,-0.20446611111111149,0.17784549999999999,0.0089561111111111699,-0.046887253086419257,0,0.28777700000000001,0.071839444444444664,-0.38123814814815099,0.28126000000000001,-0.031251111111111465,0.3954239506172883,0,0.323106,0.020961111111110767,-0.66902996913579582,0.29600900000000002,-0.0038111111111112836,-0.19214351851851752,0,0.44212699999999999,0.26887388888888913,-0.5268225925925959,0.24473050000000002,-0.23019111111111148,-0.19418669753086185,0,0.36460899999999996,0.050116111111111909,0.28074126543209071,0.33579700000000001,-0.061930555555555489,-0.31676685185185643,0,0.42171849999999994,0.10099444444444526,0.028466882716039726,0.28417550000000003,-0.057928888888889647,-0.4507379938271508
0.049999999999999996,0.25021850000000001,0.013624722222222318,-0.070637885802468534,0.26874049999999999,-0.0010004166666666148,0.022310879629628497,0.049999999999999996,0.17887450000000002,0.0010480555555554857,0.057844197530863097,0.26771149999999999,-0.0002858333333333648,-0.032918472222221599,0.049999999999999996,0.2461025,-0.024391111111111304,0.35700583333333452,0.26033699999999999,0.076460416666666239,1.6424618518518574,0.049999999999999996,0.27645799999999998,-0.083844444444444235,-0.22396629629629713,0.17835999999999999,0.0071934722222223198,-0.063952561728394974,0.049999999999999996,0.29172150000000002,0.057357222222222289,-0.47800861111111348,0.27851599999999999,-0.0070505555555557152,0.29208461419753501,0.049999999999999996,0.32602149999999996,-0.017674027777777695,-0.50947674382715646,0.29618050000000001,-0.01333888888888903,-0.16729189814814679,0.049999999999999996,0.45670450000000001,0.24191027777777785,-0.47899314814815047,0.233926,-0.24357763888888917,-0.066080432098762742,0.049999999999999996,0.36666700000000002,0.062645138888889243,0.31911174382715407,0.33322450000000003,-0.076126944444444705,-0.36288129629629812,0.049999999999999996,0.42669200000000002,0.1032334722222224,0.018378024691352402,0.28228899999999996,-0.081700694444444596,-0.39509047839505512
0.099999999999999992,0.25193350000000003,0.0085750000000001103,-0.16425888888888973,0.26874049999999999,0.00057166666666663701,0.013450046296295733,0.099999999999999992,0.17887450000000002,0.0032584999999998401,0.083653888888888292,0.26754,-0.0017721666666666673,-0.026264907407407039,0.099999999999999992,0.24593099999999998,-0.0037730000000001109,0.26312546296296502,0.28228899999999996,0.14371699999999996,0.20467254629630116,0.099999999999999992,0.27199899999999999,-0.095068166666666468,-0.24416518518518693,0.178703,0.0032585000000000899,-0.076968564814815246,0.099999999999999992,0.29515150000000001,0.027211333333333327,-0.53508000000000222,0.28091699999999997,0.0019436666666668434,0.18023379629629899,0.099999999999999992,0.32173400000000002,-0.04396116666666644,-0.23287476851851782,0.295323,-0.025153333333333378,-0.085241851851850278,0.099999999999999992,0.46750900000000001,0.21306016666666652,-0.35706935185185201,0.22037749999999998,-0.24816050000000009,0.15960615740740999,0.099999999999999992,0.37009700000000001,0.080490666666666641,0.36086458333332971,0.32893699999999998,-0.09598283333333367,-0.40689962962962745,0.099999999999999992,0.43235149999999994,0.10021316666666664,0.03307726851851811,0.27680100000000002,-0.10370033333333324,-0.27711541666666406
0.14999999999999999,0.25193350000000003,-0.0097183333333333861,-0.14249320987654443,0.26891199999999998,0.00028583333333331856,0.0054255401234570748,0.14999999999999999,0.178703,0.012862499999999796,0.047490679012346708,0.26754,-0.0031441666666667811,-0.015329135802467392,0.14999999999999999,0.24644549999999998,0.0046686111111111771,0.12647595679012527,0.28280349999999999,0.073745000000000185,-0.80213831790123258,0.14999999999999999,0.26736850000000001,-0.11280888888888885,-0.18821595679012604,0.178703,-0.00028583333333327254,-0.08137251543209971,0.14999999999999999,0.29480850000000003,-0.0070505555555557464,-0.39087179012345802,0.27885900000000002,0.0072411111111113221,0.12838151234567866,0.14999999999999999,0.31984750000000001,-0.038682777777777753,0.033458379629629054,0.29309350000000001,-0.026963611111111046,0.078339506172840329,0.14999999999999999,0.47676999999999997,0.20484722222222229,-0.23077336419752906,0.20785799999999999,-0.23057222222222215,0.43896060185185287,0.14999999999999999,0.37472749999999999,0.098898333333333324,0.39541865740740662,0.32379199999999997,-0.11709638888888878,-0.44078675925925581,0.14999999999999999,0.43595299999999998,0.10880722222222261,0.014307546296296929,0.27114149999999998,-0.11233249999999999,-0.11115211419753057
0.19999999999999998,0.25004700000000002,-0.012671944444444529,0.0023290123456786902,0.26874049999999999,0.00047638888888889506,0.0074898919753096605,0.19999999999999998,0.18058949999999999,0.013719999999999984,-0.085940555555553688,0.26719699999999996,-0.0039063888888886868,0.0071881790123479701,0.19999999999999998,0.24678849999999999,0.0057166666666668324,0.041435246913580227,0.28811999999999999,0.0167688888888891,-0.94513967592592707,0.19999999999999998,0.259994,-0.11776333333333351,-0.063232685185186363,0.17904600000000001,-0.0089561111111111421,-0.0074687191358032831,0.19999999999999998,0.29360799999999998,-0.023628888888889057,-0.030954691358024238,0.28126000000000001,0.017435833333333293,0.036565493827160019,0.19999999999999998,0.3188185,-0.041826944444444347,0.33366807098765378,0.29189300000000001,-0.014768055555555467,0.20151249999999929,0.19999999999999998,0.48774600000000001,0.19970222222222248,-0.30052728395061717,0.196882,-0.20065500000000003,0.67579998456790147,0.19999999999999998,0.3798725,0.12071694444444457,0.4096997376543195,0.31761800000000001,-0.14596555555555532,-0.37511919753086342,0.19999999999999998,0.44384200000000001,0.10690166666666691,-0.092308287037038958,0.26513900000000001,-0.1123324999999999,0.020521774691356898
0.24999999999999997,0.25004700000000002,-0.0042875000000000404,0.066165123456790056,0.26891199999999998,0.0013338888888889432,0.0040228395061747552,0.24999999999999997,0.18076100000000001,0.0019055555555556264,-0.16198280864197429,0.26702550000000003,-0.0021913888888885286,0.02559796296296174,0.24999999999999997,0.24696000000000001,0.0058119444444444815,0.017816944444443004,0.28417550000000003,-0.038682777777777864,-0.60477040123456893,0.24999999999999997,0.25519199999999997,-0.11538138888888903,0.0051767592592605787,0.1771595,-0.0056213888888889821,0.14592320987654375,0.24999999999999997,0.29086400000000001,-0.0090513888888889751,0.28738953703703812,0.28160299999999999,0.010194722222222341,-0.029504351851851601,0.24999999999999997,0.31418800000000002,-0.013815277777777709,0.70412395061728217,0.29172150000000002,-0.0020961111111111258,0.22882546296296105,0.24999999999999997,0.49717850000000002,0.18417194444444449,-0.55092787037037139,0.18762099999999998,-0.16216277777777779,0.87304086419753213,0.24999999999999997,0.38673250000000003,0.14301194444444423,0.35338527777777623,0.30801400000000001,-0.15372116666666652,-0.29295799382716164,0.24999999999999997,0.447272,0.094039166666666729,-0.10749450617284213,0.25982250000000001,-0.10785444444444466,0.10281530864197497
0.29999999999999999,0.25004700000000002,-0.0014291666666667163,0.04679197530864157,0.26891199999999998,0.0013338888888891898,-0.0060342592592583294,0.29999999999999999,0.1809325,-0.011433333333333233,-0.070981944444444681,0.26702550000000003,-0.00095277777777772832,0.034194135802465192,0.29999999999999999,0.247303,0.0068599999999999382,0.016091358024690149,0.28228899999999996,-0.048496388888888936,-0.12634891975308496,0.29999999999999999,0.24867499999999998,-0.11442861111111102,0.030118364197532388,0.17784549999999999,0.010861666666666705,0.19399614197531012,0.29999999999999999,0.29154999999999998,0.02505805555555549,0.24883379629629784,0.28194600000000003,0.0086702777777779138,0.0046050925925913535,0.29999999999999999,0.31521700000000002,0.050401944444444263,0.60718410493826991,0.29172150000000002,0.010004166666666396,0.20018919753086403,0.29999999999999999,0.507297,0.14691833333333337,-0.83934429012345702,0.18007499999999999,-0.11185611111111093,0.9962350308641984,0.29999999999999999,0.39444999999999997,0.1587327777777775,0.24094691358024919,0.30252600000000002,-0.16911805555555548,-0.29954274691358235,0.29999999999999999,0.45241700000000001,0.094134444444444368,-0.086364012345681238,0.25433449999999996,-0.10185194444444449,0.16874753086419969
0.34999999999999998,0.25004700000000002,-0.0010480555555556863,0.041816358024691448,0.26908350000000003,0.00076222222222249128,-0.015138580246915554,0.34999999999999998,0.17887450000000002,-0.010956944444444417,0.11761512345678909,0.26685400000000004,0.0016197222222218918,0.030488888888887313,0.34999999999999998,0.24764600000000001,0.0080033333333332114,0.0082574074074072915,0.278173,-0.03630083333333306,0.06150709876543279,0.34999999999999998,0.2440445,-0.11642944444444436,0.10602299382716072,0.178703,0.018960277777777954,0.12200848765432121,0.34999999999999998,0.29549449999999999,0.026106111111111243,0.012015586419753888,0.28211750000000002,0.012004999999999934,0.021596296296294615,0.34999999999999998,0.32121949999999999,0.076031666666666498,-0.080033333333333276,0.29275049999999997,0.020103611111111027,0.12195555555555791,0.34999999999999998,0.51312800000000003,0.085464166666666674,-0.86221095679012316,0.17578750000000001,-0.051735833333333182,0.89751666666666663,0.34999999999999998,0.40285349999999998,0.16835583333333351,0.11173966049383031,0.29172150000000002,-0.19150833333333342,-0.19240817901234808,0.34999999999999998,0.4570475,0.088227222222222082,-0.1206851851851866,0.249361,-0.090609166666666421,0.22194429012345748
0.39999999999999997,0.2498755,0.00047638888888878718,0.071193672839507685,0.26908350000000003,-0.001333888888888974,-0.0052932098765450788,0.39999999999999997,0.178703,0.0095277777777777028,0.1385233024691353,0.26719699999999996,0.0034299999999998225,0.0022760802469156557,0.39999999999999997,0.24816049999999998,0.0080033333333332443,-0.0035993827160481079,0.27903050000000001,-0.027344722222222104,-0.044515895061730169,0.39999999999999997,0.23615549999999999,-0.10490083333333328,0.19018503086419722,0.17938900000000002,0.029821944444444522,-0.072464043209878023,0.39999999999999997,0.295323,0.006860000000000077,0.0520851851851842,0.28331800000000001,0.013434166666666527,-0.001640895061728884,0.39999999999999997,0.32516400000000001,0.049258611111110941,-0.93478086419752948,0.29412250000000001,0.022580833333333522,0.035252777777778639,0.39999999999999997,0.51398549999999998,0.054594166666666832,-0.75682314814814822,0.175959,-0.012386111111111042,0.62470462962962925,0.39999999999999997,0.411943,0.16606916666666696,0.054890586419752661,0.28211750000000002,-0.19169888888888922,-0.031335802469135428,0.39999999999999997,0.4611635,0.083368055555555265,-0.19436666666666599,0.24524500000000002,-0.078127777777777699,0.24777515432098587
0.44999999999999996,0.2498755,0.0059072222222223024,0.095489506172841174,0.26874049999999999,0,0.0077810185185182221,0.44999999999999996,0.18076100000000001,0.01343416666666662,-0.02794814814814775,0.26736850000000001,0.0020961111111112494,-0.026571913580245545,0.44999999999999996,0.24850349999999999,0.0070505555555556388,-0.0032288580246900797,0.27680100000000002,-0.042779722222222323,-0.14778641975308754,0.44999999999999996,0.23324,-0.087750833333333292,0.12132037037036969,0.18333350000000001,0.011338055555555478,-0.24242901234568029,0.44999999999999996,0.29309350000000001,0.032966111111111036,0.062036419753085485,0.283661,0.011242777777777721,-0.019902469135802504,0.44999999999999996,0.32825099999999996,-0.027630555555555516,-1.5456702160493807,0.29515150000000001,0.021532777777777835,-0.016726543209878254,0.44999999999999996,0.51895900000000006,0.01772166666666674,-0.7673037037037056,0.17578750000000001,0.0040016666666667531,0.48491095679012325,0.44999999999999996,0.41914600000000002,0.16845111111111113,0.089296450617281531,0.27251349999999996,-0.1897933333333334,0.051238271604941377,0.44999999999999996,0.46545099999999995,0.073554444444444284,-0.35003996913579843,0.24164350000000001,-0.066408611111111265,0.28048719135802397
0.49999999999999994,0.25021850000000001,0.01486333333333352,0.026254320987653946,0.26908350000000003,0.0012386111111112013,-0.0084691358024708407,0.49999999999999994,0.1809325,0.0021913888888888682,-0.1195206790123447,0.26754,-0.0013338888888888201,-0.017308796296297575,0.49999999999999994,0.2488465,0.0065741666666667281,0.017150000000000745,0.27422849999999999,-0.050592500000000033,-0.1041703703703698,0.49999999999999994,0.2289525,-0.095563611111111169,0.1018413580246912,0.18076100000000001,-0.010861666666666769,-0.11803858024691349,0.49999999999999994,0.29995349999999998,0.035729166666666611,-0.26646018518518522,0.28434700000000002,0.010289999999999931,-0.018843827160494524,0.49999999999999994,0.32396350000000002,-0.13415111111111089,-1.5214273148148154,0.29618050000000001,0.020675277777777695,-0.060554320987656819,0.49999999999999994,0.51604349999999999,-0.022009166666666701,-0.78275987654321277,0.17630200000000001,0.021151666666666746,0.62830401234567834,0.49999999999999994,0.42823549999999999,0.17950333333333324,0.037158333333331565,0.26308100000000001,-0.18445777777777753,0.089931635802470197,0.49999999999999994,0.46939549999999997,0.048020000000000319,-0.47538317901234189,0.23838499999999999,-0.050687777777777838,0.32076851851852001
0.54999999999999993,0.25193350000000003,0.012386111111111176,-0.11025756172839755,0.26908350000000003,-0.0010480555555558095,-0.021278703703705354,0.54999999999999993,0.1809325,-0.0091466666666665444,-0.027207098765431693,0.26702550000000003,-0.0012386111111112928,0.02011419753086326,0.54999999999999993,0.24901799999999999,0.0087655555555556722,0.036629012345679737,0.27148450000000002,-0.054213055555555494,-0.023660648148147483,0.54999999999999993,0.22277849999999999,-0.08775083333333332,0.24983950617284001,0.180418,-0.0022866666666666873,0.050232561728395742,0.54999999999999993,0.2996105,-0.0090513888888889369,-0.31738086419753014,0.28469,0.0092419444444442125,-0.013709413580246696,0.54999999999999993,0.31333050000000001,-0.20980166666666675,-0.86835108024691499,0.29738100000000001,0.016483055555555255,-0.11465092592592695,0.54999999999999993,0.51672950000000006,-0.061644722222222448,-0.79562237654321277,0.17664500000000002,0.061644722222222226,0.87745540123456689,0.54999999999999993,0.437668,0.17864583333333317,-0.13349475308642009,0.25416300000000003,-0.18074194444444436,0.11925601851851657,0.54999999999999993,0.47076750000000001,0.014577500000000387,-0.39095648148148093,0.2364985,-0.033156666666666522,0.33924182098765532
0.59999999999999998,0.25193350000000003,0.00066694444444414787,-0.18002206790123529,0.26891199999999998,-0.0023819444444446911,-0.0085749999999989428,0.59999999999999998,0.17887450000000002,-0.0011433333333332742,0.087337962962962035,0.26719699999999996,0.0026677777777776401,0.025142746913581603,0.59999999999999998,0.24970400000000001,0.011623888888889058,0.026254320987654341,0.268569,-0.051545277777777759,0.041710493827161181,0.59999999999999998,0.2193485,-0.066122777777777711,0.32997870370370386,0.18076100000000001,0.0043827777777778135,0.048062345679012443,0.59999999999999998,0.29686649999999998,-0.0176263888888889,0.0065106481481495117,0.28520449999999997,0.0094324999999999427,-0.016567746913578877,0.59999999999999998,0.29995349999999998,-0.22361694444444447,-0.12343765432098834,0.29806699999999997,0.0079080555555553003,-0.14376358024691183,0.59999999999999998,0.50986949999999998,-0.10347166666666724,-0.75962854938271507,0.18161850000000002,0.1190019444444444,0.94319706790123437,0.59999999999999998,0.44658599999999998,0.16768888888888875,-0.32934351851851723,0.24490200000000001,-0.17435833333333348,0.1824569444444428,0.59999999999999998,0.46956700000000001,0.0031441666666669355,-0.19711913580247076,0.23512650000000002,-0.016292499999999915,0.34564660493827115
0.64999999999999991,0.25210499999999997,-0.012671944444444529,-0.11311589506172594,0.26874049999999999,-0.0019055555555555805,0.0069341049382733696,0.64999999999999991,0.18076100000000001,0.0091466666666666103,0.041339969135801645,0.26754,0.0027630555555556904,0.0027524691358032463,0.64999999999999991,0.25021850000000001,0.012576666666666804,-0.0022231481481492037,0.26633950000000001,-0.04830583333333318,0.07193472222222233,0.64999999999999991,0.21660450000000001,-0.049449166666666655,0.3191805555555553,0.18127550000000001,0.0054308333333332988,-0.030330092592592825,0.64999999999999991,0.2965235,-0.0019055555555554261,0.23676527777777889,0.285719,0.0080986111111111241,-0.028953858024690526,0.64999999999999991,0.28966350000000002,-0.20437083333333339,0.2770995370370361,0.29806699999999997,0.00057166666666663712,-0.14434583333333048,0.64999999999999991,0.50592499999999996,-0.13500861111111115,-0.73909089506172509,0.18916450000000001,0.16625972222222218,0.80123317901234581,0.64999999999999991,0.45533249999999997,0.13862916666666664,-0.38407530864197265,0.2364985,-0.16311555555555568,0.25957901234567876,0.64999999999999991,0.47042450000000002,0.0040016666666668919,-0.14334012345679339,0.23478350000000001,0.0020008333333333839,0.33802438271604812
0.69999999999999996,0.25004700000000002,-0.014482222222221999,0.029218518518519657,0.26874049999999999,-0.0013338888888888509,0.016673611111111656,0.69999999999999996,0.18076100000000001,0.0034299999999999613,-0.025407407407407757,0.26754,0.0016197222222222309,-0.0025407407407417129,0.69999999999999996,0.25107600000000002,0.011909722222222316,-0.026042592592595021,0.26376700000000003,-0.044780555555555462,0.10427623456789976,0.69999999999999996,0.2145465,-0.035062222222222231,0.30642391975308642,0.181447,0.00076222222222218315,-0.1096753086419751,0.69999999999999996,0.2965235,0.020389444444444595,0.20214768518518492,0.28606199999999998,0.0059072222222221636,-0.03175925925925787,0.69999999999999996,0.2793735,-0.17836000000000027,0.28758009259259371,0.29806699999999997,-0.0060024999999998439,-0.14985077160493673,0.69999999999999996,0.497693,-0.18617277777777771,-0.56706157407407332,0.19894000000000001,0.19960694444444446,0.62216388888888874,0.69999999999999996,0.45979149999999996,0.12157444444444469,-0.28043425925925769,0.228438,-0.14796638888888899,0.33140787037037062,0.69999999999999996,0.47093900000000005,-0.0078127777777778681,-0.16070185185185548,0.23546950000000003,0.017721666666666597,0.32394444444444304
0.74999999999999989,0.25004700000000002,-0.0045733333333332652,0.082521141975307508,0.268569,0,0.01926728395061687,0.74999999999999989,0.18076100000000001,0.0022866666666665945,-0.026571913580246919,0.26754,0.0024772222222221247,-0.0061930555555561673,0.74999999999999989,0.25193350000000003,0.0040016666666665033,0.050497222222219855,0.26170900000000002,-0.038301666666666748,0.13841743827160344,0.74999999999999989,0.213003,-0.020008333333333253,0.31113487654320915,0.181447,-0.0064788888888888604,-0.14683364197530846,0.74999999999999989,0.29943900000000001,0.026391944444444589,-0.0083103395061750098,0.28623349999999997,0.0048591666666668466,-0.03498811728394937,0.74999999999999989,0.27251349999999996,-0.16606916666666657,0.075004783950619422,0.2975525,-0.014005833333333195,-0.15932561728395095,0.74999999999999989,0.48500199999999999,-0.19684388888888896,-0.31436373456790129,0.20940150000000002,0.2248555555555555,0.49814398148148048,0.74999999999999989,0.46733750000000002,0.10956944444444466,-0.16943564814814915,0.221578,-0.12948250000000014,0.39344429012345766,0.74999999999999989,0.46956700000000001,-0.018579166666667001,-0.10739922839506232,0.2364985,0.034109444444444248,0.31293456790123481
0.79999999999999993,0.25004700000000002,-0.0015244444444444578,0.044515895061726901,0.26874049999999999,0.0011433333333332734,0.010798148148147807,0.79999999999999993,0.1809325,0.0011433333333332734,-0.024189969135801851,0.26788299999999998,0.0019055555555554553,-0.020484722222221613,0.79999999999999993,0.25039,0.01429166666666635,0.16308379629629688,0.25982250000000001,-0.02972666666666678,0.14884506172839448,0.79999999999999993,0.21248850000000002,-0.00381111111111119,0.31949814814814653,0.18127550000000001,-0.020294166666666651,-0.050444290123457164,0.79999999999999993,0.30012500000000003,0.013434166666666461,-0.12386111111111259,0.28657650000000001,0.0030488888888890995,-0.05002083333333443,0.79999999999999993,0.26376700000000003,-0.1738819444444443,-0.08125077160493839,0.29669499999999999,-0.022485555555555491,-0.15652021604938376,0.79999999999999993,0.47779899999999997,-0.20246527777777781,-0.32172129629629587,0.22140650000000001,0.24829388888888868,0.39984907407407427,0.79999999999999993,0.46990999999999999,0.11042694444444441,-0.18298626543209959,0.21540399999999998,-0.10852138888888892,0.45156373456790272,0.79999999999999993,0.46785199999999999,-0.011909722222222315,-0.17748132716049234,0.23889949999999999,0.049830277777777765,0.28742129629629737
0.84999999999999998,0.25004700000000002,-0.0013338888888890204,0.015350308641974725,0.26874049999999999,0.0012386111111110469,-0.00010586419753037437,0.84999999999999998,0.1809325,0,-0.016567746913579307,0.26788299999999998,-0.00095277777777772897,-0.01217438271604885,0.84999999999999998,0.25296249999999998,0.031060555555555491,0.09189012345679326,0.25879350000000001,-0.02200916666666676,0.13296543209876552,0.84999999999999998,0.21265999999999999,0.011909722222222021,0.33495432098765426,0.178703,-0.018483888888888963,0.15604382716049386,0.84999999999999998,0.30029649999999997,0.0069552777777776333,-0.10544074074073935,0.28657650000000001,0.00038111111111109163,-0.073734413580248723,0.84999999999999998,0.25519199999999997,-0.18607750000000003,0.054996450617283088,0.295323,-0.030870000000000005,-0.13185385802469238,0.84999999999999998,0.46613699999999997,-0.22885722222222218,-0.35157500000000025,0.2344405,0.26630138888888893,0.2799578703703714,0.84999999999999998,0.47848499999999999,0.10718750000000014,-0.47167793209876602,0.21060199999999998,-0.084416111111110984,0.50777762345679101,0.84999999999999998,0.46956700000000001,-0.026296666666666659,-0.4039248456790121,0.24164350000000001,0.062597500000000042,0.2639194444444446
0.89999999999999991,0.2498755,-0.0014291666666667779,0.010586419753087545,0.26891199999999998,0.00057166666666666791,-0.0021702160493816546,0.89999999999999991,0.1809325,-0.00095277777777771314,-0.0043933641975302043,0.26754,9.5277777777772854e-05,0.005504938271604639,0.89999999999999991,0.25484899999999999,0.025629722222222439,-0.02424290123456618,0.25776450000000001,-0.01676888888888901,0.12100277777777868,0.89999999999999991,0.21368899999999999,0.028583333333333256,0.36930725308642121,0.17835999999999999,0.0013338888888888816,0.23057222222222307,0.89999999999999991,0.3006395,0.0034300000000001309,-0.078127777777776741,0.286748,-0.0046686111111112405,-0.091466666666666543,0.89999999999999991,0.24490200000000001,-0.18379083333333332,0.54610046296296244,0.29343649999999999,-0.036205555555555664,-0.098559567901234255,0.89999999999999991,0.45396049999999999,-0.2411480555555556,-0.33167253086419851,0.24833200000000002,0.27735361111111106,0.1417521604938278,0.89999999999999991,0.48328700000000002,0.057357222222222309,-0.64783595679012629,0.20682900000000001,-0.0572619444444444,0.54996450617283976,0.89999999999999991,0.46648000000000001,-0.062406944444444556,-0.44584706790123468,0.2450735,0.076222222222222177,0.23681820987654309
0.94999999999999996,0.2498755,-0.00085749999999995563,0.020114197530865772,0.26874049999999999,0.00066694444444450284,0.0010057098765443525,0.94999999999999996,0.18076100000000001,-0.00066694444444436363,0.0093160493827160601,0.26788299999999998,0.0013338888888888196,-0.0038111111111109185,0.94999999999999996,0.25536350000000002,0.021437500000000165,-0.027207098765432997,0.25707849999999999,-0.011052222222222208,0.12851913580247035,0.94999999999999996,0.21540399999999998,0.047448333333333342,0.41975154320987812,0.178703,0.020961111111111153,0.02646604938271686,0.94999999999999996,0.3006395,0.00095277777777779023,-0.079398148148148509,0.28606199999999998,-0.0099088888888888716,-0.078074845679010754,0.94999999999999996,0.235984,-0.15425472222222233,1.3912672839506177,0.29154999999999998,-0.038778055555555475,-0.097395061728394308,0.94999999999999996,0.44246999999999997,-0.2610611111111113,-0.30128950617283884,0.26256649999999998,0.27973555555555546,0.014609259259262165,0.94999999999999996,0.48328700000000002,0.023343055555555253,-0.48829861111111322,0.20477099999999998,-0.028011666666666584,0.5621388888888893,0.94999999999999996,0.462364,-0.082224722222222379,-0.28032839506172652,0.249361,0.087464999999999946,0.18801481481481538
0.99999999999999989,0.24970400000000001,0.0011433333333334603,0.020590586419753577,0.26891199999999998,0.0016197222222224181,-0.009263117283950708,0.99999999999999989,0.18076100000000001,0.0013338888888889608,-0.00042345679012422501,0.26788299999999998,-0.0005716666666666381,-0.0094219135802464399,0.99999999999999989,0.25656400000000001,0.022961944444444413,-0.01900262345679107,0.25656400000000001,-0.0038111111111110395,0.13656481481481503,0.99999999999999989,0.21797649999999999,0.073935555555555657,0.40662438271605,0.18264749999999999,0.0046686111111112613,-0.17896342592592659,0.99999999999999989,0.300811,-0.0030488888888888558,-0.11353935185185277,0.285719,-0.01305305555555532,-0.039540277777778056,0.99999999999999989,0.22380749999999999,-0.025629722222222248,1.8125009259259288,0.28983500000000001,-0.04554277777777771,-0.1046996913580253,0.99999999999999989,0.42789249999999995,-0.27821111111111108,-0.13518858024691116,0.27645799999999998,0.27735361111111162,-0.088131944444443874,0.99999999999999989,0.48448749999999996,0.0088608333333331252,-0.33463672839506103,0.20408500000000002,0.0002858333333335354,0.54816481481481361,0.99999999999999989,0.45756199999999997,-0.089465833333333147,-0.11221604938271375,0.25399149999999998,0.095182500000000073,0.13487098765432107
1.0499999999999998,0.25004700000000002,0.0021913888888889757,0.0033876543209869826,0.26908350000000003,-0.00019055555555551492,-0.018685030864198763,1.0499999999999998,0.18110400000000001,-0.00019055555555556108,-0.018579166666667962,0.26771149999999999,-0.00076222222222218283,0.0020114197530863203,1.0499999999999998,0.257936,0.020961111111111139,-0.025725000000000123,0.25673550000000001,0.0031441666666666272,0.13487098765432104,1.0499999999999998,0.22329299999999999,0.091657222222222293,0.32992577160493725,0.17973200000000003,-0.021342222222222231,0.029589043209875071,1.0499999999999998,0.30046800000000001,-0.01076638888888895,-0.13243611111111228,0.28503300000000004,-0.01886500000000001,0.078180709876541202,1.0499999999999998,0.2344405,0.085750000000000062,1.128882870370371,0.28691949999999999,-0.051068888888888907,-0.083950308641976348,1.0499999999999998,0.41365800000000003,-0.27678194444444432,0.074740123456792915,0.29034950000000004,0.2719227777777779,-0.20463549382716459,1.0499999999999998,0.48363,0.0027630555555554453,-0.39958441358024482,0.20494250000000003,0.026391944444444329,0.53704907407407121,1.0499999999999998,0.45293150000000004,-0.085083055555555245,-0.086385185185186342,0.258965,0.10051805555555564,0.087443827160491386
1.0999999999999999,0.25004700000000002,0.00095277777777778979,-0.005293209876544136,0.26891199999999998,-0.0021913888888889579,0.003017129629629529,1.0999999999999999,0.18076100000000001,-0.0020961111111112013,-0.0089455246913590653,0.26771149999999999,0.00047638888888886362,0.00031759259259257739,1.0999999999999999,0.25862200000000002,0.019627222222222272,-0.024401697530864824,0.256907,0.0095277777777778346,0.13105987654321002,1.0999999999999999,0.227409,0.10432916666666658,0.29848410493827054,0.17733099999999999,0.0059072222222220803,0.28292206790123425,1.0999999999999999,0.29978199999999999,-0.018007500000000166,-0.10586419753086405,0.28263199999999999,-0.0042875000000001757,0.16594212962962915,1.0999999999999999,0.23821349999999999,0.091466666666666752,0.2670953703703694,0.28451850000000001,-0.05316500000000008,-0.075057716049383244,1.0999999999999999,0.39993799999999996,-0.26744472222222188,0.23380108024691529,0.30406949999999999,0.25772638888888866,-0.33188425925926196,1.0999999999999999,0.48568799999999995,-0.018769722222222261,-0.67043796296295877,0.20665749999999999,0.052974444444444151,0.54191882716049278,1.0999999999999999,0.45001600000000003,-0.096611666666666721,-0.10009459876543463,0.26411000000000001,0.10385277777777746,0.041022376543207707
1.1499999999999999,0.25004700000000002,0.0011433333333332888,-0.0022231481481485493,0.268569,0.00057166666666682165,0.016779475308641219,1.1499999999999999,0.18076100000000001,-0.001619722222222368,0.011486265432098674,0.26788299999999998,-0.00019055555555554571,-0.0098453703703698468,1.1499999999999999,0.25982250000000001,0.019150833333333315,-0.036046759259260659,0.25759300000000002,0.017150000000000054,0.10814027777777706,1.1499999999999999,0.23358299999999999,0.11871611111111102,0.32563827160493847,0.1809325,0.026391944444444492,0.20029506172839526,1.1499999999999999,0.29892449999999998,-0.027630555555555613,0.021913888888890121,0.28469,0.0086702777777777507,0.060130864197531865,1.1499999999999999,0.24301550000000002,0.090609166666666574,-0.22930185185185262,0.28177449999999998,-0.057833611111111245,-0.077227932098764426,1.1499999999999999,0.38673250000000003,-0.25181916666666609,0.35628595679011993,0.31641750000000002,0.2368605555555553,-0.42747962962962943,1.1499999999999999,0.48414449999999998,-0.081557777777777354,-0.63751419753086147,0.21008749999999998,0.081938888888888728,0.52884459876543333,1.1499999999999999,0.44281300000000001,-0.099946388888889029,-0.033823611111111644,0.26942649999999996,0.10499611111111073,-0.011539197530861876
1.2,0.25021850000000001,0.00038111111111109141,0.013497685185185243,0.26908350000000003,0.0015244444444443329,-0.0024348765432114683,1.2,0.18058949999999999,-0.00066694444444456323,0.026201388888890054,0.26771149999999999,-0.0011433333333332734,-0.011327469135801897,1.2,0.26068000000000002,0.016197222222222054,-0.051767592592593538,0.25879350000000001,0.021342222222222183,0.066694444444443515,1.2,0.2392425,0.13510388888888888,0.39148580246913656,0.18110400000000001,0.027154166666666622,0.059707407407407244,1.2,0.29566599999999998,-0.014577499999999946,0.11629182098765513,0.28469,0.0014291666666667172,-0.051767592592592011,1.2,0.24850349999999999,0.059739166666666538,-0.45505725308641853,0.27868749999999998,-0.061549444444444434,-0.068229475308639639,1.2,0.37455600000000006,-0.2312391666666668,0.45775679012345116,0.32773649999999999,0.21427972222222205,-0.50915385802468927,1.2,0.47488350000000001,-0.098517222222221854,-0.31124074074074293,0.21523249999999999,0.10537722222222214,0.5175700617283977,1.2,0.4398975,-0.10042277777777786,0.041234104938272793,0.27474299999999996,0.1029952777777778,-0.067806018518513658
1.25,0.25004700000000002,0.0013338888888888812,0.049332716049382559,0.26891199999999998,-0.00047638888888911195,-0.010004166666665685,1.25,0.18058949999999999,0.0020961111111111436,0.018632098765433452,0.26771149999999999,-0.0015244444444443665,-0.008574999999999661,1.25,0.26136599999999999,0.014101111111110946,-0.070187962962962661,0.25982250000000001,0.023343055555555475,0.034935185185184854,1.25,0.24678849999999999,0.15768472222222232,0.45076975308641987,0.18316199999999999,0.033156666666666598,-0.11099861111111037,1.25,0.2975525,-0.0032394444444444233,-0.0014820987654315277,0.28451850000000001,-0.0024772222222221581,-0.063889043209877358,1.25,0.249361,0.026677777777777818,-0.26476635802468951,0.27560049999999997,-0.064979444444444173,-0.049914969135801866,1.25,0.36340849999999997,-0.20580000000000034,0.55245231481481394,0.33802650000000001,0.18712555555555568,-0.6056490740740742,1.25,0.47368300000000002,-0.10242361111111105,-0.14847453703704108,0.22037749999999998,0.13224555555555573,0.5122768518518549,1.25,0.43252299999999999,-0.095754166666666626,0.11555077160494009,0.27988799999999997,0.097564444444444828,-0.11211018518518291
1.2999999999999998,0.25021850000000001,0.0048591666666666323,0.082362345679011781,0.26891199999999998,-0.0007622222222221838,0.0033876543209903336,1.2999999999999998,0.1809325,0.0022866666666667354,-0.009316049382715616,0.26754,-0.0014291666666665928,-0.012280246913580069,1.2999999999999998,0.2622235,0.0095277777777777219,-0.093531018518518194,0.2611945,0.023914722222222139,0.022019753086420183,1.2999999999999998,0.2546775,0.18502944444444444,0.41953981481481351,0.18590599999999999,0.010480555555555644,-0.16324259259259186,1.2999999999999998,0.29686649999999998,-0.017054722222222152,-0.070876080246913012,0.28434700000000002,-0.0054308333333334567,-0.052243981481482064,1.2999999999999998,0.24953249999999999,0.024391111111111325,0.11412160493827277,0.27217050000000004,-0.067361388888888776,-0.013233024691359707,1.2999999999999998,0.35380450000000002,-0.17569222222222233,0.64116651234568023,0.346773,0.15330194444444434,-0.69198132716049587,1.2999999999999998,0.46476500000000004,-0.10537722222222258,-0.14005833333333359,0.22809499999999999,0.16302027777777814,0.38878626543209832,1.2999999999999998,0.42995050000000001,-0.084034999999999763,0.10581126543209833,0.28451850000000001,0.090990277777778086,-0.14212268518518667
1.3499999999999999,0.25021850000000001,0.013053055555555552,0.046527314814812724,0.26874049999999999,0.00057166666666691381,0.0078868827160504008,1.3499999999999999,0.1809325,0.00038111111111115316,-0.023554783950617292,0.26771149999999999,-0.0034299999999998511,-0.0050814814814821455,1.3499999999999999,0.26239499999999999,0.003525277777777688,-0.09654814814814823,0.2622235,0.024295833333333305,0.031071141975309524,1.3499999999999999,0.26582499999999998,0.2035133333333331,0.31589876543209899,0.18281900000000001,0.011528611111111231,-0.077704320987654868,1.3499999999999999,0.295323,-0.023819444444444244,0.13084814814814744,0.28400399999999998,-0.0082891666666666964,-0.01561496913580201,1.3499999999999999,0.25090450000000003,0.043256111111111294,0.39820817901234462,0.26874049999999999,-0.066980277777777861,0.035729166666665771,1.3499999999999999,0.345744,-0.14224972222222232,0.73437993827160486,0.35346149999999998,0.11633416666666634,-0.74734830246913442,1.3499999999999999,0.46322149999999995,-0.10985527777777772,-0.27260030864197182,0.23769900000000002,0.17512055555555558,0.19436666666666383,1.3499999999999999,0.42497700000000005,-0.086321666666666699,0.11496851851851604,0.2889775,0.083939722222222277,-0.18076311728395258
1.3999999999999999,0.25193350000000003,0.013719999999999684,-0.068494135802470837,0.26908350000000003,0.0003811111111112148,0.0058754629629626009,1.3999999999999999,0.1809325,-0.0011433333333332734,-0.017044135802469475,0.26702550000000003,-0.0026677777777777308,0.013550617283948713,1.3999999999999999,0.26239499999999999,0.00019055555555545222,-0.10427623456790126,0.26342399999999999,0.027821111111111171,0.025301543209876879,1.3999999999999999,0.27560049999999997,0.21199305555555548,0.2675717592592628,0.18813550000000001,0.00076222222222222197,0.030806481481479898,1.3999999999999999,0.29395100000000002,-0.0098136111111111479,0.40021959876543045,0.28331800000000001,-0.0066694444444444076,0.023448919753086123,1.3999999999999999,0.25330550000000002,0.075078888888888889,0.43134367283950481,0.2653105,-0.063264444444444443,0.075798765432099152,1.3999999999999999,0.339227,-0.10166138888888905,0.80874953703703711,0.35843499999999995,0.077937222222222158,-0.7848242283950565,1.3999999999999999,0.45516100000000004,-0.13939138888888847,-0.29731959876543251,0.2461025,0.17674027777777757,0.093425154320987761,1.3999999999999999,0.42068949999999999,-0.076984444444444619,0.19627222222222071,0.29309350000000001,0.073268611111111145,-0.22543780864197635
1.45,0.25210499999999997,0.003906388888888503,-0.14360478395061527,0.26874049999999999,0.0006669444444445333,0.009951234567901375,1.45,0.18076100000000001,-0.0015244444444444127,-0.0042345679012354724,0.26736850000000001,-0.0005716666666669137,0.0082044753086420851,1.45,0.26256649999999998,-0.0060025000000001544,-0.12259074074073983,0.26513900000000001,0.028773888888888932,-0.014132870370371123,1.45,0.28623349999999997,0.23076277777777809,0.18743256172839862,0.18179000000000001,0.0063836111111109555,0.23210725308641955,1.45,0.29343649999999999,0.015720833333333184,0.56610879629629796,0.283661,-0.008765555555555667,0.10337638888888867,1.45,0.25862200000000002,0.10080388888888901,0.13841743827160341,0.26239499999999999,-0.058500555555555479,0.099035956790123517,1.45,0.33545399999999997,-0.058405277777777986,0.82505262345679309,0.36135049999999996,0.037444166666667188,-0.80753209876542942,1.45,0.44778650000000003,-0.14415527777777781,-0.23231898148148555,0.25502049999999998,0.18179000000000009,0.045521604938273889,1.45,0.41708800000000001,-0.064693611111111257,0.24534027777777723,0.296352,0.060977777777777832,-0.26159043209876714
1.4999999999999998,0.25210499999999997,-0.0033347222222222506,-0.15397947530863756,0.26908350000000003,0.0020008333333335401,0.0035464506172833052,1.4999999999999998,0.18076100000000001,-0.0013338888888889749,0.0040757716049377819,0.26719699999999996,-0.0020008333333332625,0.0044992283950635774,1.4999999999999998,0.26188049999999996,-0.013243611111111081,-0.11787978395061575,0.266511,0.025820277777777689,-0.042610339506173482,1.4999999999999998,0.29892449999999998,0.24181500000000053,-0.089349382716051237,0.18590599999999999,0.055070555555555512,-0.064365432098765121,1.4999999999999998,0.29137849999999998,0.098898333333333546,-0.12772515432098666,0.28160299999999999,0.0033347222222221743,0.1747817901234574,1.4999999999999998,0.26462450000000004,0.097945555555555439,-0.34532901234568197,0.25947950000000003,-0.053546111111111107,0.1217967592592588,1.4999999999999998,0.33356749999999996,-0.017816944444444274,0.81261358024691654,0.36220800000000003,-0.0036205555555550925,-0.80949058641975613,1.4999999999999998,0.44126950000000004,-0.15787527777777807,-0.22332052469136002,0.26445299999999999,0.1831238888888892,-0.023819444444444948,1.4999999999999998,0.4141725,-0.050116111111111354,0.2555032407407411,0.29926750000000002,0.046876666666666518,-0.28916805555555697
1.5499999999999998,0.25210499999999997,-0.015053888888888577,-0.085326543209873984,0.26908350000000003,0.00095277777777782102,-0.0019055555555571311,1.5499999999999998,0.18058949999999999,-0.0005716666666666987,0.0023290123456792149,0.26702550000000003,-0.0011433333333330884,0.015932561728393718,1.5499999999999998,0.2611945,-0.019531944444444376,-0.084109104938270493,0.26771149999999999,0.022866666666666608,-0.041234104938271267,1.5499999999999998,0.31195850000000003,0.22371222222222231,-0.40482469135803018,0.193795,0.0011433333333332497,-0.37285370370370274,1.5499999999999998,0.31333050000000001,0.013434166666666726,-0.88888873456790074,0.28383249999999999,0.017721666666666688,0.086702777777777643,1.5499999999999998,0.2697695,0.064503055555555133,-0.76481589506172731,0.256907,-0.046305000000000103,0.14386944444444513,1.5499999999999998,0.33373900000000001,0.021723333333333612,0.81324876543209712,0.36100750000000004,-0.04478055555555558,-0.78387145061728714,1.5499999999999998,0.43218000000000001,-0.17140472222222256,-0.12004999999999762,0.27354250000000002,0.18007499999999999,-0.10538780864197768,1.5499999999999998,0.41228599999999999,-0.038873333333333489,0.25402114197531006,0.30115399999999998,0.030774722222222006,-0.29181466049382554
1.5999999999999999,0.25004700000000002,-0.015816111111110833,0.052243981481480566,0.26908350000000003,0.0014291666666666227,-0.001587962962963932,1.5999999999999999,0.18076100000000001,-0.00076222222222224398,-0.0039169753086417325,0.26702550000000003,0.00047638888888864775,0.014079938271603221,1.5999999999999999,0.25965099999999997,-0.021056388888888805,-0.06034259259259131,0.26874049999999999,0.020770555555555577,-0.022443209876543208,1.5999999999999999,0.32173400000000002,0.19341388888888847,-0.58103564814815045,0.18453399999999998,-0.029345555555555531,0.05928395061728442,1.5999999999999999,0.294294,-0.088227222222222179,0.016991203703703512,0.28451850000000001,0.012576666666666623,-0.016885339506173467,1.5999999999999999,0.27251349999999996,0.0040016666666667072,-0.80949058641974991,0.25484899999999999,-0.038587499999999858,0.15879629629629732,1.5999999999999999,0.33562550000000002,0.06288333333333318,0.8189124999999976,0.35757749999999999,-0.082891666666666697,-0.73782052469135895,1.5999999999999999,0.42343349999999996,-0.17254805555555541,0.030224228395064574,0.28263199999999999,0.17264333333333318,-0.19055555555555612,1.5999999999999999,0.41022799999999998,-0.026582500000000082,0.28101651234568126,0.30218299999999998,0.017150000000000085,-0.28302793209876254
1.6499999999999999,0.2498755,-0.0048591666666665846,0.10014753086419564,0.26925500000000002,0.0012386111111110463,-0.0078868827160494641,1.6499999999999999,0.18058949999999999,-0.002000833333333367,0.0077280864197536644,0.26719699999999996,0.00038111111111102978,0.010321759259259827,1.6499999999999999,0.25913649999999999,-0.023152499999999715,-0.07765138888888895,0.269598,0.02191388888888882,-0.024295833333333561,1.6499999999999999,0.33116649999999997,0.16187694444444403,-0.66366265432098326,0.18470549999999999,0.033156666666666702,0.11592129629629562,1.6499999999999999,0.293265,0.0020961111111110695,1.0231245370370372,0.28486149999999999,0.010194722222222029,-0.024613425925924848,1.6499999999999999,0.26925500000000002,-0.03839694444444431,-0.40884753086419789,0.25313400000000003,-0.031536944444444333,0.19007916666666638,1.6499999999999999,0.33991299999999997,0.10566305555555545,0.78275987654321,0.35260400000000003,-0.11823972222222225,-0.69303996913580346,1.6499999999999999,0.41468700000000003,-0.16711722222222195,0.16610092592592365,0.2910355,0.15997138888888882,-0.25719706790123326,1.6499999999999999,0.40937049999999997,-0.010004166666666607,0.29504351851852167,0.302869,0.003620555555555766,-0.2916558641975297
1.7,0.25004700000000002,-0.0012386111111110929,0.061983487654319887,0.26925500000000002,0.00038111111111109141,-0.0092101851851849343,1.7,0.180418,-0.00066694444444439572,0.028371604938272229,0.26702550000000003,0.00085749999999995563,0.01429166666666744,1.7,0.25759300000000002,-0.029440833333333277,-0.085908796296297538,0.27114149999999998,0.019627222222222202,-0.048750462962962988,1.7,0.33819799999999994,0.1255761111111115,-0.69404567901234182,0.193795,0.0090513888888888363,-0.23443626543210005,1.7,0.29240749999999999,0.11519083333333358,0.25894382716049591,0.28537599999999996,0.0093372222222223005,-0.0086808641975284935,1.7,0.266511,-0.038492222222222441,0.058754629629629129,0.251419,-0.01981777777777775,0.2214149691358025,1.7,0.34643000000000002,0.14367888888888899,0.69097561728395107,0.345744,-0.15253972222222248,-0.63926095679012351,1.7,0.40645500000000001,-0.15454055555555582,0.27011249999999626,0.2985815,0.14682305555555566,-0.31875709876543162,1.7,0.40937049999999997,0.0043827777777782325,0.28562160493827238,0.30269750000000001,-0.01238611111111094,-0.29430246913580349
1.7499999999999998,0.2498755,-9.5277777777788249e-05,0.040916512345678648,0.26925500000000002,9.5277777777772813e-05,-0.0070929012345681041,1.7499999999999998,0.180418,0.0022866666666667354,0.021755092592592493,0.26719699999999996,0.0024772222222221884,0.0059813271604949939,1.7499999999999998,0.25604949999999999,-0.033442499999999924,-0.064524228395062486,0.27165600000000001,0.01553027777777769,-0.048168209876542599,1.7499999999999998,0.34368600000000005,0.090132777777778117,-0.67885416666666831,0.18710649999999998,-0.036967777777777933,0.087285030864198032,1.7499999999999998,0.31213000000000002,0.099470000000000225,-1.6856756172839529,0.285719,0.010575833333333597,-0.0048697530864197447,1.7499999999999998,0.26479599999999998,-0.020865833333333406,0.31849243827160695,0.25107600000000002,-0.0067647222222221208,0.20802314814814804,1.7499999999999998,0.35449049999999999,0.17569222222222214,0.57823024691357983,0.337169,-0.18274277777777784,-0.57161373456789899,1.7499999999999998,0.3990805,-0.13834333333333379,0.33310169753086494,0.30595600000000001,0.12862500000000004,-0.38391651234568019,1.7499999999999998,0.40988500000000005,0.017816944444444646,0.28588626543209533,0.30149700000000001,-0.026296666666666552,-0.28742129629629881
1.7999999999999998,0.25004700000000002,0.00085749999999998707,0.05182052469135829,0.26925500000000002,-0.00019055555555557661,-0.0046050925925936225,1.7999999999999998,0.18076100000000001,0.0031441666666666862,-0.014132870370370929,0.26736850000000001,0.0022866666666668243,-0.014397530864197629,1.7999999999999998,0.25416300000000003,-0.03582444444444436,-0.039857870370372007,0.27251349999999996,0.014386944444444404,-0.037952314814812503,1.7999999999999998,0.34694449999999999,0.0585005555555555,-0.67440787037037231,0.18230449999999998,0.032489722222222191,0.16647145061728549,1.7999999999999998,0.3157315,-0.14834749999999991,-1.9571114197530866,0.28657650000000001,0.0096230555555556086,-0.016038425925927923,1.7999999999999998,0.26445299999999999,0.00057166666666672971,0.4056186728395082,0.25107600000000002,0.0010480555555555939,0.19071435185185082,1.7999999999999998,0.36426599999999998,0.20208416666666648,0.45738626543210037,0.3273935,-0.21037333333333305,-0.4875046296296292,1.7999999999999998,0.39256349999999995,-0.12014527777777799,0.37047175925926429,0.31161549999999999,0.10690166666666662,-0.41837530864197653,1.7999999999999998,0.41108549999999999,0.032203888888888692,0.29409074074073782,0.30012500000000003,-0.041064722222222301,-0.2769407407407436
1.8499999999999999,0.2498755,0.003620555555555524,0.077175000000001368,0.26925500000000002,-0.00047638888888898765,0.0026995370370354352,1.8499999999999999,0.1809325,0.00019055555555554568,-0.03689367283950673,0.26754,0.00028583333333331867,-0.020484722222223771,1.8499999999999999,0.25244800000000001,-0.037253611111111251,-0.015667901234569299,0.27319949999999998,0.011719166666666982,-0.025566203703702873,1.8499999999999999,0.34968850000000001,0.02486750000000006,-0.70494969135802599,0.19516699999999998,0.024772222222222348,-0.39439706790123258,1.8499999999999999,0.28657650000000001,-0.21647111111111098,-0.055684567901236749,0.286748,0.0075269444444443301,-0.0059813271604950034,1.8499999999999999,0.26479599999999998,0.02277138888888915,0.3986845679012348,0.25107600000000002,0.010385277777777794,0.20071851851851663,1.8499999999999999,0.37524199999999996,0.21761444444444453,0.40021959876543622,0.31590300000000004,-0.2324777777777777,-0.38264614197531222,1.8499999999999999,0.38707549999999996,-0.10137555555555526,0.40201929012346188,0.31658900000000001,0.085654722222222104,-0.43039089506172939,1.8499999999999999,0.41297200000000001,0.048496388888888797,0.2768878086419741,0.29738100000000001,-0.055070555555555824,-0.24496975308642133
1.8999999999999999,0.2498755,0.013529444444444651,0.013021296296297382,0.26925500000000002,-0.0010480555555558429,0.025354475308641863,1.8999999999999999,0.18076100000000001,-0.0024772222222222812,-0.022178549382716229,0.26736850000000001,-0.0013338888888890686,0.0014291666666666012,1.8999999999999999,0.25039,-0.037444166666666848,0.009263117283951414,0.27354250000000002,0.011814444444444674,-0.016144290123460279,1.8999999999999999,0.34968850000000001,-0.013815277777777905,-0.69854490740740938,0.190022,-0.05802416666666646,-0.12581959876543281,1.8999999999999999,0.28348950000000001,-0.094896666666666865,0.98808348765432152,0.28709099999999999,0.0092419444444444034,-0.0015879629629633595,1.8999999999999999,0.26685400000000004,0.042208055555555769,0.3458583333333301,0.25193350000000003,0.022294999999999846,0.18907345679012136,1.8999999999999999,0.38536049999999999,0.24219611111111161,0.35088688271605162,0.303898,-0.24857972222222258,-0.27768179012346006,1.8999999999999999,0.38227349999999999,-0.079747499999999458,0.42456836419753174,0.32019049999999999,0.063836111111110871,-0.43864830246913539,1.8999999999999999,0.41605900000000001,0.062121111111110801,0.21908595679012458,0.29446549999999999,-0.066027500000000336,-0.20431790123456686
1.9499999999999997,0.25193350000000003,0.010671111111111312,-0.13952901234568063,0.26891199999999998,0.0023819444444441681,0.031335802469139501,1.9499999999999997,0.18058949999999999,-0.0031441666666666922,0.013444753086420042,0.26719699999999996,0.0007622222222221838,0.019796604938273246,1.9499999999999997,0.24867499999999998,-0.036586666666666684,0.036787808641977483,0.27440000000000003,0.011338055555555254,-0.03329429012345992,1.9499999999999997,0.34797349999999999,-0.046495555555555679,-0.6439719135802483,0.18196150000000003,-0.02162805555555547,0.62025833333333191,1.9499999999999997,0.28297499999999998,-0.046971944444444476,0.7605813271604962,0.28777700000000001,0.0090513888888888276,-0.026518981481482417,1.9499999999999997,0.26925500000000002,0.05688083333333302,0.29567870370370092,0.25347700000000001,0.031060555555555203,0.14678070987654332,1.9499999999999997,0.40010950000000001,0.25610666666666709,0.24534027777777501,0.29086400000000001,-0.26001305555555598,-0.17573456790123351,1.9499999999999997,0.37901500000000005,-0.057357222222221844,0.42779722222221794,0.32293449999999996,0.042589166666666622,-0.45849783950617051,1.9499999999999997,0.41948899999999995,0.070029166666666587,0.16483055555555964,0.29069249999999996,-0.074983611111111195,-0.17187052469135533
1.9999999999999998,0.25193350000000003,-0.0086702777777778132,-0.149427314814817,0.26942649999999996,0.0060977777777780741,-0.044727623456786714,1.9999999999999998,0.1802465,-0.00019055555555556108,0.031018209876543402,0.26754,0.0017150000000001886,0.017361728395061747,1.9999999999999998,0.246617,-0.033633055555555354,0.060554320987654849,0.27474299999999996,0.0093372222222218911,-0.070187962962961217,1.9999999999999998,0.34540100000000001,-0.082605833333333545,-0.49639722222222266,0.18436250000000001,0.067742499999999817,0.29710787037036895,1.9999999999999998,0.2804025,-0.026773055555555304,0.44161249999999974,0.28811999999999999,0.006574166666666448,-0.052879166666666692,1.9999999999999998,0.27251349999999996,0.071172499999999694,0.25306836419753193,0.25519199999999997,0.03677722222222201,0.1067111111111142,1.9999999999999998,0.41142850000000003,0.26182333333333324,0.19246111111110817,0.27765849999999997,-0.26563444444444451,-0.0798216049382688,1.9999999999999998,0.37678550000000005,-0.03744416666666682,0.44648225308641476,0.32464949999999998,0.017816944444444597,-0.47564783950617068,1.9999999999999998,0.42309049999999998,0.076889166666666967,0.13375941358024959,0.28691949999999999,-0.08260583333333317,-0.14921558641975233
2.0499999999999998,0.25004700000000002,-0.011528611111111262,-0.037264197530864927,0.26994100000000004,0.0011433333333337391,-0.18891466049382957,2.0499999999999998,0.18058949999999999,0.0023819444444444474,0.0060871913580247232,0.26736850000000001,0.0024772222222221862,0.0097395061728379039,2.0499999999999998,0.24524500000000002,-0.02934555555555551,0.066323919753085034,0.27542899999999998,0.0050497222222222722,-0.12587253086419384,2.0499999999999998,0.33888399999999996,-0.10166138888888916,-0.25523858024691182,0.1953385,0.048401111111111027,-0.7031499999999995,2.0499999999999998,0.27971650000000003,-0.012195555555555604,0.22771388888888647,0.28846299999999997,0.0031441666666665365,-0.068388271604936393,2.0499999999999998,0.27645799999999998,0.082891666666666669,0.19849537037037232,0.25724999999999998,0.040302500000000116,0.092260648148151284,2.0499999999999998,0.42514849999999998,0.28164111111111118,0.012544907407406164,0.2642815,-0.2689691666666667,0.035887962962965224,2.0499999999999998,0.37541350000000001,-0.018388611111111505,0.54509475308641941,0.32464949999999998,-0.0060977777777775277,-0.47278950617283982,2.0499999999999998,0.427035,0.08432083333333372,0.08892592592592409,0.2824605,-0.090228055555555672,-0.11856790123456777
2.0999999999999996,0.25021850000000001,-0.0050497222222223139,-0.04975617283950564,0.26994100000000004,-0.012957777777777993,-0.3384478395061763,2.0999999999999996,0.18076100000000001,0.00019055555555554582,-0.013444753086419764,0.26771149999999999,0.0039063888888887137,-0.017943981481481467,2.0999999999999996,0.24387300000000001,-0.02763055555555562,0.083473919753085171,0.27542899999999998,-0.0032394444444442433,-0.19060848765431826,2.0999999999999996,0.33425349999999998,-0.10194722222222219,-0.12936604938271304,0.193795,-0.053831944444444446,-0.83892083333333067,2.0999999999999996,0.27954499999999999,-0.0052402777777780267,0.098877160493826458,0.28846299999999997,-0.00095277777777772745,-0.069288117283948167,2.0999999999999996,0.28091699999999997,0.091752500000000001,0.13465925925925973,0.25913649999999999,0.045161666666666926,0.09215478395061738,2.0999999999999996,0.4409265,0.27497166666666661,-0.35400987654321164,0.25039,-0.26372888888888874,0.18081604938271736,2.0999999999999996,0.37369849999999999,0.020198888888888756,0.5776479938271627,0.32396350000000002,-0.028964444444444282,-0.47294830246913805,2.0999999999999996,0.43166550000000004,0.088513055555555539,0.012544907407403225,0.27782999999999997,-0.095754166666666585,-0.064577160493825822
2.1499999999999999,0.25021850000000001,-0.0098136111111111358,-0.18933811728395011,0.26891199999999998,-0.03410944444444472,-0.46379104938271509,2.1499999999999999,0.18058949999999999,-0.0017150000000000327,0.019055555555556047,0.26805449999999997,0.00038111111111109104,-0.036470216049381228,2.1499999999999999,0.2423295,-0.022866666666666743,0.12851913580246835,0.275086,-0.012862499999999631,-0.28403364197530839,2.1499999999999999,0.32910849999999997,-0.10775916666666656,-0.13164212962962735,0.18539149999999999,-0.083272777777777529,-0.075216512345677888,2.1499999999999999,0.27954499999999999,-0.0035252777777778697,0.014715123456791353,0.28829149999999998,-0.0039063888888887146,-0.063359722222220624,2.1499999999999999,0.28589049999999999,0.095563611111111071,0.088343672839506615,0.26170900000000002,0.050687777777777852,0.066429783950615315,2.1499999999999999,0.45447500000000002,0.23590777777777752,-0.5300091049382718,0.2375275,-0.25010416666666657,0.31166419753086444,2.1499999999999999,0.3778145,0.051735833333333446,0.4057774691358032,0.32190550000000001,-0.053927222222222404,-0.45780972222222344,2.1499999999999999,0.436639,0.08146249999999966,0.0035464506172831517,0.27268500000000001,-0.097278611111110955,5.2041704279304213e-18
2.1999999999999997,0.24970400000000001,-0.024676944444444446,-0.33204305555555608,0.26668249999999999,-0.060120277777777703,-0.56785555555555378,2.1999999999999997,0.180418,0.00076222222222227683,0.067382561728395698,0.26771149999999999,-0.0023819444444443186,-0.0085749999999996454,2.1999999999999997,0.2413005,-0.013243611111111249,0.1439753086419753,0.27440000000000003,-0.028964444444444255,-0.42663271604938457,2.1999999999999997,0.32362049999999998,-0.1153813888888886,-0.13598256172839437,0.18196150000000003,-0.044589999999999824,0.49623842592592421,2.1999999999999997,0.27954499999999999,-0.0091466666666667109,0.021543364197532496,0.28811999999999999,-0.0072411111111108546,-0.054202469135802837,2.1999999999999997,0.29052099999999997,0.098231388888888882,0.083526851851853115,0.2642815,0.054022499999999911,-0.0064047839506184727,2.1999999999999997,0.46373599999999998,0.20703861111111088,-0.42996743827160255,0.22517949999999998,-0.23085805555555536,0.41096481481481434,2.1999999999999997,0.38055850000000002,0.055356388888888976,0.32288580246913307,0.31847549999999997,-0.076603333333333454,-0.40921805555555357,2.1999999999999997,0.43921149999999998,0.083272777777777696,0.074052006172842091,0.26788299999999998,-0.094229722222222187,0.040651851851851321
2.25,0.24798900000000001,-0.046305000000000103,-0.41064722222222366,0.26308100000000001,-0.090894999999999934,-0.65799891975308711,2.25,0.180418,0.0066694444444445194,0.070664351851852047,0.26754,-0.00038111111111109234,0.018420370370369386,2.25,0.24112899999999998,-0.0058119444444445292,0.11470385802469234,0.27268500000000001,-0.055642222222222169,-0.56198009259259474,2.25,0.3177895,-0.12614777777777755,-0.054308333333335283,0.18179000000000001,-0.0096230555555555774,0.64439537037036865,2.25,0.27765849999999997,9.5277777777891086e-05,0.011009876543210903,0.28760550000000001,-0.010766388888888758,-0.02096111111111329,2.25,0.29549449999999999,0.10404333333333345,0.076275154320989288,0.26736850000000001,0.051735833333333266,-0.12200848765432072,2.25,0.47419749999999999,0.19484305555555562,-0.3260617283950587,0.21437500000000001,-0.20865833333333314,0.49772052469135541,2.25,0.38244500000000003,0.072887499999999619,0.42504475308641743,0.31401649999999998,-0.094991944444444198,-0.35649768518518404,2.25,0.44401350000000001,0.09918416666666674,-0.026836574074070887,0.26342399999999999,-0.092895833333333164,0.075639969135800636
2.2999999999999998,0.2450735,-0.068504722222222536,-0.42266280864197553,0.257936,-0.12814861111111131,-0.69346342592592736,2.2999999999999998,0.18076100000000001,0.016101944444444544,-0.064418364197531455,0.26771149999999999,0.0012386111111110493,0.013656481481480806,2.2999999999999998,0.24095749999999999,-0.0023819444444444309,0.10020046296296399,0.26908350000000003,-0.088322500000000095,-0.6267689814814833,2.2999999999999998,0.310415,-0.12519500000000006,0.10660524691357855,0.18161850000000002,0.023247777777777756,0.59342175925925933,2.2999999999999998,0.28023100000000001,-0.0020008333333331875,-0.090460956790124628,0.286748,-0.0091466666666667282,0.0082044753086399722,2.2999999999999998,0.30098249999999999,0.10842611111111146,0.025142746913579147,0.2697695,0.042303333333333359,-0.27228271604938281,2.2999999999999998,0.48363,0.17959861111111144,-0.31330509259259365,0.20408500000000002,-0.1814088888888892,0.58601126543209892,2.2999999999999998,0.38707549999999996,0.10270944444444419,0.45489845679012492,0.30887150000000002,-0.11080805555555556,-0.32595586419753153,2.2999999999999998,0.45087349999999998,0.085845277777778173,-0.21310462962962951,0.25845050000000003,-0.088322500000000262,0.13651188271604861
2.3499999999999996,0.24112899999999998,-0.0904186111111112,-0.38767469135802163,0.25021850000000001,-0.16435416666666672,-0.64286033950617083,2.3499999999999996,0.183505,0.00047638888888886308,-0.19119074074074102,0.26771149999999999,0.0019055555555554556,-0.0091043209876538553,2.3499999999999996,0.24095749999999999,0.00057166666666666911,0.15075061728395134,0.26393850000000002,-0.12262250000000004,-0.59638595679012252,2.3499999999999996,0.30458400000000002,-0.11118916666666666,0.19330802469135677,0.1840195,0.047543611111111023,0.44293580246913528,2.3499999999999996,0.278173,-0.015720833333333416,-0.07601049382716131,0.286748,-0.0080986111111112456,0.0041287037037030698,2.3499999999999996,0.30664200000000003,0.10690166666666663,-0.030594753086422979,0.27165600000000001,0.027916388888888855,-0.51629969135802434,2.3499999999999996,0.492205,0.16340138888888886,-0.34342345679012687,0.19602449999999999,-0.14920499999999995,0.65884583333333524,2.3499999999999996,0.39324949999999997,0.1249091666666665,0.36824861111111246,0.30304049999999999,-0.12757694444444434,-0.29488472222222178,2.3499999999999996,0.45293150000000004,0.066122777777778016,-0.20987577160494186,0.25433449999999996,-0.078794722222222335,0.18891466049382991
2.3999999999999999,0.23581249999999998,-0.10794972222222203,-0.32706743827160295,0.24112899999999998,-0.19436666666666658,-0.5278388888888863,2.3999999999999999,0.1809325,-0.017245277777777748,-0.066535648148147844,0.26805449999999997,-9.5277777777772474e-05,-0.025619135802467791,2.3999999999999999,0.24061449999999998,0.010766388888889004,0.23417160493827141,0.25656400000000001,-0.15130111111111103,-0.49555030864197464,2.3999999999999999,0.2996105,-0.10108972222222239,0.19267283950617228,0.18367649999999999,0.10309055555555548,-0.27609382716049302,2.3999999999999999,0.27765849999999997,-0.013148333333333319,0.0021702160493827904,0.28606199999999998,-0.0089561111111111959,-0.0022760802469131884,2.3999999999999999,0.31178699999999998,0.10328111111111088,-0.051926388888889646,0.27302799999999999,-0.00066694444444447812,-0.93451620370370225,2.3999999999999999,0.49940800000000002,0.15253972222222181,-0.52254567901234505,0.18916450000000001,-0.11557194444444424,0.72871620370370283,2.3999999999999999,0.39993799999999996,0.1395819444444443,0.25830864197531112,0.29600900000000002,-0.14186861111111093,-0.23528317901234683,2.3999999999999999,0.45636150000000003,0.063073888888888638,-0.17356435185185473,0.25056149999999999,-0.068218888888888607,0.21913888888889077
2.4499999999999997,0.23032450000000002,-0.12376583333333317,-0.24364645061728465,0.2306675,-0.21847194444444418,-0.35337469135802374,2.4499999999999997,0.1802465,-0.0079080555555555085,0.093160493827160532,0.26771149999999999,-0.0024772222222220917,-0.010798148148147701,2.4499999999999997,0.24164350000000001,0.02801166666666674,0.24983950617283759,0.24833200000000002,-0.17121416666666658,-0.3974141975308656,2.4499999999999997,0.29463699999999998,-0.093372222222222287,0.21199305555555614,0.20202700000000001,0.027344722222222239,-1.0112677469135789,2.4499999999999997,0.27697250000000001,-0.012004999999999986,0.032129783950616761,0.285719,-0.0080033333333334369,-0.020484722222220805,2.4499999999999997,0.31693199999999999,0.099946388888888793,-0.055049382716047979,0.27302799999999999,-0.060977777777777596,-1.43271311728395,2.4499999999999997,0.50866899999999993,0.11843027777777787,-0.82436450617283608,0.18419100000000002,-0.076222222222222247,0.78937638888888662,2.4499999999999997,0.40731249999999997,0.14968138888888891,0.15927268518518953,0.28863450000000002,-0.15158694444444454,-0.1625544753086435,2.4499999999999997,0.45944849999999998,0.056023333333333224,-0.24481095679012421,0.24747450000000001,-0.056499722222222021,0.23957067901234472
2.5,0.22329299999999999,-0.13510388888888888,-0.1041174382716069,0.2193485,-0.23857555555555529,-0.012809567901237218,2.5,0.1802465,0.00047638888888891566,0.11327469135802498,0.26754,-0.00047638888888886633,-0.0046580246913582929,2.5,0.24387300000000001,0.038301666666666463,0.21898009259259174,0.23941400000000002,-0.18893583333333341,-0.30975864197531194,2.5,0.29017799999999999,-0.082701111111111128,0.2718592592592598,0.188307,-0.07679388888888887,-0.35506851851851845,2.5,0.27645799999999998,-0.0093372222222222918,0.052614506172839109,0.28537599999999996,-0.0098136111111110941,-0.058278240740738042,2.5,0.32139099999999998,0.10175666666666668,-0.14476929012345505,0.26822600000000002,-0.15044361111111096,-1.777565740740745,2.5,0.51244200000000006,0.061644722222222448,-0.97940262345678997,0.181447,-0.034776388888889009,0.8111314814814804,2.5,0.41502999999999995,0.15596972222222263,0.05822530864197923,0.28074549999999998,-0.15806583333333338,-0.087179166666667585,2.5,0.46253550000000004,0.039921388888888694,-0.33368395061728445,0.24490200000000001,-0.044304166666666568,0.25947314814814598
2.5499999999999998,0.2162615,-0.13510388888888905,0.063783179012344995,0.20494250000000003,-0.22266416666666689,0.38682777777777638,2.5499999999999998,0.1802465,0.0092419444444445126,0.054837654320988138,0.26788299999999998,-0.0019055555555554905,-0.013656481481481854,2.5499999999999998,0.24558799999999997,0.046686111111111005,0.23687114197531078,0.22981000000000001,-0.20846777777777833,-0.099988734567901652,2.5499999999999998,0.28606199999999998,-0.067170833333333416,0.33881836419753281,0.18522,-0.02467694444444446,0.60660185185185378,2.5499999999999998,0.276115,-0.0074316666666667565,0.075587037037037896,0.28486149999999999,-0.013719999999999677,-0.095595370370369401,2.5499999999999998,0.327565,0.093181666666666899,-0.38322839506172951,0.25845050000000003,-0.25210500000000063,-1.7849762345679068,2.5499999999999998,0.51415699999999998,0.012862499999999876,-0.98623086419753181,0.18076100000000001,0.0062883333333332335,0.80017453703703822,2.5499999999999998,0.42326200000000003,0.15511222222222296,-0.032447376543211857,0.27268500000000001,-0.16063833333333355,-0.008257407407407125,2.5499999999999998,0.46390749999999997,0.015434999999999607,-0.29816651234567665,0.24301550000000002,-0.0311558333333334,0.28874459876543046
2.5999999999999996,0.20957300000000001,-0.12862499999999999,0.25126867283950566,0.19653900000000002,-0.19141305555555563,0.64301913580246939,2.5999999999999996,0.182476,-0.002000833333333197,0.17012376543209876,0.26736850000000001,-0.00333472222222214,0.00095277777777609714,2.5999999999999996,0.24816049999999998,0.061168333333333408,0.26831280864197782,0.21763349999999998,-0.20741972222222227,0.23650061728395325,2.5999999999999996,0.28280349999999999,-0.041159999999999829,0.28006373456790207,0.18556300000000001,0.038587500000000038,0.63084475308641907,2.5999999999999996,0.27560049999999997,-0.0033347222222222285,0.11248070987654522,0.28417550000000003,-0.021437499999999814,-0.089772839506174276,2.5999999999999996,0.331681,0.064217222222222106,-0.63746126543210069,0.24284399999999998,-0.34852611111111137,-1.2728581790123432,2.5999999999999996,0.5136425,-0.034585833333333087,-1.0067155864197523,0.18213299999999999,0.045828611111110994,0.77100895061728492,2.5999999999999996,0.43063650000000003,0.15130111111111119,-0.099618209876548527,0.26445299999999999,-0.15844694444444443,0.060660185185186177,2.5999999999999996,0.46322149999999995,0.0056213888888890949,-0.17790478395061324,0.24164350000000001,-0.015244444444444628,0.31240524691357979
2.6499999999999999,0.20322750000000001,-0.11376166666666686,0.50978904320987584,0.18607750000000001,-0.15854222222222222,0.86422237654320966,2.6499999999999999,0.17973200000000003,0.0042875000000000751,0.58029459876543066,0.26736850000000001,-0.0019055555555557659,0.01630308641975187,2.6499999999999999,0.25176199999999999,0.075460000000000207,0.25947314814814987,0.20734350000000001,-0.17654972222222221,0.41811064814814841,2.6499999999999999,0.28331800000000001,-0.037444166666666522,0.19648395061728244,0.19139400000000001,0.070124444444444378,-0.018737962962963681,2.6499999999999999,0.27525749999999999,0.0083844444444446508,0.066747376543211404,0.2824605,-0.024105277777777708,-0.045839197530866328,2.6499999999999999,0.33442499999999997,0.024391111111110957,-0.782918672839506,0.22260699999999997,-0.40797944444444428,-0.12581959876543272,2.6499999999999999,0.51107000000000002,-0.088036666666666472,-1.0031162037037056,0.18539149999999999,0.084034999999999971,0.72575200617284141,2.6499999999999999,0.43835400000000002,0.145679722222222,-0.16324259259259424,0.25673550000000001,-0.15330194444444439,0.1075050925925916,2.6499999999999999,0.46407900000000002,0.0031441666666670223,-0.14127577160493859,0.24147199999999999,0.0012386111111110003,0.31182299382716144
2.6999999999999997,0.19739649999999997,-0.081462500000000229,0.82002407407407729,0.17938900000000002,-0.10232833333333348,0.98062006172839655,2.6999999999999997,0.17904600000000001,0.067170833333333221,0.66551527777777919,0.26719699999999996,-0.00066694444444453319,0.015720833333333659,2.6999999999999997,0.2557065,0.088989444444444829,0.19992453703703594,0.20031199999999999,-0.14891916666666685,0.32066265432098856,2.6999999999999997,0.27903050000000001,-0.03287083333333353,0.30028379629629592,0.195853,0.028202222222222129,-0.59871496913580369,2.6999999999999997,0.277144,0.0077175000000002702,-0.048221141975309821,0.28194600000000003,-0.028106944444444493,0.033453086419750935,2.6999999999999997,0.33442499999999997,-0.022009166666666649,-0.75025956790123549,0.19894000000000001,-0.38987666666666732,1.4826280864197561,2.6999999999999997,0.50455300000000003,-0.13720000000000007,-0.91143780864197899,0.19070799999999999,0.11852555555555573,0.6723964506172857,2.6999999999999997,0.44555699999999998,0.13519916666666679,-0.22332052469135921,0.24918950000000001,-0.14815694444444469,0.15932561728395045,2.6999999999999997,0.46407900000000002,-0.0062883333333333263,-0.15006250000000235,0.241815,0.016768888888888864,0.29091481481481646
2.7499999999999996,0.193795,-0.024486388888888808,0.99517638888889115,0.17578750000000001,-0.046876666666666733,0.8229353395061727,2.7499999999999996,0.18487699999999999,0.14282138888888882,-0.45436913580246868,0.26736850000000001,-0.0001905555555556387,0.010427623456790562,2.7499999999999996,0.26068000000000002,0.09994638888888889,0.052985030864193976,0.19448100000000001,-0.15282555555555549,0.35845617283950698,2.7499999999999996,0.27868749999999998,-0.0062883333333333203,0.38693364197530911,0.19328049999999999,-0.0053355555555556775,-0.80372098765431954,2.7499999999999996,0.27662950000000003,-0.0030488888888888475,-0.049756172839508533,0.27903050000000001,-0.021246944444444662,0.11158086419753004,2.7499999999999996,0.331681,-0.05707138888888897,-0.56891419753086381,0.1761305,-0.23095333333333326,2.4550966049382743,2.7499999999999996,0.49786450000000004,-0.18903111111111123,-0.59612129629629695,0.19722499999999998,0.15196805555555559,0.60406111111111016,2.7499999999999996,0.45224550000000002,0.11757277777777769,-0.19934228395061995,0.24164350000000001,-0.13815277777777787,0.23025462962963147,2.7499999999999996,0.463393,-0.014958611111111131,-0.1286779320987663,0.24318699999999999,0.031060555555555574,0.25386234567901339
2.7999999999999998,0.19550999999999999,0.026201388888889024,1.0138614197530866,0.17578750000000001,-0.012100277777777904,0.49862037037037021,2.7999999999999998,0.20494250000000003,0.021723333333333331,-1.509094135802467,0.26719699999999996,-0.00028583333333350331,0.012862500000002384,2.7999999999999998,0.266511,0.095182499999999837,-0.10829907407407578,0.183505,-0.12976833333333335,0.67207885802469047,2.7999999999999998,0.27885900000000002,0.013720000000000046,0.33940061728394993,0.19773949999999998,-0.075078888888888806,-0.50507808641975083,2.7999999999999998,0.276115,-0.001810277777777896,0.022919598765430853,0.27954499999999999,-0.0097183333333334416,0.06129537037037084,2.7999999999999998,0.32825099999999996,-0.080700277777777898,-0.34172962962962683,0.175959,-0.068218888888888871,1.9547824074074065,2.7999999999999998,0.48465900000000001,-0.21475611111111126,0.015403240740740976,0.20614299999999999,0.18026555555555557,0.51190632716049278,2.7999999999999998,0.45601849999999999,0.11966888888888844,-0.25148040123456789,0.23529799999999998,-0.12462333333333325,0.29843117283950799,2.7999999999999998,0.46202100000000002,-0.016006666666666693,-0.16488348765432106,0.2450735,0.042208055555555686,0.21553950617283926
2.8499999999999996,0.19671050000000001,0.07298277777777791,1.0742569444444436,0.17561599999999999,-0.00047638888888897431,0.22543780864197593,2.8499999999999996,0.18744949999999999,-0.11080805555555549,-0.75740540123456723,0.26719699999999996,0.001810277777777991,0.0026466049382746801,2.8499999999999996,0.27045550000000002,0.084130277777777526,-0.17636975308641836,0.17990349999999999,-0.0777466666666667,0.84654305555555487,2.8499999999999996,0.2804025,0.028297499999999837,0.26106111111111119,0.182476,-0.08222472222222206,0.28975030864197565,2.8499999999999996,0.276115,0.0040969444444444421,0.017679320987653357,0.27903050000000001,-0.014386944444444586,-0.0087337962962950096,2.8499999999999996,0.32293449999999996,-0.089370555555555273,-0.15382067901234275,0.17561599999999999,-0.017531111111111115,0.9812552469135799,2.8499999999999996,0.472997,-0.17826472222222223,0.40445416666666628,0.2155755,0.20189361111111104,0.43727206790123452,2.8499999999999996,0.46545099999999995,0.10099444444444429,-0.45362808641974967,0.22929550000000001,-0.11166555555555537,0.4190104938271606,2.8499999999999996,0.462364,-0.026868333333333345,-0.27048302469135771,0.24747450000000001,0.051735833333333363,0.19267283950617128
2.8999999999999999,0.20202700000000001,0.13348416666666674,1.1116270061728388,0.175959,0.0036205555555555349,0.098506635802469641,2.8999999999999999,0.18333350000000001,-0.065551111111111102,0.33484845679012215,0.26754,0.00085750000000032556,-0.019796604938271085,2.8999999999999999,0.27474299999999996,0.074793055555555557,-0.18499768518518186,0.1761305,-0.030965277777777859,0.76365138888888895,2.8999999999999999,0.28177449999999998,0.038778055555555607,0.19113780864197624,0.1857345,-0.021532777777777679,0.71913549382716002,2.8999999999999999,0.27680100000000002,0.0057166666666664846,-0.076539814814815657,0.27782999999999997,-0.015244444444444482,-0.0055049382716025608,2.8999999999999999,0.31899,-0.090323333333332922,-0.082838734567902042,0.17493,0.0043827777777778075,0.38513395061728345,2.8999999999999999,0.4666515,-0.13891500000000004,0.12327885802468926,0.22620850000000001,0.22390277777777776,0.3606263888888907,2.8999999999999999,0.46682299999999999,0.066313333333333488,-0.5056074074074054,0.2231215,-0.08070027777777769,0.50349012345678923,2.8999999999999999,0.45996300000000001,-0.04849638888888886,-0.27836990740740786,0.25021850000000001,0.061263611111110998,0.17409367283950516
2.9499999999999997,0.21025900000000003,0.18912638888888908,1.0400628086419754,0.1761305,0.0035252777777777626,0.12248487654321007,2.9499999999999997,0.18281900000000001,-0.031251111111111209,0.67313750000000028,0.26736850000000001,-0.0013338888888886988,-0.01979660493827274,2.9499999999999997,0.27800150000000001,0.065455833333333713,-0.19796604938271625,0.17750249999999998,0.003620555555555583,0.57579537037037143,2.9499999999999997,0.28434700000000002,0.047257777777777898,0.13053055555555462,0.18384800000000001,0.0021913888888890148,0.83214552469135761,2.9499999999999997,0.27765849999999997,-0.0086702777777780023,-0.080297993827159478,0.27731549999999999,-0.014101111111110828,-0.0061401234567898567,2.9499999999999997,0.31418800000000002,-0.095087222222222212,-0.073628549382717914,0.17647350000000001,0.0070505555555555079,0.10485848765432045,2.9499999999999997,0.46202100000000002,-0.15206333333333374,-0.44013040123456942,0.23821349999999999,0.24000472222222255,0.24878086419753123,2.9499999999999997,0.47111049999999999,0.048877500000000081,-0.48824567901234711,0.22174950000000002,-0.056880833333333304,0.50518395061728405,2.9499999999999997,0.456876,-0.059834444444444579,-0.18515648148148176,0.2536485,0.069648055555555463,0.14619845679012375
2.9999999999999996,0.22072049999999999,0.24581666666666649,0.81488966049382539,0.175959,0.010766388888888867,0.29933101851851834,2.9999999999999996,0.1802465,0.011528611111111023,0.65169999999999961,0.26736850000000001,-0.0027630555555553798,0.0079398148148130069,2.9999999999999996,0.28108850000000002,0.058500555555555535,-0.30838240740741035,0.177674,0.016292500000000026,0.56436203703703636,2.9999999999999996,0.286748,0.050878333333333157,0.088502469135801107,0.18419100000000002,0.045256944444444495,1.0404333333333302,2.9999999999999996,0.27525749999999999,-0.011338055555555579,0.074581327160496591,0.27662950000000003,-0.015530277777777679,-0.00042345679012683576,2.9999999999999996,0.30938599999999999,-0.098231388888888771,-0.063836111111111649,0.17561599999999999,0.0089561111111110172,0.016144290123457045,2.9999999999999996,0.45327449999999997,-0.20265583333333359,-0.66133364197530464,0.25056149999999999,0.24877027777777774,0.13365354938271426,2.9999999999999996,0.47351149999999997,0.0049544444444444002,-0.25026296296296296,0.21746200000000002,-0.033061388888888828,0.53842530864197424,2.9999999999999996,0.453789,-0.066122777777777739,-0.094642592592592209,0.25724999999999998,0.076317499999999899,0.10919891975308742
3.0499999999999998,0.2364985,0.27230388888888885,0.55075848765432067,0.1771595,0.025820277777777678,0.64667145061728448,3.0499999999999998,0.18264749999999999,0.060120277777777682,0.096706944444444734,0.26685400000000004,-9.5277777777772894e-05,0.027524691358022657,3.0499999999999998,0.283661,0.04506638888888876,-0.55462253086419933,0.17784549999999999,0.051259444444444337,0.7135246913580241,3.0499999999999998,0.28932049999999998,0.055642222222222086,0.053514351851852195,0.18281900000000001,0.16835583333333304,0.23327175925925789,3.0499999999999998,0.27560049999999997,0.0026677777777779463,0.17054722222222429,0.27577200000000002,-0.016292500000000345,0.040281327160491841,3.0499999999999998,0.30441250000000003,-0.10213777777777762,-0.039487345679014456,0.17733099999999999,0.0095277777777777531,-0.011962654320986449,3.0499999999999998,0.44075499999999995,-0.23924249999999977,-0.45796851851851478,0.2632525,0.25258138888888887,0.028106944444443952,3.0499999999999998,0.46819499999999997,0.020675277777777803,0.0084162037037046333,0.21780500000000003,0.00038111111111102826,0.50613672839506052,3.0499999999999998,0.45018750000000002,-0.068981111111111118,-0.021808024691358795,0.26136599999999999,0.08089083333333337,0.066270987654322294
3.0999999999999996,0.24833200000000002,0.289358611111111,0.46246774691358067,0.17750249999999998,0.065170000000000075,1.1585777777777786,3.0999999999999996,0.19087950000000001,0.026868333333333258,-0.47204845679012192,0.26736850000000001,0.0023819444444443186,0.0067223765432093937,3.0999999999999996,0.28760550000000001,0.002667777777777549,-0.70854907407407419,0.18230449999999998,0.094324999999999923,0.76052839506172953,3.0999999999999996,0.29240749999999999,0.057738333333333315,-0.0074634259259253712,0.2145465,0.069933888888888643,-0.5587512345678981,3.0999999999999996,0.27594350000000001,0.011433333333333627,0.1631367283950613,0.27474299999999996,-0.012481388888889127,0.091995987654322944,3.0999999999999996,0.29909600000000003,-0.10375750000000022,0.014979783950615874,0.17733099999999999,-0.0018102777777776503,0.25047469135802486,3.0999999999999996,0.428064,-0.25038999999999967,-0.15694367283950736,0.27594350000000001,0.2522002777777777,-0.086438117283949858,3.0999999999999996,0.47556949999999998,0.034014166666666783,-0.23237191358024559,0.2183195,0.019817777777777677,0.43631929012345694,3.0999999999999996,0.44641449999999999,-0.064312500000000106,-0.033717746913580829,0.265482,0.082415277777777865,0.033135493827160911
3.1499999999999999,0.26411000000000001,0.32356333333333326,0.27704660493827432,0.18110400000000001,0.15301611111111121,1.4318662037037051,3.1499999999999999,0.18710649999999998,-0.037348888888888855,-0.06801774691357905,0.26736850000000001,0.00038111111111109163,-0.011486265432098193,3.1499999999999999,0.28623349999999997,-0.071077222222222472,-0.10882839506172698,0.18762099999999998,0.13348416666666676,0.70505555555555788,3.1499999999999999,0.295323,0.055261111111111011,-0.075428240740739672,0.18676349999999997,0.020675277777777879,0.12814861111111481,3.1499999999999999,0.27680100000000002,0.019150833333333419,0.13937021604938066,0.27422849999999999,-0.0037158333333333279,0.082415277777781223,3.1499999999999999,0.29377949999999997,-0.10051805555555569,0.067647222222223927,0.17681650000000002,0.0078127777777778004,1.0633529320987638,3.1499999999999999,0.41537299999999999,-0.24962777777777781,0.066747376543206297,0.28880600000000001,0.24438750000000001,-0.2061705246913558,3.1499999999999999,0.47436899999999999,0.0012386111111113921,-0.55515185185185256,0.21969150000000001,0.040588333333333351,0.42059845679012398,3.1499999999999999,0.444185,-0.067456666666666762,-0.13190679012345655,0.269598,0.083653888888888958,0.0094219135802465336
3.1999999999999997,0.28211750000000002,0.32966111111111157,-0.13545324074074119,0.1936235,0.22952416666666708,1.2568726851851855,3.1999999999999997,0.1829905,-0.011242777777777694,0.82716990740740892,0.26736850000000001,-0.0010480555555555072,0.0069341049382712558,3.1999999999999997,0.27251349999999996,-0.011433333333333429,0.51206512345679522,0.1963675,0.16149583333333373,0.68250648148148185,3.1999999999999997,0.29806699999999997,0.049353888888888871,-0.12947191358024426,0.20682900000000001,0.12081222222222275,0.21003456790123534,3.1999999999999997,0.27800150000000001,0.024295833333333312,0.12491975308641824,0.27474299999999996,-0.0013338888888886006,0.021119907407408867,3.1999999999999997,0.2889775,-0.095373055555555475,0.093531018518521303,0.17561599999999999,0.077460833333333201,2.2787797839506201,3.1999999999999997,0.40285349999999998,-0.24095750000000041,0.22104444444444551,0.3006395,0.23047694444444489,-0.30552407407407589,3.1999999999999997,0.47574100000000002,-0.037158333333333356,-0.61570617283950957,0.22226400000000002,0.062025833333333329,0.40434830246913639,3.1999999999999997,0.44024049999999998,-0.081176666666666827,-0.15535570987654138,0.2738855,0.083653888888889014,-0.020484722222224399
3.2499999999999996,0.29841000000000001,0.30869999999999992,-0.5758483024691391,0.20494250000000003,0.28792944444444429,0.79043503086419342,3.2499999999999996,0.18281900000000001,0.064598333333333452,1.1813385802469112,0.26702550000000003,0.0013338888888888192,0.021225771604937174,3.2499999999999996,0.28537599999999996,0.045161666666666801,0.020272993827163424,0.20322750000000001,0.19693916666666667,0.71527145061728048,3.2499999999999996,0.30029649999999997,0.041826944444444764,-0.17144706790123229,0.20631450000000001,0.098898333333333185,-0.55949228395061967,3.2499999999999996,0.27920200000000001,0.029726666666666571,0.12804274691357947,0.27440000000000003,-0.004287499999999775,0.0028054012345659456,3.2499999999999996,0.28434700000000002,-0.091276111111110836,0.12031466049382789,0.17784549999999999,0.26782583333333321,2.7818993827160479,3.2499999999999996,0.39101999999999998,-0.22618944444444433,0.33331342592592972,0.31195850000000003,0.21304111111111101,-0.38894506172839982,3.2499999999999996,0.47008149999999999,-0.068123611111111204,-0.49173919753086487,0.22603699999999999,0.081367222222222202,0.38301666666666639,3.2499999999999996,0.43578149999999999,-0.089084722222222024,-0.053937808641972625,0.27800150000000001,0.082415277777777504,-0.065900462962964493
3.2999999999999998,0.31333050000000001,0.27258972222222205,-1.096594290123458,0.22294999999999998,0.32261055555555529,-0.019531944444444987,3.2999999999999998,0.183505,0.21866249999999976,-0.38063472222222261,0.26754,0.0031441666666665005,0.0010057098765431612,3.2999999999999998,0.28383249999999999,-0.010766388888888546,-0.50910092592592571,0.21523249999999999,0.2438158333333332,0.55483425925925711,3.2999999999999998,0.30235450000000003,0.032013333333333692,-0.20675277777777865,0.22037749999999998,0.026391944444444437,-0.73104521604938177,3.2999999999999998,0.2804025,0.042589166666666615,0.028001080246913283,0.274057,-0.0035252777777778697,0.028265740740738583,3.2999999999999998,0.27971650000000003,-0.084511388888888747,0.16901219135802317,0.20357049999999999,0.43465722222222197,1.7598864197530864,3.2999999999999998,0.38004399999999999,-0.2065622222222219,0.419381018518519,0.322077,0.19179416666666618,-0.47162500000000024,3.2999999999999998,0.46853800000000001,-0.087369722222222321,-0.32262114197530772,0.23032450000000002,0.10118500000000001,0.34098858024691253,3.2999999999999998,0.43115100000000001,-0.091466666666666377,0.13873503086419733,0.28228899999999996,0.077556111111110923,-0.12020879629629444
3.3499999999999996,0.32619300000000001,0.21256472222222203,-1.8736904320987648,0.23941400000000002,0.3016494444444443,-1.0852138888888863,3.3499999999999996,0.2231215,0.056118611111111112,-2.2829084876543182,0.26754,0.0015244444444443641,-0.021649228395060571,3.3499999999999996,0.28211750000000002,-0.039063888888888773,-0.50079058641975549,0.22929550000000001,0.2602036111111109,0.25629722222222256,3.3499999999999996,0.30355500000000002,0.020675277777777896,-0.23247777777778023,0.20682900000000001,-0.026963611111111008,0.0073046296296293322,3.3499999999999996,0.28434700000000002,0.03887333333333317,-0.17732253086419658,0.2738855,-9.291612618200773e-17,0.034776388888888732,3.3499999999999996,0.27577200000000002,-0.07469777777777771,0.22755509259259013,0.22878099999999998,0.46181138888888884,0.28260447530864446,3.3499999999999996,0.3702685,-0.18379083333333313,0.49263904320987351,0.33133799999999997,0.16597388888888864,-0.5518700617283897,3.3499999999999996,0.46099199999999996,-0.099184166666666615,-0.18833240740740631,0.23632700000000001,0.11709638888888874,0.26947731481481418,3.3499999999999996,0.42549150000000002,-0.072506388888888815,0.27614675925925786,0.28589049999999999,0.069743333333333393,-0.16191929012345418
3.3999999999999999,0.33682600000000001,0.099469999999999795,-2.8168874999999987,0.256907,0.20427555555555563,-1.8810479938271583,3.3999999999999999,0.19448100000000001,-0.19627222222222207,-0.83039876543209978,0.26771149999999999,-0.00057166666666663658,-0.018208641975307697,3.3999999999999999,0.2793735,-0.062883333333333513,-0.37645308641975433,0.24198649999999999,0.26077527777777759,0.10454089506173248,3.3999999999999999,0.30441250000000003,0.0089561111111111074,-0.2591555555555578,0.21043049999999999,0.055546944444444364,0.34437623456790106,3.3999999999999999,0.28520449999999997,0.018102777777777766,-0.25915555555555314,0.27422849999999999,0.0011433333333332738,0.021172839506174171,3.3999999999999999,0.27217050000000004,-0.062406944444444501,0.29795478395061403,0.25193350000000003,0.42884527777777781,-0.64603626543209536,3.3999999999999999,0.36152200000000001,-0.15749416666666671,0.5662675925925883,0.33888399999999996,0.13548500000000038,-0.60993657407406943,3.3999999999999999,0.45790500000000001,-0.097945555555555355,-0.20908179012345862,0.2423295,0.12729111111111097,0.2104050925925941,3.3999999999999999,0.42394799999999999,-0.053641388888888787,0.22697283950617178,0.28932049999999998,0.060406111111111271,-0.1862151234567887
3.4499999999999997,0.34059899999999999,-0.094515555555555839,-3.187253395061731,0.26170900000000002,0.070124444444444614,-1.7989503086419791,3.4499999999999997,0.183505,-0.091085555555555822,1.8118128086419782,0.26736850000000001,-0.00095277777777773136,-0.00074104938271599954,3.4499999999999997,0.27560049999999997,-0.075078888888888973,-0.2360242283950604,0.25502049999999998,0.26496750000000052,0.06013086419753283,3.4499999999999997,0.30458400000000002,-0.0053355555555557191,-0.28112237654321115,0.218834,0.033347222222222354,0.18213935185185157,3.4499999999999997,0.28554750000000001,0.0058119444444446463,-0.1891263888888878,0.274057,0.001143333333333397,0.021437500000001969,3.4499999999999997,0.26925500000000002,-0.044399444444444831,0.3566035493827151,0.2718275,0.37558500000000056,-1.096647222222225,3.4499999999999997,0.354319,-0.12671944444444497,0.63248564814814923,0.34488650000000004,0.10404333333333389,-0.64852407407407731,3.4499999999999997,0.45241700000000001,-0.11757277777777814,-0.27995787037037206,0.24901799999999999,0.13700944444444457,0.1683240740740756,3.4499999999999997,0.42103250000000003,-0.049544444444444363,0.16006666666666464,0.29189300000000001,0.051068888888889087,-0.20786435185185226
3.4999999999999996,0.32670749999999998,-0.27525749999999977,-2.4599663580246873,0.26068000000000002,-0.0054308333333334159,-1.0797618827160507,3.4999999999999996,0.18316199999999999,0.08098611111111105,2.5648777777777765,0.26754,0.00028583333333331699,0.0036523148148146418,3.4999999999999996,0.27165600000000001,-0.08308222222222203,-0.17255864197530749,0.268569,0.26611083333333352,0.036046759259255802,3.4999999999999996,0.303898,-0.020103611111111176,-0.28413950617283895,0.21025900000000003,0.068218888888888815,0.061348302469134065,3.4999999999999996,0.285719,-0.0027630555555553521,-0.054096604938272452,0.27422849999999999,0.0029536111111113576,0.027895216049383012,3.4999999999999996,0.26771149999999999,-0.025343888888889176,0.3864572530864212,0.28966350000000002,0.31517888888888879,-1.3680300925925966,3.4999999999999996,0.34883099999999995,-0.094229722222222256,0.69685108024691778,0.34934550000000003,0.070886666666666556,-0.68737623456790586,3.4999999999999996,0.44589999999999996,-0.13262666666666675,-0.23618302469135544,0.25604949999999999,0.14520333333333346,0.10925185185185031,3.4999999999999996,0.41880300000000004,-0.04316083333333353,0.18086898148147965,0.29446549999999999,0.040588333333333414,-0.24205848765432139
3.5499999999999998,0.30767100000000003,-0.35443333333333299,-1.3718412037037033,0.25879350000000001,-0.030107777777777917,-0.42610339506172767,3.5499999999999998,0.18710649999999998,0.30774722222222201,0.55282283950617228,0.26754,-0.00057166666666663658,0.0057166666666663745,3.5499999999999998,0.26736850000000001,-0.091371388888888849,-0.13502978395061727,0.28108850000000002,0.27535277777777761,-0.10311172839506451,3.5499999999999998,0.30252600000000002,-0.034204722222222213,-0.27514104938271627,0.22860949999999999,0.050497222222222075,-0.26047885802469167,3.5499999999999998,0.28503300000000004,-0.0031441666666665591,0.12544907407407105,0.27440000000000003,0.0040969444444446303,0.030753549382713311,3.5499999999999998,0.26668249999999999,-0.0051450000000001625,0.40032546296296606,0.30406949999999999,0.23943305555555539,-1.6085535493827161,3.5499999999999998,0.34471499999999999,-0.057547777777777531,0.7630691358024716,0.3520895,0.035252777777777591,-0.72077638888889062,3.5499999999999998,0.43886849999999999,-0.14320249999999979,-0.14577499999999888,0.26376700000000003,0.14882388888888876,0.035199845679010057,3.5499999999999998,0.41640199999999999,-0.032108611111111372,0.22347932098765519,0.29618050000000001,0.026201388888889055,-0.26249027777777839
3.5999999999999996,0.28983500000000001,-0.39092472222222213,-0.6190938271604961,0.25707849999999999,-0.032870833333333273,-0.057166666666665533,3.5999999999999996,0.229467,0.22971472222222214,-2.8870754629629598,0.26736850000000001,0.00038111111111109114,0.012915432098764749,3.5999999999999996,0.26239499999999999,-0.096897499999999873,-0.10067685185185232,0.2975525,0.25858388888888867,-0.30134243827160467,3.5999999999999996,0.30046800000000001,-0.047829444444444584,-0.25772638888888943,0.21660450000000001,0.0078127777777777328,0.024825154320987263,3.5999999999999996,0.28417550000000003,0.016006666666666409,0.17266450617283746,0.27457150000000002,0.0064788888888887034,0.020114197530861317,3.5999999999999996,0.26719699999999996,0.015149166666666826,0.40201929012345944,0.31418800000000002,0.15082472222222207,-1.7761365740740722,3.5999999999999996,0.34282849999999998,-0.016197222222221957,0.79149367283950633,0.35294700000000001,-0.002000833333333475,-0.73475046296296431,3.5999999999999996,0.4313225,-0.14710888888888882,-0.045839197530865426,0.27114149999999998,0.14777583333333302,-0.024931018518517811,3.5999999999999996,0.41554449999999998,-0.018864999999999934,0.23893549382716153,0.29703800000000002,0.012386111111111139,-0.24893966049382846
3.6499999999999999,0.26805449999999997,-0.40493055555555552,-0.12931311728395442,0.25536350000000002,-0.028392777777777628,0.12200848765432,3.6499999999999999,0.23152500000000001,-0.19455722222222208,-2.403540740740743,0.26754,0.0018102777777776824,0.0014820987654320208,3.6499999999999999,0.25759300000000002,-0.10099444444444435,-0.073469753086422215,0.30698500000000001,0.23819444444444438,-0.38963317901234368,3.6499999999999999,0.29772399999999999,-0.060596666666666778,-0.22750216049382729,0.2231215,0.072315833333333135,0.01842037037037041,3.6499999999999999,0.28709099999999999,0.028392777777777614,-0.045786265432098038,0.275086,0.0076222222222219497,-0.02403117283950609,3.6499999999999999,0.26822600000000002,0.034966944444444696,0.40276033950617257,0.31916149999999999,0.058786388888888791,-1.8748020061728372,3.6499999999999999,0.34317150000000002,0.024105277777778034,0.76767422839506061,0.35191800000000001,-0.039730833333333736,-0.7161183641975315,3.6499999999999999,0.42394799999999999,-0.14615611111111118,0.025777932098764333,0.27851599999999999,0.14596555555555552,-0.078180709876539814,3.6499999999999999,0.41468700000000003,-0.0081938888888889224,0.2476692901234564,0.29720950000000002,0.0019055555555554859,-0.24211141975308714
3.6999999999999997,0.24833200000000002,-0.39759416666666719,0.2125223765432093,0.25416300000000003,-0.020198888888889082,0.25428580246913557,3.6999999999999997,0.18762099999999998,-0.22933361111111192,1.838225925925931,0.26771149999999999,0.00057166666666663647,-0.011062808641974765,3.6999999999999997,0.25227650000000001,-0.10385277777777806,-0.050550154320989284,0.32087650000000001,0.22323583333333344,-0.53413780864197447,3.6999999999999997,0.294294,-0.070981944444444653,-0.18970864197530779,0.23135349999999999,0.013434166666666532,-0.062195216049381406,3.6999999999999997,0.28880600000000001,0.0072411111111111174,-0.21527484567901276,0.27542899999999998,0.0053355555555555075,-0.081250771604937183,3.6999999999999997,0.27062700000000001,0.055642222222222294,0.39931975308641826,0.32019049999999999,-0.036967777777777579,-1.9336625000000029,3.6999999999999997,0.34540100000000001,0.061263611111111303,0.72024706790123316,0.34883099999999995,-0.074602500000000418,-0.67371975308641774,3.6999999999999997,0.41674499999999998,-0.1442505555555558,0.09109614197531106,0.28589049999999999,0.14063000000000023,-0.14095817901234339,3.6999999999999997,0.41451549999999998,0.0059072222222220812,0.25116280864197654,0.29738100000000001,-0.010766388888888931,-0.25163919753086483
3.7499999999999996,0.22860949999999999,-0.38739944444444446,0.63042129629629839,0.25296249999999998,-0.0039063888888889288,0.38433996913580426,3.7499999999999996,0.18384800000000001,0.16387777777777771,3.0830300925925935,0.26754,0,-0.01100987654320932,3.7499999999999996,0.247303,-0.10737805555555573,-0.011327469135801084,0.33048049999999995,0.18560111111111111,-0.66842654320987405,3.7499999999999996,0.29052099999999997,-0.079080555555555473,-0.15932561728394953,0.21900549999999999,0.046019166666666757,0.15350308641975446,3.7499999999999996,0.28657650000000001,0.0027630555555553655,-0.28630972222222256,0.27594350000000001,-0.0015244444444445237,-0.10782268518518411,3.7499999999999996,0.2738855,0.075269444444444375,0.37994660493826982,0.31590300000000004,-0.13920083333333327,-1.8755959876543244,3.7499999999999996,0.34934550000000003,0.096611666666666582,0.65365848765431867,0.34437199999999996,-0.10718749999999981,-0.62528688271604704,3.7499999999999996,0.40937049999999997,-0.13862916666666628,0.18055138888889069,0.29275049999999997,0.13157861111111135,-0.19950108024691304,3.7499999999999996,0.41537299999999999,0.018102777777777825,0.23337762345679194,0.29618050000000001,-0.024295833333333308,-0.24380524691358149
3.7999999999999998,0.20854400000000001,-0.34909777777777773,1.283497530864196,0.25330550000000002,0.021532777777777956,0.45050509259259358,3.7999999999999998,0.2193485,0.31765611111111097,-0.031494598765429545,0.26771149999999999,-0.00047638888888886492,-0.0097395061728390454,3.7999999999999998,0.24112899999999998,-0.10471027777777774,0.02572500000000132,0.339227,0.15215861111111151,-0.71008410493826934,3.7999999999999998,0.28640500000000002,-0.086607499999999948,-0.1378351851851867,0.2364985,0.064217222222222384,-0.22649645061728416,3.7999999999999998,0.29052099999999997,-0.024010000000000104,-0.27429413580246848,0.27560049999999997,-0.013148333333333378,-0.0056637345678994125,3.7999999999999998,0.278173,0.093943888888888702,0.32817901234567898,0.30595600000000001,-0.23343055555555589,-1.6328493827160526,3.7999999999999998,0.35517650000000001,0.12795805555555526,0.56383271604938445,0.33802650000000001,-0.13739055555555554,-0.57055509259259407,3.7999999999999998,0.40251050000000005,-0.12567138888888865,0.26312546296295941,0.29909600000000003,0.12052638888888913,-0.25587376543209972,3.7999999999999998,0.41640199999999999,0.029059722222222351,0.21749799382716192,0.29480850000000003,-0.035348055555555792,-0.2296194444444454
3.8499999999999996,0.19087950000000001,-0.2551538888888894,1.8125538580246949,0.25536350000000002,0.044018333333333437,0.45960941358024704,3.8499999999999996,0.2337545,0.12681472222222234,-2.856057253086425,0.26754,-0.0016197222222221446,0.0023290123456787986,3.8499999999999996,0.23684150000000001,-0.10147083333333336,0.023184259259260032,0.34643000000000002,0.10652055555555601,-0.61464753086420054,3.8499999999999996,0.28177449999999998,-0.092991111111111344,-0.11396280864197665,0.23015300000000002,0.0060024999999999827,-0.31478719135802685,3.8499999999999996,0.283661,-0.039921388888888999,0.00015879629629770206,0.27319949999999998,-0.00095277777777756634,0.076539814814815837,3.8499999999999996,0.28297499999999998,0.11452388888888887,0.14376358024691518,0.29154999999999998,-0.30650861111111161,-1.2893200617283951,3.8499999999999996,0.36237949999999997,0.15387361111111139,0.47167793209876835,0.33048049999999995,-0.16416361111111147,-0.51487052469135763,3.8499999999999996,0.39685100000000001,-0.11128444444444474,0.32076851851851579,0.304927,0.10633000000000019,-0.31505185185185502,3.8499999999999996,0.41828850000000001,0.039540277777778007,0.20357685185185204,0.29275049999999997,-0.04773416666666689,-0.20431790123456639
3.8999999999999995,0.18213299999999999,-0.14196388888888894,1.8046140432098792,0.25776450000000001,0.066122777777777822,0.47919429012345544,3.8999999999999995,0.232211,-0.10785444444444459,-3.029939197530862,0.26736850000000001,0.00028583333333331699,0.0044992283950610603,3.8999999999999995,0.2316965,-0.10814027777777768,0.12809567901234623,0.34814500000000004,0.090132777777777937,-0.51809938271605482,3.8999999999999995,0.27697250000000001,-0.096802222222222387,-0.097659722222221398,0.23203950000000001,0.026010833333333233,-0.27058888888888982,3.8999999999999995,0.28400399999999998,-0.01314833333333329,0.094748456790124669,0.27594350000000001,0.0044780555555557168,-0.0097924382716071609,3.8999999999999995,0.29052099999999997,0.1156672222222222,-0.16144290123456626,0.27457150000000002,-0.36119805555555556,-0.93065216049382238,3.8999999999999995,0.37112600000000001,0.17083305555555586,0.45553364197530549,0.32156249999999997,-0.18912638888888869,-0.44960524691357745,3.8999999999999995,0.39119150000000003,-0.093943888888889174,0.37629429012345739,0.30990050000000002,0.088513055555555428,-0.36221435185185408,3.8999999999999995,0.42034650000000001,0.049639722222222356,0.18393904320987442,0.28983500000000001,-0.056309166666666605,-0.16800648148147893
3.9499999999999997,0.17784549999999999,-0.051735833333333203,1.3017591049382717,0.26170900000000002,0.092228888888888902,0.48406404320987417,3.9499999999999997,0.22037749999999998,-0.28211749999999974,-0.99591743827160262,0.26771149999999999,-0.00028583333333334951,-0.0083632716049387365,3.9499999999999997,0.22500800000000001,-0.094991944444444351,0.32929058641975201,0.35551950000000004,0.071077222222221945,-0.70209135802469602,3.9499999999999997,0.27251349999999996,-0.10604416666666677,-0.013021296296294102,0.23632700000000001,-0.012957777777777823,-0.2696361111111113,3.9499999999999997,0.28451850000000001,-0.02000833333333327,0.0086808641975313402,0.27457150000000002,-0.0051450000000002223,-0.052614506172841115,3.9499999999999997,0.29583749999999998,0.092324166666666777,-0.33765385802468889,0.25502049999999998,-0.40188166666666653,-0.48845740740740373,3.9499999999999997,0.37901500000000005,0.19493833333333307,0.49883209876542761,0.311444,-0.21037333333333319,-0.35856203703703637,3.9499999999999997,0.38707549999999996,-0.069552777777777894,0.36660771604938563,0.31384499999999999,0.068981111111110938,-0.38836280864197481,3.9499999999999997,0.42326200000000003,0.059167499999999977,0.14148749999999727,0.28709099999999999,-0.063836111111110996,-0.14154043209876394
3.9999999999999996,0.17904600000000001,-0.0061930555555554543,0.64815354938271408,0.26702550000000003,0.117382222222222,0.43335509259259092,3.9999999999999996,0.1905365,-0.20265583333333301,1.0489024691357984,0.26736850000000001,-0.0012386111111111384,-0.010321759259259794,3.9999999999999996,0.22140650000000001,-0.068409444444444481,0.39974320987654161,0.35723450000000001,0.018674444444443924,-0.86919799382716123,3.9999999999999996,0.26582499999999998,-0.10347166666666652,0.15763179012345835,0.23032450000000002,-0.032394444444444594,0.25677361111111108,3.9999999999999996,0.28177449999999998,-0.021913888888888844,0.055261111111111393,0.27474299999999996,-0.004668611111111296,-0.034511728395059775,3.9999999999999996,0.29978199999999999,0.067742500000000275,-0.24253487654320852,0.23358299999999999,-0.41979388888888841,0.1835155864197521,3.9999999999999996,0.38981949999999999,0.22942888888888832,0.38920972222222444,0.30029649999999997,-0.22618944444444433,-0.24491682098765433,3.9999999999999996,0.385189,-0.059643888888888719,0.39048009259259492,0.3167605,0.04944916666666669,-0.40837114197530761,3.9999999999999996,0.42652050000000002,0.063931388888888593,0.090725617283950191,0.28348950000000001,-0.071267777777777486,-0.10136496913580373
4.0499999999999998,0.17887450000000002,0.0014291666666664705,0.21008749999999873,0.27371400000000001,0.13719999999999968,0.34379398148148349,4.0499999999999998,0.19653900000000002,-0.048686944444444623,0.82478796296295842,0.26754,-0.0016197222222224157,-0.0068811728395048082,4.0499999999999998,0.2183195,-0.044018333333333409,0.27619969135802375,0.35689149999999997,-0.027535277777778172,-0.83690941358024418,4.0499999999999998,0.26136599999999999,-0.086798055555555434,0.25677361111111119,0.22878099999999998,0.01943666666666647,0.60040879629629895,4.0499999999999998,0.2814315,-0.012195555555555425,0.065265277777777353,0.27422849999999999,-0.0068599999999998289,-0.033876543209874384,4.0499999999999998,0.30149700000000001,0.063073888888889165,-0.038852160493828107,0.21163100000000001,-0.39692722222222204,1.1029461419753017,4.0499999999999998,0.40319649999999996,0.24257722222222225,0.13016003086420527,0.28846299999999997,-0.2341927777777775,-0.14079938271605211,4.0499999999999998,0.38021549999999998,-0.034966944444444203,0.47855910493827164,0.3188185,0.028964444444444456,-0.43780138888888959,4.0499999999999998,0.42960749999999998,0.067933055555555427,0.044515895061731127,0.27971650000000003,-0.074030833333333365,-0.060448456790126844
4.0999999999999996,0.17921749999999997,0.002381944444444234,0.05017962962963133,0.28091699999999997,0.1519680555555557,0.2462401234567928,4.0999999999999996,0.19825399999999999,-0.095277777777778169,-0.001693827160496264,0.26719699999999996,-0.0018102777777776874,-0.0027524691357992113,4.0999999999999996,0.2183195,-0.041922222222222354,0.16361311728395031,0.35397599999999996,-0.06631333333333346,-0.75438827160493471,4.0999999999999996,0.25707849999999999,-0.068599999999999925,0.19637808641975341,0.23272549999999997,0.064217222222222564,0.27535277777778117,4.0999999999999996,0.28126000000000001,-0.012671944444444425,0.058648765432097676,0.274057,-0.0078127777777775732,-0.033717746913580954,4.0999999999999996,0.30544150000000003,0.071839444444444608,0.029694907407405029,0.19122250000000002,-0.31403555555555629,2.0129018518518533,4.0999999999999996,0.41537299999999999,0.23238250000000091,0.015350308641975943,0.27680100000000002,-0.23914722222222254,-0.054308333333335429,4.0999999999999996,0.38124450000000004,-0.0034299999999998754,0.42737376543209799,0.31984750000000001,0.0051449999999998676,-0.45309876543210031,4.0999999999999996,0.4333805,0.069933888888889212,-0.017255864197530866,0.276115,-0.076603333333333676,-0.031335802469136052
4.1499999999999995,0.17921749999999997,1.5034270125132329e-16,0.080297993827162517,0.28914899999999999,0.16178166666666696,0.14566913580246563,4.1499999999999995,0.18539149999999999,-0.12376583333333369,0.30435956790123769,0.26736850000000001,-0.0019055555555551813,0.0027524691358034137,4.1499999999999995,0.214032,-0.03934972222222239,0.25238024691358152,0.35020299999999999,-0.10118499999999991,-0.68615879629629128,4.1499999999999995,0.25553500000000001,-0.067075555555555513,0.13164212962963032,0.23769900000000002,0.062025833333333606,-0.34628179012345933,4.1499999999999995,0.28023100000000001,-0.012195555555555661,0.15927268518518556,0.27354250000000002,-0.010766388888888872,-0.027101234567903212,4.1499999999999995,0.3092145,0.072696944444444481,-0.037846450617287919,0.17647350000000001,-0.16225805555555592,2.2149436728395138,4.1499999999999995,0.42497700000000005,0.24105277777777814,-0.053037962962973008,0.26445299999999999,-0.24057638888888921,0.048062345679017286,4.1499999999999995,0.381073,0.0087655555555555056,0.35850910493827054,0.31933299999999998,-0.018483888888889008,-0.42843240740740701,4.1499999999999995,0.43715350000000003,0.063073888888888832,-0.020272993827163969,0.27199899999999999,-0.077556111111111173,0.0026466049382746844
4.1999999999999993,0.17904600000000001,0.0038111111111113045,0.2847217592592578,0.29738100000000001,0.16502111111111059,0.055896296296291947,4.1999999999999993,0.18007499999999999,-0.064693611111110993,0.67562530864197523,0.26702550000000003,-0.0020961111111109003,0.01625015432098571,4.1999999999999993,0.21317449999999999,-0.016292500000000043,0.35120447530864302,0.34385749999999998,-0.13462749999999929,-0.63428533950616894,4.1999999999999993,0.25039,-0.065360555555555269,0.22829614197530748,0.2413005,0.012290833333333223,-0.63963148148148019,4.1999999999999993,0.27954499999999999,-0.0022866666666666135,0.35602129629629692,0.2728565,-0.011338055555555735,-0.0058754629629629261,4.1999999999999993,0.31298750000000003,0.067742499999999622,-0.1231729938271625,0.17698799999999998,-0.046590833333333311,1.5075591049382713,4.1999999999999993,0.4398975,0.24019527777777669,-0.31907469135802824,0.25244800000000001,-0.23533611111111052,0.1663126543209916,4.1999999999999993,0.38175900000000001,0.026582500000000064,0.37978780864197259,0.3177895,-0.038396944444444435,-0.3884686728395037,4.1999999999999993,0.43921149999999998,0.064026666666666288,0.040969444444443719,0.26822600000000002,-0.075936388888888651,0.029271450617285529
4.25,0.17904600000000001,0.021437499999999877,0.64862993827160254,0.30526999999999999,0.17130944444444374,-0.11041635802468595,4.25,0.18058949999999999,-0.023343055555555558,0.5428716049382708,0.26702550000000003,-9.5277777777742049e-05,0.024931018518516188,4.25,0.21283149999999998,0.0011433333333334527,0.36930725308642082,0.33648300000000003,-0.16406833333333271,-0.59575077160494372,4.25,0.24781750000000002,-0.044399444444444415,0.32812608024690998,0.238728,-0.034681111111110989,-0.29038549382715978,4.25,0.27920200000000001,0.026677777777777936,0.44500015432098738,0.27234199999999997,-0.010671111111111084,0.0032288580246933418,4.25,0.31607449999999998,0.059167499999999623,-0.19150833333333075,0.175959,-0.010289999999999785,0.70722577160493794,4.25,0.45104499999999997,0.20398972222222164,-0.48612839506171729,0.24061449999999998,-0.22323583333333272,0.27275910493826644,4.25,0.38347400000000004,0.047448333333333044,0.39333842592592405,0.31538849999999996,-0.056023333333333168,-0.36713703703703654,4.25,0.44315599999999999,0.07155361111111086,0.027048302469140282,0.26445299999999999,-0.074507222222222003,0.054414197530862213
4.2999999999999998,0.18007499999999999,0.065455833333333296,1.0779621913580282,0.31538849999999996,0.15978083333333368,-0.37438873456789334,4.2999999999999998,0.17921749999999997,-0.0060977777777776812,0.26545447530864302,0.26702550000000003,0.0017149999999999171,0.011221604938270562,4.2999999999999998,0.21334600000000001,0.019722500000000257,0.3878864197530873,0.3273935,-0.19198472222222263,-0.58214722222223136,4.2999999999999998,0.24593099999999998,-0.022866666666666809,0.27657021604938209,0.234955,-0.026010833333333414,0.2583615740740744,4.2999999999999998,0.28194600000000003,0.054689444444444617,0.2465577160493847,0.2718275,-0.010289999999999761,-0.0025407407407403259,4.2999999999999998,0.31899,0.048210555555555624,-0.24539320987654123,0.17664500000000002,0.00019055555555557964,0.37550030864197453,4.2999999999999998,0.45944849999999998,0.17940805555555631,-0.43028503086419029,0.22998150000000001,-0.20684805555555577,0.35739753086419129,4.2999999999999998,0.38656099999999999,0.068314166666666579,0.36660771604938464,0.31230150000000001,-0.074888333333333432,-0.34871666666666862,4.2999999999999998,0.44692899999999997,0.069743333333333671,-0.045098148148143065,0.26068000000000002,-0.071077222222222389,0.090619753086418106
4.3499999999999996,0.18470549999999999,0.13176916666666691,1.4174686728395107,0.32224849999999999,0.12862500000000077,-0.54705324074074102,4.3499999999999996,0.180418,-0.0039063888888886816,0.080562654320986304,0.26736850000000001,0.00076222222222218424,0.00037052469135784045,4.3499999999999996,0.21471800000000002,0.03877805555555567,0.40350138888888892,0.3177895,-0.22628472222222293,-0.48999243827160605,4.3499999999999996,0.246617,-0.01715000000000004,0.22406157407407448,0.234955,0.0091466666666666693,0.44558240740741012,4.3499999999999996,0.28451850000000001,0.076698611111111439,-0.37137160493827309,0.27131300000000003,-0.010861666666666622,-0.0027524691358036027,4.3499999999999996,0.321048,0.034014166666666658,-0.28249861111111146,0.1761305,0.0062883333333333194,0.56457376543209847,4.3499999999999996,0.46870950000000006,0.16073361111111187,-0.35395694444444881,0.219863,-0.1877925000000005,0.44473549382716021,4.3499999999999996,0.39050550000000001,0.085273611111111189,0.30600046296296329,0.30784249999999996,-0.092324166666666874,-0.30552407407407306,4.3499999999999996,0.45018750000000002,0.065932222222222892,-0.10851080246913743,0.25724999999999998,-0.065360555555555658,0.1277780864197543
4.3999999999999995,0.19207999999999997,0.21980583333333373,1.4579087962962927,0.32790800000000003,0.099851111111111515,-0.61824691358025319,4.3999999999999995,0.17887450000000002,-0.0050497222222223,0.047321296296293731,0.26702550000000003,0.00076222222222218229,0.0053461419753082912,4.3999999999999995,0.216776,0.064312500000000147,0.3365952160493812,0.30406949999999999,-0.24715055555555601,-0.28821527777776873,4.3999999999999995,0.2440445,-0.010194722222222324,0.32547947530864274,0.23564099999999999,0.044875833333333476,0.10999290123456817,4.3999999999999995,0.29480850000000003,0.008860833333333467,-0.78328919753086768,0.2707985,-0.011147500000000019,0.017732253086419434,4.3999999999999995,0.32241999999999998,0.018960277777777656,-0.29858996913580133,0.17681650000000002,0.032299166666666733,1.2539614197530855,4.3999999999999995,0.47539800000000004,0.14539388888888891,-0.31833364197531794,0.21094499999999999,-0.16292500000000035,0.54043672839506707,4.3999999999999995,0.39513599999999999,0.099469999999999933,0.23131327160493587,0.302869,-0.10575833333333322,-0.25433873456789757,4.3999999999999995,0.45361750000000006,0.058595833333333382,-0.16260740740741311,0.25416300000000003,-0.058976944444444353,0.17414660493827272
4.4499999999999993,0.2070005,0.29936277777777698,1.0420212962962876,0.33236700000000002,0.067551944444444192,-0.68398858024691533,4.4499999999999993,0.17956049999999998,0.00019055555555529176,0.049120987654320568,0.26736850000000001,0.0020008333333332204,-0.00031759259259268581,4.4499999999999993,0.22174950000000002,0.078318333333333198,0.16356018518518234,0.292236,-0.2515333333333325,-0.14291666666665878,4.4499999999999993,0.24421599999999999,0.020008333333333257,0.3594089506172839,0.241815,0.034871666666666558,-0.48406404320987412,4.4499999999999993,0.28503300000000004,-0.052021666666666466,-0.29282037037037195,0.27045550000000002,-0.01419638888888876,0.11671527777777653,4.4499999999999993,0.32293449999999996,0.0037158333333335313,-0.30425370370370081,0.17578750000000001,0.12776749999999973,1.9700268518518413,4.4499999999999993,0.48242950000000001,0.14024888888888812,-0.47697114197531021,0.203399,-0.13348416666666638,0.62819814814815045,4.4499999999999993,0.40062399999999998,0.1095694444444439,0.14551033950617323,0.29720950000000002,-0.11738222222222178,-0.20664691358024459,4.4499999999999993,0.45618999999999998,0.048782222222221922,-0.19166712962963114,0.25107600000000002,-0.047638888888888842,0.21114614197530746
4.5,0.22432199999999999,0.33232888888888795,0.4191692901234636,0.3349395,0.030965277777777755,-0.74983611111110937,4.5,0.17921749999999997,0.00028583333333323351,0.043880709876545215,0.26736850000000001,0.00085749999999995476,-0.0083632716049382161,4.5,0.22535100000000002,0.077174999999999744,0.05997206790123466,0.27920200000000001,-0.25772638888888794,-0.070929012345684689,4.5,0.247303,0.030679444444444481,0.30536527777777828,0.2423295,-0.03229916666666649,-0.54520061728394786,4.5,0.28434700000000002,-0.022199722222222367,0.27238858024690915,0.26822600000000002,0.00200083333333322,0.17584043209876335,4.5,0.32276300000000002,-0.011147499999999672,-0.31219351851851912,0.18727800000000003,0.26649194444444346,1.9546236111111106,4.5,0.49151899999999998,0.10042277777777746,-0.66477422839505451,0.19739649999999997,-0.099374722222221934,0.69494552469135551,4.5,0.40662649999999995,0.1106174999999998,0.12243194444445145,0.2910355,-0.12643361111111068,-0.15689074074074352,4.5,0.45859100000000003,0.037348888888888855,-0.18494475308641925,0.249361,-0.035443333333333292,0.20691157407407165
4.5499999999999998,0.2413005,0.33671166666666724,-0.15223271604937208,0.33528250000000004,-0.0054308333333333049,-0.86946265432099035,4.5499999999999998,0.17921749999999997,0.0058119444444445266,0.012068518518520971,0.26736850000000001,0.00095277777777770056,-0.012439043209876835,4.5499999999999998,0.22929550000000001,0.078794722222222155,0.070770216049384146,0.26616800000000002,-0.25839333333333364,-0.013497685185194709,4.5499999999999998,0.24696000000000001,0.046400277777777867,0.30028379629629726,0.23564099999999999,-0.049353888888888864,-0.034194135802470126,4.5499999999999998,0.28331800000000001,0.005907222222221971,0.32547947530864252,0.2707985,0.014386944444444329,0.050973611111111046,4.5499999999999998,0.32190550000000001,-0.027535277777777842,-0.31568703703704043,0.20528549999999998,0.35462388888888935,1.28349753086421,4.5499999999999998,0.49306250000000001,0.05230750000000025,-0.50968317901234317,0.19328049999999999,-0.061644722222222177,0.71251898148148041,4.5499999999999998,0.41125699999999998,0.11823972222222286,0.1591668209876603,0.28451850000000001,-0.13367472222222226,-0.095754166666671955,4.5499999999999998,0.45962000000000003,0.03039361111111091,-0.17933395061728352,0.24781750000000002,-0.027440000000000211,0.20892299382715906
4.5999999999999996,0.258965,0.31355916666666761,-0.63412654320987827,0.33459650000000002,-0.049258611111111406,-1.0919362654321021,4.5999999999999996,0.18007499999999999,0.0051450000000002015,-0.069393981481480807,0.26754,-0.00028583333333341202,-0.015562037037037402,4.5999999999999996,0.23341149999999999,0.078318333333333323,0.18827947530864328,0.25330550000000002,-0.25772638888888949,0.036205555555553444,4.5999999999999996,0.25159049999999999,0.065551111111111254,0.20892299382715943,0.23546950000000003,-0.027249444444444413,0.3693601851851846,4.5999999999999996,0.28606199999999998,0.019531944444444293,0.1630308641975334,0.27096999999999999,0.0057166666666666919,-0.046262654320989048,4.5999999999999996,0.320019,-0.043827777777777903,-0.29504351851852068,0.22500800000000001,0.39349722222222322,0.54864120370370462,4.5999999999999996,0.49374850000000003,0.050878333333333421,-0.39233271604938375,0.19139400000000001,-0.026487222222222301,0.69531604938271674,4.5999999999999996,0.41811700000000002,0.13100694444444519,0.11925601851851601,0.27748700000000004,-0.13672361111111145,-0.022760802469137763,4.5999999999999996,0.46167799999999998,0.022580833333333241,-0.22469675925925722,0.24644549999999998,-0.016578333333333615,0.24200555555555722
4.6499999999999995,0.27354250000000002,0.26887388888888936,-0.97733827160494957,0.331681,-0.11690583333333367,-1.2373936728395034,4.6499999999999995,0.180418,-0.0060977777777776023,-0.043192592592593372,0.26736850000000001,-0.0017150000000001947,0.0012174382716058996,4.6499999999999995,0.23581249999999998,0.10042277777777793,0.2505805555555542,0.24078600000000003,-0.260489444444445,0.20362978395062384,4.6499999999999995,0.25450600000000001,0.067742499999999969,0.11449212962962611,0.23289700000000002,0.0021913888888886747,0.47533024691357956,4.6499999999999995,0.28623349999999997,0.01362472222222238,0.09109614197531031,0.27131300000000003,-0.0021913888888891431,0.052296913580245741,4.6499999999999995,0.31744650000000002,-0.058310000000000251,-0.24751049382715976,0.24575949999999999,0.39930916666666721,-0.0092631172839629291,4.6499999999999995,0.498722,0.039159166666666634,-0.70574367283950767,0.19070799999999999,0.0072411111111110238,0.68451790123456968,4.6499999999999995,0.42497700000000005,0.13300777777777795,0.02339598765431285,0.27062700000000001,-0.13519916666666701,0.037581790123460052,4.6499999999999995,0.462364,0.006574166666666853,-0.24809274691357855,0.24593099999999998,-0.0019055555555555794,0.25354475308642244
4.6999999999999993,0.286748,0.20618111111111045,-1.0961179012345716,0.3232775,-0.18979333333333279,-1.0554131172839434,4.6999999999999993,0.17904600000000001,-0.0081938888888887507,0.14910972222222027,0.26719699999999996,-0.00019055555555554538,0.017838117283952747,4.6999999999999993,0.24387300000000001,0.11509555555555519,0.10178842592592384,0.22638,-0.24457805555555504,0.494703395061733,4.6999999999999993,0.25810749999999999,0.073268611111110618,0.079768672839505228,0.23529799999999998,0.035919722222221957,0.24772222222222229,4.6999999999999993,0.28640500000000002,0.015244444444444588,0.11443919753086251,0.26942649999999996,0.011147499999999666,0.15260324074074227,4.6999999999999993,0.31401649999999998,-0.06907638888888884,-0.1867973765432068,0.26565349999999999,0.38492222222222111,-0.38238148148148882,4.6999999999999993,0.50060850000000001,-0.022866666666666698,-0.96463456790123026,0.19207999999999997,0.041445833333333425,0.67848364197530786,4.6999999999999993,0.43149399999999999,0.13215027777777721,-0.061030709876547358,0.26393850000000002,-0.13205499999999981,0.082997530864201599,4.6999999999999993,0.46202100000000002,-0.0046686111111108848,-0.22819027777777748,0.24644549999999998,0.010099444444444555,0.24020586419753087
4.75,0.29395100000000002,0.14691833333333273,-0.95766870370369828,0.31110100000000002,-0.23238249999999941,-0.66920993827160868,4.75,0.17853150000000001,0.0079080555555554374,0.38746296296296157,0.26736850000000001,0.0011433333333335466,0.015466759259259463,4.75,0.24850349999999999,0.10880722222222179,-0.029631388888883919,0.21523249999999999,-0.20694333333333279,0.69734864197530333,4.75,0.26188049999999996,0.076222222222221941,0.043076141975313509,0.2385565,0.03115583333333331,-0.069531604938269334,4.75,0.28777700000000001,0.03877805555555535,-0.081928302469135433,0.27251349999999996,0.024295833333333395,0.064217222222226103,4.75,0.310415,-0.076603333333333093,-0.13123984567901217,0.28469,0.35786333333333231,-0.6538702160493729,4.75,0.49580649999999998,-0.077746666666666395,-0.84136629629629411,0.19482400000000002,0.07565055555555561,0.65720493827160376,4.75,0.43835400000000002,0.126719444444444,-0.14017478395061364,0.25742149999999997,-0.12776749999999956,0.13979367283950486,4.75,0.46184950000000002,-0.015244444444444291,-0.21501018518518736,0.24696000000000001,0.021532777777777762,0.22980999999999918
4.7999999999999998,0.30029649999999997,0.10890250000000008,-0.76178288580246523,0.29892449999999998,-0.25067583333333382,-0.37340419753087079,4.7999999999999998,0.17956049999999998,0.036300833333333393,0.53482592592592837,0.26736850000000001,0.0016197222222222333,0.0058278240740727546,4.7999999999999998,0.25433449999999996,0.10718750000000042,-0.076825648148142592,0.205457,-0.16387777777777798,0.6816172222222181,4.7999999999999998,0.26582499999999998,0.077841944444444783,0.0074316666666713093,0.23907100000000001,0.013243611111111114,-0.11651942901234537,4.7999999999999998,0.29240749999999999,0.019150833333333554,-0.3509874537037041,0.27302799999999999,0.017531111111111424,-0.038741003086418362,4.7999999999999998,0.30629899999999999,-0.082224722222222324,-0.07713265432098855,0.30201149999999999,0.31727500000000053,-0.84911026234567044,4.7999999999999998,0.49203350000000001,-0.11604833333333335,-0.49944611111111481,0.19962600000000003,0.10947416666666676,0.58926658950617472,4.7999999999999998,0.44435649999999999,0.11700111111111126,-0.19146069444444069,0.25090450000000003,-0.11852555555555556,0.20032152777777382,4.7999999999999998,0.46064900000000003,-0.027058888888889038,-0.18256280864197874,0.24850349999999999,0.033918888888888866,0.20237529320987782
4.8499999999999996,0.30475550000000001,0.075269444444444625,-0.63063831790123415,0.28589049999999999,-0.26163277777777832,-0.23656413580246607,4.8499999999999996,0.1829905,0.054689444444444756,0.72935138888888995,0.26754,0.0016197222222221737,-0.0043245524691364915,4.8499999999999996,0.25947950000000003,0.099946388888889445,-0.085972314814815973,0.19945450000000001,-0.13138805555555591,0.50690953703703812,4.8499999999999996,0.2697695,0.076793888888889369,-0.026190802469137284,0.2385565,0.014386944444444397,-0.052556280864197356,4.8499999999999996,0.29034950000000004,-0.013338888888888801,-0.32334631172839895,0.2738855,0.015244444444444706,-0.059638595679014618,4.8499999999999996,0.30201149999999999,-0.083939722222222179,-0.031949814814813758,0.3167605,0.26801638888888951,-0.92443263888889193,4.8499999999999996,0.48328700000000002,-0.13110222222222254,-0.081398981481481211,0.20614299999999999,0.13605666666666691,0.48763695987654282,4.8499999999999996,0.45001600000000003,0.10699694444444463,-0.22148378086419798,0.24541650000000001,-0.10575833333333366,0.22350578703703636,4.8499999999999996,0.45893400000000001,-0.035062222222222529,-0.12798981481481525,0.25056149999999999,0.042493888888889018,0.1618610648148163
4.8999999999999995,0.30784249999999996,0.046076333333333462,-0.52124884259259263,0.2728565,-0.27171316666666684,-0.18039259259257814,4.8999999999999995,0.18196150000000003,0.11976416666666689,0.70419805555554882,0.26754,0.0012576666666666042,-0.014847453703703417,4.8999999999999995,0.26411000000000001,0.097583500000000226,-0.06894935185185827,0.193109,-0.11610550000000026,0.3725361111111179,4.8999999999999995,0.27354250000000002,0.074774000000000132,-0.04849638888889559,0.24061449999999998,0.015092000000000097,-0.084146157407408828,4.8999999999999995,0.28949200000000003,-0.01960816666666701,-0.16459236111111294,0.27457150000000002,0.011547666666666659,-0.067059675925929749,4.8999999999999995,0.29789550000000004,-0.084835333333333374,-0.0012703703703660588,0.32893699999999998,0.21923416666666695,-0.88120828703704734,4.8999999999999995,0.4772845,-0.11416183333333345,0.1331983333333395,0.21334600000000001,0.15778000000000023,0.39621263888888042,4.8999999999999995,0.45533249999999997,0.093067333333333377,-0.21296171296296562,0.24044300000000002,-0.095182500000000281,0.22417273148148653,4.8999999999999995,0.456876,-0.038015833333333603,-0.10721925925925442,0.25279099999999999,0.049506333333333562,0.13242023148148033
4.9499999999999993,0.30904300000000001,0.022819027777778,-0.41778776234567766,0.25862200000000002,-0.28002138888888778,-0.1337223611110874,4.9499999999999993,0.196882,0.15168222222222141,0.23335115740739573,0.26771149999999999,0.00014291666666665912,-0.025052762345677587,4.9499999999999993,0.26925500000000002,0.09442027777777752,-0.074808935185194061,0.18762099999999998,-0.098993611111110699,0.31676685185186171,4.9499999999999993,0.27731549999999999,0.071458333333332916,-0.06138535493827945,0.24078600000000003,0.0058595833333332488,-0.1138622376543247,4.9499999999999993,0.28829149999999998,-0.023676527777778022,-0.078620046296294058,0.275086,0.008336805555555311,-0.061708240740743443,4.9499999999999993,0.29343649999999999,-0.083844444444444069,0.02377180555556475,0.33836949999999999,0.17659736111111057,-0.77111481481482491,4.9499999999999993,0.47248250000000003,-0.10575833333333289,0.13454280864198323,0.2220925,0.17526347222222152,0.31264344135800753,4.9499999999999993,0.4591055,0.083129861111111036,-0.15896567901234937,0.23581249999999998,-0.083320416666666425,0.22025046296297177,4.9499999999999993,0.45533249999999997,-0.043637222222222015,-0.12237901234566871,0.25553500000000001,0.055499305555555579,0.10716632716048907
5,0.30904300000000001,0.0087655555555556843,-0.33879719135802283,0.24438750000000001,-0.28335611111110853,-0.096294074074045999,5,0.20082649999999999,0.12214611111110996,-0.21246944444445015,0.26754,-0.0017149999999998868,-0.032193302469133503,5,0.27354250000000002,0.089942222222221424,-0.081367222222231736,0.18384800000000001,-0.085940555555554479,0.28157759259260279,5,0.28057399999999999,0.06802833333333258,-0.066525061728402099,0.24061449999999998,0.00057166666666619325,-0.11663058641975831,5,0.28709099999999999,-0.0236288888888888,-0.024359351851846994,0.27525749999999999,0.0055261111111108464,-0.058976944444445546,5,0.28949200000000003,-0.081367222222221092,0.039190925925938168,0.34471499999999999,0.14710888888888771,-0.66964398148148907,5,0.46733750000000002,-0.10232833333333245,0.1057159876543292,0.2316965,0.18560111111110933,0.25116280864195345,5,0.46305000000000002,0.079652222222221791,-0.10987645061728897,0.23255400000000001,-0.07317333333333241,0.21104027777778808,5,0.45241700000000001,-0.05125944444444349,-0.1383645061728252,0.25862200000000002,0.059262777777777408,0.088788302469128555
